,0,1,2,3,4,5,6,7,8
0,0.0,9.039339231595733e-06,0.0,0.0,0.0,0.0,0.0,6.45668538386183e-07,0.0
1,0.0,3.873972617986138e-06,0.0,0.0,0.0,0.0,0.0,7.747991355366101e-06,0.0
2,0.0,-1.2913125773456996e-06,0.0,0.0,0.0,0.0,0.0,5.8110632499543e-06,0.0
3,0.0,1.2913823142673685e-06,0.0,0.0,0.0,0.0,0.0,-1.614174939399763e-05,0.0
4,0.0,-3.2283570063734267e-06,0.0,0.0,0.0,0.0,0.0,9.039431735800911e-06,0.0
5,0.0,1.0976348740582171e-05,0.0,0.0,0.0,0.0,0.0,-6.4567369471236836e-06,0.0
6,0.0,-7.748061465593255e-06,0.0,0.0,0.0,0.0,0.0,6.456829910287321e-06,0.0
7,0.0,1.0330756358802227e-05,0.0,0.0,0.0,0.0,0.0,-1.2913473907350235e-05,0.0
8,0.0,-1.4204728982325525e-05,0.0,0.0,0.0,0.0,0.0,6.4566904851972634e-06,0.0
9,0.0,-2.3243952137441618e-05,0.0,0.0,0.0,0.0,0.0,-1.291486860380879e-06,0.0
10,0.0,3.0346281773890178e-05,0.0,0.0,0.0,0.0,0.0,-4.519576414142809e-06,0.0
11,0.0,-1.2913125845195257e-06,0.0,0.0,0.0,0.0,0.0,2.130718543983304e-05,0.0
12,0.0,-2.1307361085900293e-05,0.0,0.0,-2.3889735654500575e-05,0.0,0.0,-1.2267893152060055e-05,0.0
13,0.0,1.9370525829405082e-05,0.0,0.0,-2.9055084890682387e-05,0.0,0.0,-8.393479132755433e-06,0.0
14,0.0,5.810668390286007e-06,0.0,0.0,2.324406794206427e-05,0.0,0.0,1.2915798022481796e-06,0.0
15,0.0,-1.7432934933598732e-05,0.0,0.0,-5.8110170297934674e-05,0.0,0.0,1.93637028711628e-06,0.0
16,0.0,1.2913497796932337e-05,0.0,0.0,5.81101709621789e-06,0.0,0.0,-1.937007151947891e-05,0.0
17,0.0,3.873879650486717e-06,0.0,0.0,5.2299153201716967e-05,0.0,0.0,1.5496401251365835e-05,0.0
18,0.0,-4.3905255860942636e-05,0.0,0.0,-3.4866102001649146e-05,0.0,0.0,-9.297626893649963e-11,0.0
19,0.0,0.0001536698786242193,0.0,0.0,2.324406806014052e-05,0.0,0.0,4.519576415781778e-06,0.0
20,0.0,-0.00021565532690572166,0.0,0.0,-2.3244068060140507e-05,0.0,0.0,3.228554433467685e-06,0.0
21,0.0,0.00012009606027625028,0.0,0.0,4.6488135884135866e-05,0.0,0.0,6.456736955304213e-07,0.0
22,0.0,-1.4205809496296313e-05,0.0,0.0,-6.973220418041964e-05,0.0,0.0,-1.872402590740775e-05,0.0
23,0.0,-6.455586732905327e-06,0.0,0.0,2.9055085333471963e-05,0.0,0.0,6.455714263861471e-06,0.0
24,0.0,-4.520215680342873e-06,0.0,0.0,5.811017022397512e-06,0.0,0.0,7.748130878745232e-06,0.0
25,0.0,8.393560873322406e-06,0.0,0.0,1.7433050978672178e-05,0.0,0.0,1.678830635589109e-05,0.0
26,0.0,-6.455807451942892e-07,0.0,0.0,-5.229915333454068e-05,0.0,0.0,-3.2287403565240868e-06,0.0
27,0.0,3.486582308253427e-05,0.0,0.0,2.9055085333471272e-05,0.0,0.0,-2.1952580255700072e-05,0.0
28,0.0,-8.522868831046935e-05,0.0,0.0,1.162203403004532e-05,0.0,0.0,1.226696345815741e-05,0.0
29,0.0,4.713447335223933e-05,0.0,0.0,2.371692252312041e-19,0.0,0.0,-7.747572981803177e-06,0.0
30,0.0,-1.226820779118813e-05,0.0,0.0,0.0,0.0,0.0,1.9374859581032065e-06,0.0
31,0.0,2.0662826011990584e-05,0.0,0.0,1.7433050934415838e-05,0.0,0.0,-1.0331011608484181e-05,0.0
32,0.0,-2.5837638880376235e-06,0.0,0.0,2.3244067705965535e-05,0.0,0.0,1.0330360789351077e-05,0.0
33,0.0,-3.3574174010244914e-05,0.0,0.0,-3.4866101647474686e-05,0.0,0.0,5.81171409365703e-06,0.0
34,0.0,2.77634242725636e-05,0.0,0.0,5.811016978117638e-06,0.0,0.0,-2.5830201908691933e-06,0.0
35,0.0,4.261350082948938e-05,0.0,0.0,-6.392118757127103e-05,0.0,0.0,6.462315547781725e-07,0.0
36,0.0,-3.938515543980647e-05,0.0,0.0,1.7433051332947408e-05,0.0,0.0,-1.033105809662137e-05,0.0
37,0.0,-5.81090706795902e-11,0.0,0.0,-5.811017096216901e-06,0.0,0.0,1.9362307965011527e-06,0.0
38,0.0,1.9368235879201454e-06,0.0,0.0,2.905508533347233e-05,0.0,0.0,6.458596546212356e-07,0.0
39,0.0,-3.873519392993568e-06,0.0,0.0,1.1622034030044832e-05,0.0,0.0,9.6858492529513e-06,0.0
40,0.0,1.5496494732772983e-05,0.0,0.0,1.1622033971023604e-05,0.0,0.0,-1.9376254175990912e-06,0.0
41,0.0,-2.1308209093365272e-05,0.0,0.0,-5.229915333454028e-05,0.0,0.0,-5.8110167863893375e-06,0.0
42,0.0,5.8118654106328165e-06,0.0,0.0,4.648813635642554e-05,0.0,4.074073333333333e-07,1.2913148505146507e-05,0.0
43,0.0,5.164820403706975e-06,0.0,0.0,-5.2299153467415576e-05,0.0,4.074073333333333e-07,-5.811249210675338e-06,0.0
44,0.0,2.840900444581379e-05,0.0,0.0,7.554322129140694e-05,0.0,0.0,-1.2906500674099593e-06,0.0
45,0.0,-2.5826263057300348e-05,0.0,0.0,-5.811017000274723e-05,0.0,0.0,-4.519436953017182e-06,0.0
46,0.0,-7.748235804051404e-06,0.0,0.0,-6.973220595209913e-05,0.0,4.0740733333333354e-07,-1.2913845891055269e-05,0.0
47,0.0,-4.519611486339883e-06,0.000100528,0.0,9.297627413029823e-05,0.0,8.148146666666665e-07,5.810272990980446e-06,0.0
48,0.0,0.00014785831424208982,0.00020105600000000002,3.333333333333333e-07,-4.0677119466855595e-05,0.0,8.148146666666665e-07,2.8410665353810243e-05,0.0
49,6.548148133333333e-05,0.0003131492873253361,0.000351848,1e-06,5.8110170445526926e-05,0.0,1.222222e-06,-2.905610660539302e-05,0.0
50,0.0002046296291666667,0.00040870755079820903,0.0005026399999999999,1.6666666666666669e-06,-2.905508503825465e-05,0.0,1.629629333333333e-06,4.520459709996593e-06,5.026400000000001e-05
51,0.0003192222215,0.0005430073728788896,0.0006031680000000001,2.666666666666667e-06,3.876022766635678e-18,0.0,1.629629333333332e-06,2.5810676777637113e-06,0.00010052800000000001
52,0.00043381481383333365,0.0006553527035194811,0.0007036960000000002,4.333333333333334e-06,-1.1622034118620138e-05,0.0,1.6296293333333354e-06,7.102875571506724e-06,0.0
53,0.0005565925913333331,0.0007638262977447221,0.000804224000000001,5.9999999999999985e-06,6.392118692186858e-05,0.0,2.037036666666664e-06,-1.9367421528786044e-06,0.0
54,0.0006629999984999998,0.0008936023394231826,0.0008042239999999988,8.000000000000001e-06,5.811016904362202e-06,0.0,2.444444e-06,-1.032957047632216e-05,0.0
55,0.0007612222205,0.0007489747873988583,0.0008042240000000001,1.0666666666666664e-05,1.743305062460398e-05,0.0,2.8518513333333347e-06,6.455249354668688e-06,0.0
56,0.0007939629611666663,0.0008464701409500886,0.0008489029659055018,1.3666666666666669e-05,-4.6488135293957874e-05,5.026400000000001e-05,3.6666660000000003e-06,-3.874321131481694e-06,0.0
57,0.0007939629611666671,0.0008316191813272141,0.0008098090340945005,1.6666666666666674e-05,6.392118578583241e-05,0.0,4.888887999999997e-06,1.356021688238946e-05,0.0
58,0.0008103333315000001,0.0008090202242005615,0.0008042239999999992,2.0999999999999995e-05,5.811016734801316e-05,0.0,6.518517333333338e-06,-9.039664186293214e-06,0.0
59,0.0008103333315000001,0.0008161223732836226,0.0008042239999999983,2.5666666666666676e-05,2.905508312141902e-05,5.0263999999999985e-05,7.333332000000001e-06,3.226787830313979e-06,0.0
60,0.0008021481463333325,0.0008019175354945099,0.0008433180323396718,2.9666666666666665e-05,6.973219798929479e-05,0.0,7.740739333333328e-06,1.7434909855058336e-05,5.026399999999998e-05
61,0.0008021481463333334,0.0007851305055291379,0.0008153939676603279,3.366666666666671e-05,-8.135423119365734e-05,5.026400000000002e-05,8.962961333333325e-06,1.0331336894397568e-05,0.0
62,0.0008021481463333351,0.0008613177508593698,0.000804224000000001,3.8e-05,0.00013365337829482354,5.026399999999998e-05,1.0592590666666677e-05,-1.6141051968812585e-05,3.909131807998791e-05
63,0.0008021481463333299,0.0008154763962504689,0.0008265633321652976,4.299999999999999e-05,6.392117817259952e-05,5.026400000000003e-05,1.3037034666666663e-05,3.0345780096059122e-05,1.1172681920012124e-05
64,0.0008103333315000027,0.0008471132953596153,0.0007818846678347008,4.8333333333333334e-05,5.811016043200237e-05,5.0264000000000005e-05,1.670370066666666e-05,4.842380576460998e-05,5.0264000000000005e-05
65,0.0008185185166666668,0.0007941681919936966,0.0008544880000000057,5.333333333333335e-05,1.743304784318202e-05,5.0264000000000005e-05,2.0777774000000005e-05,3.357577445375063e-05,0.0
66,0.0008103333314999992,0.0008361365696506074,0.0008098086319909079,5.8e-05,5.811015852306403e-05,5.026399999999995e-05,2.4444439999999975e-05,3.292875215261319e-05,5.0264000000000005e-05
67,0.0008021481463333317,0.0008329074057444128,0.0007651297666085646,6.199999999999999e-05,4.648812576202451e-05,0.00010052799999999161,2.851851333333336e-05,2.7762339761541624e-05,5.026399999999995e-05
68,0.0008021481463333351,0.000815474894518128,0.0008377336014005216,6.566666666666667e-05,0.00011622031030032189,5.0264000000008516e-05,3.2999993999999986e-05,4.196878651387446e-05,5.0264000000000005e-05
69,0.0008103333315000027,0.0008348440954680028,0.000804224000000001,6.966666666666655e-05,8.135421372466184e-05,5.026399999999995e-05,3.7074067333333304e-05,3.8740092212952875e-05,5.026399999999995e-05
70,0.0008267037018333308,0.0007877103506304141,0.0008042240000000027,7.366666666666687e-05,5.811015090487583e-05,0.00010052800000000001,4.1148140666666676e-05,6.779517142248308e-05,5.026400000000017e-05
71,0.0008267037018333326,0.0008109545540756213,0.0008544880000000005,7.766666666666642e-05,0.00011040928269271137,0.00010052799999998884,4.56296213333333e-05,2.7118058716262992e-05,8.935491596798802e-05
72,0.000818518516666665,0.0008206389805194524,0.0008042239999999957,8.066666666666671e-05,6.973217582695865e-05,0.00010052800000001107,5.011110200000006e-05,6.84412140981024e-05,6.143708403201194e-05
73,0.0008267037018333326,0.0008264497252393407,0.0008042240000000027,8.333333333333348e-05,7.554318810898159e-05,0.00010052799999998906,5.4592582666666606e-05,6.714912113446066e-05,7.81850488319857e-05
74,0.0008267037018333326,0.0008316145901011152,0.0008489027648592717,8.733333333333347e-05,0.000110409270498935,0.00010052800000000012,5.907406333333331e-05,6.0045594471969154e-05,7.260695116801427e-05
75,0.0008267037018333326,0.00083871676159308,0.0008098092351407279,9.166666666666655e-05,8.716520984036855e-05,5.026400000001079e-05,6.355554399999996e-05,9.620572743505038e-05,6.701518169598597e-05
76,0.0008348888870000001,0.000825803593726783,0.0008042240000000027,9.500000000000025e-05,8.135419289976133e-05,0.0001005279999999999,6.803702466666667e-05,4.713416599870556e-05,8.37768183040141e-05
77,0.0008348888870000036,0.0008387165288534296,0.0008042239999999992,9.833333333333309e-05,0.00015689736398472043,0.00010052800000000077,7.292591266666669e-05,8.91026158847118e-05,0.00010052800000000012
78,0.0008185185166666616,0.000781898085623664,0.0008433178312934435,0.00010166666666666636,9.297621070692113e-05,0.00010052799999999947,7.78148006666667e-05,7.554277261888245e-05,0.00010052438099198498
79,0.0008185185166666685,0.0008400067490371664,0.0008153937666085416,0.00010533333333333358,0.00011040924540055047,0.0001005279999999999,8.22962813333333e-05,9.943124590185474e-05,9.494306643199868e-05
80,0.0008267037018333291,0.0007799611633012363,0.0008042244020980104,0.00010966666666666698,8.716519004978705e-05,0.000150791999999989,8.63703546666668e-05,8.845693234433118e-05,9.494306643200172e-05
81,0.000810333331500001,0.0008283845115924782,0.0008265631311190763,0.00011366666666666621,0.00018595239458217257,0.0001005279999999999,8.962961333333316e-05,0.00010137030344909846,0.00011170148614401444
82,0.000810333331500001,0.000785771173396857,0.0008153937666085347,0.00011800000000000005,0.00011040922729896254,0.00010052800000001118,9.411109400000008e-05,6.715161049242386e-05,0.00010052800000000012
83,0.000826703701833336,0.0007870616038398136,0.0008209791022723879,0.00012299999999999985,7.554315252655862e-05,0.00015079199999998836,9.940738933333308e-05,0.0001375242830054988,0.00012286371315198448
84,0.0008267037018333291,0.0008251570260894535,0.0007539600000000014,0.000127666666666667,0.00016270832026888575,0.00010052800000001161,0.00010307405533333349,0.00011363887292759251,9.49430664319989e-05
85,0.0008103333315000044,0.0008419423574680465,0.0008209781975504447,0.00013166666666666622,0.0001394642655616206,0.00015079199999998598,0.00010551849933333334,9.426885562437083e-05,0.0001340412204160167
86,0.000810333331499994,0.0008161169014618587,0.0008879978024495562,0.00013500000000000057,6.973212968597277e-05,0.0001507920000000003,0.00010837035066666692,0.00014269039222730728,0.00010610891244798321
87,0.0008021481463333403,0.0008270919790530282,0.0008042239999999992,0.00013899999999999937,0.00019757435625766427,0.00015079199999999985,0.000112444424,9.491317108944889e-05,0.00014520706643199972
88,0.0007939629611666624,0.0008406516706821049,0.0008544880000000039,0.0001429999999999999,0.00016851929082367396,0.00010052800000001508,0.00011692590466666638,0.00015689867379042747,0.00014520706643200102
89,0.0008021481463333369,0.0008677683739872349,0.0008544879999999935,0.000147,0.00014527524109269425,0.00015079199999999855,0.00012140738533333363,9.684971537620747e-05,0.00010611695468801599
90,0.0007939629611666658,0.0008232180640182704,0.0008042239999999992,0.00015133333333333361,0.0002033853226015461,0.0001507920000000003,0.00012629627333333266,0.00014333873175625565,0.00013403317817598176
91,0.0008021481463333299,0.000809013348557451,0.00080422400000002,0.00015466666666666623,0.00011622017653939009,0.0001507920000000003,0.00013037034666666747,0.000149793036037002,0.0001452070664320019
92,0.0008103333315000044,0.0008232174587637156,0.0008042239999999853,0.00015833333333333368,0.00011040916246454193,0.0002010559999999855,0.00013281479066666602,0.00014850405146386685,0.00014520706643199842
93,0.000802148146333316,0.0008141780350952241,0.0008544880000000005,0.00016266666666666643,0.0001859522620863397,0.0001507920000000003,0.00013485182733333385,0.00012526195388205819,0.00014520706643199885
94,0.0008021481463333369,0.0008258004216619569,0.0008042240000000131,0.00016700000000000005,0.00022081829246226254,0.00015079199999999985,0.00013770367866666614,0.00012977431240065486,0.0001452070664320019
95,0.0008103333315000044,0.0008509796771813474,0.0008042239999999992,0.00017133333333333367,0.00018014122353500342,0.0002010559999999998,0.00014177775200000008,0.00017110387905901062,0.00014520706643199842
96,0.0008103333314999905,0.0008083671304573992,0.0008433176302202958,0.00017499999999999894,0.00011622013705379648,0.00015079200000000072,0.00014707404733333394,0.00016012705644194436,0.0001954710664320014
97,0.0008103333315000044,0.0008154691084648474,0.000815394369779697,0.00017833333333333503,0.00016851918876944778,0.00020105599999999894,0.00015237034266666607,0.00015625003355512106,0.00014520706643199885
98,0.0008103333314999905,0.0008161146193443533,0.0008042239999999992,0.00018199999999999987,0.00019176320049681637,0.00015079200000001503,0.00015725923066666663,0.00014657009214385586,0.00019547106643199837
99,0.0008103333314999905,0.0007935155394352619,0.0008042239999999992,0.00018633333333333262,0.00023825122793603125,0.00020105599999998593,0.00016214811866666718,0.00017626414784962944,0.00014520706643200232
100,0.000818518516666672,0.0008025547661502583,0.0008377326966457072,0.0001906666666666671,0.00016270814221937963,0.0002010559999999998,0.00016581478466666608,0.00017303990900545234,0.000195471066432004
101,0.0008103333314999975,0.000835484112882319,0.0008209793033542925,0.00019433333333333455,0.0002498731972221087,0.0002010559999999998,0.00016948145066666672,0.00016012709493028665,0.00019547106643199967
102,0.0007939629611666693,0.0008238618118442814,0.0008042239999999923,0.0001986666666666647,0.00012784209100383855,0.00020105599999999807,0.0001735555239999998,0.00020337938300342374,0.00017872109107201425
103,0.0007939629611666693,0.0008290260793160018,0.0008544880000000005,0.00020333333333333314,0.00024406215517385182,0.0002010559999999998,0.00017722219000000173,0.00018207975067171308,0.00016195704179198297
104,0.0008021481463333299,0.0007851221107922288,0.0008042239999999992,0.00020766666666666763,0.00024987313369788204,0.0002010559999999998,0.00018129626333333263,0.00020145032940140518,0.0001954710664319988
105,0.0007939629611666554,0.0008361296602097529,0.0008544880000000005,0.00021133333333333247,0.00016851907583008158,0.0002010559999999998,0.00018659255866666693,0.00017949438217389029,0.0002457350664319983
106,0.0007939629611666763,0.0008199870196816533,0.0008042240000000062,0.000215333333333333,0.00018014106832012645,0.0002513200000000002,0.00019270366866666697,0.00020403136005621523,0.00019547106643200488
107,0.0008021481463333369,0.0008038452614366129,0.0008042240000000062,0.0002199999999999997,0.00038352610174554377,0.0002010559999999998,0.00019799996399999954,0.00021113034471637385,0.00019547106643199794
108,0.0008021481463333299,0.0008496873716548267,0.0008544879999999935,0.00022366666666666715,0.0001859520279895747,0.0002513199999999837,0.00020288885200000183,0.00020855098448017972,0.0002457350664319992
109,0.0008103333314999975,0.0008567890309342588,0.0008042239999999923,0.00022699999999999977,0.00023825101556478653,0.00020105600000001542,0.00020777773999999805,0.00022082092348580957,0.0001954710664319988
110,0.000818518516666665,0.0008361279676766253,0.0008042240000000062,0.00023066666666666721,0.00018014099667227907,0.0002513200000000002,0.00021307403533333494,0.00021371288487975065,0.0002457350664319983
111,0.0008103333314999905,0.0008329004787184305,0.0008544880000000005,0.0002349999999999991,0.0002847389683086109,0.0002010560000000024,0.00021837033066666577,0.0002602048820889175,0.00022898549318402153
112,0.0008021481463333299,0.0008161123129278858,0.0008042239999999992,0.00023899999999999963,0.00013365297398790135,0.00025131999999999845,0.00022285181133333432,0.00022662786470391359,0.0002122206396799808
113,0.0008103333315000044,0.0008316076871385802,0.0008042240000000131,0.00024266666666666707,0.0004358248659351773,0.0002513200000000002,0.00022814810666666688,0.00023373074684266467,0.0002457350664319992
114,0.0008021481463333299,0.0008180490585567649,0.0008433174291346407,0.0002473333333333329,0.00018014092264438848,0.0002513199999999976,0.00023425921666666606,0.00024535212151955647,0.0002457350664319992
115,0.0007939629611666693,0.0007825379036673977,0.000815394570865352,0.0002516666666666674,0.0002905498482978549,0.00025132000000000106,0.00023914810466666662,0.00025568693762878427,0.00029599906643200044
116,0.0008021481463333299,0.0007954511350470109,0.0008042239999999992,0.0002553333333333331,0.0002789278231858424,0.00025132000000000106,0.00024362958533333343,0.00025632839919901337,0.0002457350664319966
117,0.0008021481463333299,0.0008103013426870934,0.0008265627289536781,0.0002593333333333319,8.135394269255525e-05,0.0002513199999999976,0.00024933328799999974,0.0002518123436613118,0.00024573506643200526
118,0.0008021481463333299,0.0008451661317987538,0.0008321492710463285,0.0002633333333333359,0.00035447072016297175,0.000301583999999978,0.00025462958333333317,0.00027117805075646713,0.0002959990664319987
119,0.0008021481463333299,0.0007864111482732694,0.0008042239999999992,0.00026666666666666505,0.00026730575665192755,0.0002513200000000236,0.00025992587866666746,0.0002673077114768779,0.00029599906643200044
120,0.0008021481463333299,0.0008341904109590154,0.0008042239999999853,0.0002699999999999994,0.00036609262182331175,0.0002513199999999976,0.0002660369886666658,0.0002614929672492706,0.0002457350664319992
121,0.0008103333315000044,0.0008432286942759576,0.0008712417953790907,0.00027433333333333476,0.00029636065600590136,0.0003015840000000006,0.00027337032066666704,0.00029829588558839826,0.00029599906643199697
122,0.0008103333315000044,0.0008270888421572295,0.0008377342046209241,0.0002786666666666649,0.00027311665312688277,0.00030158399999998496,0.00028070365266666744,0.00027117974660944427,0.0003015783704319753
123,0.0008021481463333091,0.0008051341970996204,0.0008042239999999923,0.0002826666666666689,0.00016851877173242047,0.00025132000000001667,0.0002868147626666692,0.00028280170786800993,0.0003406781328640085
124,0.0008021481463333369,0.0008122377120658164,0.0008042240000000062,0.000287666666666667,0.0003486594933467084,0.0003015840000000006,0.00029211105800000005,0.00028732263040643323,0.00029600469600001705
125,0.000818518516666665,0.0008174027287575422,0.0008153928618069781,0.0002923333333333337,0.00035447043757895653,0.0003015839999999832,0.00029618513133333225,0.0003015279210272538,0.0002959990664319987
126,0.0008267037018333326,0.0008438740932234998,0.0008433191381930216,0.0002959999999999994,0.0003021714830599466,0.0003015840000000023,0.0003006666120000008,0.0003318715892194346,0.00034626306643199996
127,0.000818518516666665,0.0008451658537794726,0.0008042239999999923,0.0002999999999999999,0.0003486593608454224,0.00030158399999999884,0.00030596290733333337,0.0003183092489626744,0.00032391770259197587
128,0.0008267037018333395,0.0008103001051633085,0.0008544880000000005,0.00030333333333333254,0.0002324395485937443,0.00030158399999999884,0.0003124814246666663,0.00032800412929116785,0.00034067813286400676
129,0.0008267037018333326,0.0008257951050939655,0.0008544880000000005,0.00030666666666666863,0.000319604346403388,0.0003015840000000179,0.00032103697866666704,0.0003660856947405016,0.0003406781328639981
130,0.000818518516666672,0.0007812471876930405,0.0008042240000000062,0.0003110000000000005,0.0003544702307192952,0.00030158399999999884,0.0003299999400000024,0.0003396213738354869,0.00034067813286399636
131,0.0008267037018333395,0.0008897157750835244,0.00080422400000002,0.0003149999999999993,0.00036609215673862223,0.0003518479999999845,0.0003381480866666651,0.0003790042164826448,0.0003853632309760227
132,0.000818518516666672,0.0007618728436074723,0.0008433172280820772,0.0003193333333333312,0.00031960422351228965,0.00030158400000000404,0.0003450740113333326,0.00034091332059959026,0.0003462570347519747
133,0.0008103333315000044,0.0008858449910186666,0.0008153947719178878,0.00032366666666666655,0.00033122615581986613,0.0003518480000000001,0.00034996289933333403,0.0003660901013003426,0.0003462690981120252
134,0.0008267037018333395,0.0007935086183742251,0.0008042240000000062,0.00032766666666666534,0.00026149430529742203,0.00030158399999999537,0.00035362956533333337,0.00039127166049259324,0.00039652706643200294
135,0.0008267037018333395,0.0008329015959199215,0.0008042239999999923,0.0003313333333333345,0.00036609198574109013,0.0003518480000000001,0.0003581110460000002,0.00035059749169073263,0.00037976623404797384
136,0.0008103333315000044,0.000824502256969506,0.0008544880000000143,0.00033466666666666367,0.00039514685095180455,0.00030158400000001445,0.00036462956333333484,0.00036286722574096174,0.0003909421328639976
137,0.000818518516666672,0.0008038428589759311,0.0008042239999999923,0.0003383333333333346,0.0002963601014145771,0.0003518479999999862,0.0003731851173333321,0.00039062583151311565,0.0003909421328639976
138,0.0008267037018333395,0.0008083631765855165,0.0008042240000000062,0.0003420000000000003,0.0003486589026630519,0.00035184799999999836,0.0003821480786666675,0.0003861039475003894,0.0003909421328639976
139,0.000818518516666672,0.000823857196483424,0.0008544880000000143,0.000345666666666666,0.0002789270909989913,0.00035184800000000356,0.00038988881800000076,0.0004235596290221022,0.0003909421328640115
140,0.0008267037018333395,0.0007360474136272332,0.0008042239999999923,0.0003499999999999996,0.00045906744400749447,0.00035184799999999315,0.00039599992799999907,0.0003932119212751474,0.0004412061328639954
141,0.000818518516666672,0.0009639714370192343,0.0008042239999999923,0.0003543333333333367,0.0003137928937350411,0.0003518480000000018,0.0004008888160000005,0.0003628553936696234,0.0003909485666560228
142,0.0008021481463333369,0.0006960105910956138,0.0008544868941894879,0.00035866666666666686,0.00047650025426415263,0.00035184799999998795,0.00040537029666666904,0.0004448708720458643,0.00044119969907197715
143,0.0008103333315000183,0.000888428399717256,0.0008042251058105049,0.00036299999999999527,0.00018595129730149956,0.0003518480000000053,0.00040985177733333066,0.0004183830567146621,0.00044120613286399366
144,0.0008103333314999905,0.0008290224672617419,0.0008042239999999923,0.00036700000000000274,0.0003951464670215975,0.00040211199999999614,0.0004151480726666615,0.0004216231968348638,0.0004412061328639971
145,0.0008021481463333369,0.0008141739170643703,0.0008377321940216953,0.00037066666666666845,0.00046487812766154296,0.0003518480000000053,0.0004216665900000083,0.00042032658962630476,0.00044120613286400753
146,0.0008103333315000044,0.0007651071888524763,0.0008153937666107586,0.0003753333333333317,0.00034284757176426123,0.00040211199999999614,0.00042859251466666193,0.0004519610208154716,0.0004412061328640006
147,0.0008021481463333369,0.0009058511548641207,0.0008098100393675867,0.0003799999999999984,0.0003660914307915715,0.00035184799999999836,0.0004351110319999983,0.00043388918815150807,0.00044120613286399366
148,0.0007939629611666693,0.0008103021701160867,0.0008042239999999645,0.00038366666666666757,0.00031379261886931714,0.0004021119999999996,0.00044203695666666584,0.00045454579152237606,0.0004914701328639984
149,0.0008021481463333507,0.0008303145006617468,0.0008321472604646413,0.00038766666666667157,0.0004648778930002803,0.0004021119999999996,0.000449370288666668,0.00045390158679247533,0.0004412061328639971
150,0.000802148146333323,0.0008174005351048313,0.0008265647395353654,0.00039133333333332687,0.0003835242073330289,0.0004021120000000031,0.0004558888059999974,0.0004739155316956789,0.0004914701328640018
151,0.0008021481463333369,0.0008400016085349099,0.0008042240000000062,0.000395000000000003,0.0005113655338263266,0.00035184799999999836,0.0004611851013333404,0.0004836066709595459,0.0004914701328640088
152,0.0008103333314999905,0.0008012601460801461,0.0008042240000000062,0.00039900000000000005,0.00028473758940189206,0.0004021119999999996,0.0004652591746666622,0.0004622934382144221,0.00044120613286399366
153,0.0008103333315000183,0.0008245010769787758,0.0008042239999999784,0.0004029999999999971,0.00048231055001519973,0.0004021119999999996,0.00046933324799999787,0.0005365390665142099,0.0004914701328640018
154,0.0008021481463333369,0.0008051380795457974,0.0008544880000000143,0.00040733333333333246,0.0004183898133712366,0.00045237600000000086,0.00047462954333333737,0.0004655295320181857,0.0004914701328639949
155,0.000818518516666672,0.0008264376146182445,0.00080422400000002,0.0004116666666666678,0.0004067678198608274,0.0004021120000000031,0.00048155546800000143,0.0004836016667891345,0.0005417341328639996
156,0.000818518516666672,0.0008167563573467096,0.0008098076267398224,0.0004153333333333335,0.00040676776673242987,0.00040211199999999614,0.0004888888000000001,0.0004900566003783018,0.0004914701328640123
157,0.0008021481463333369,0.0008780927103267111,0.0008489043732601703,0.00041899999999999923,0.0005520418847925514,0.00040211200000001,0.000495407317333333,0.0004919902274227866,0.0004914701328639914
158,0.0008103333315000044,0.0007341114502881496,0.0008042239999999923,0.0004226666666666684,0.00029054832167463643,0.0004523759999999939,0.0005015184273333348,0.0005443002793140937,0.0005417341328639996
159,0.0008185185166666581,0.000822567544400174,0.0008042239999999645,0.00042600000000000277,0.0004532553288430115,0.00040211199999999614,0.0005068147226666743,0.0004784319241830995,0.0004914701328639949
160,0.0008103333315000183,0.0008141744725938399,0.0008544880000000421,0.0004299999999999998,0.00043001140654114894,0.00045237600000000433,0.0005112962033333272,0.0004984506706026542,0.0005417341328639996
161,0.0008103333315000044,0.0008419357858312909,0.0008042239999999784,0.00043433333333332824,0.00048812098666079287,0.00040211199999999614,0.0005153702766666698,0.0005436519833758972,0.0005417341328639996
162,0.000818518516666672,0.0008174019455525483,0.0008042240000000062,0.0004373333333333347,0.0003893345439829332,0.00045237600000000433,0.0005202591646666643,0.000531375096488939,0.0005417341328640031
163,0.0008103333315000183,0.0008245035416159924,0.0008377319930149424,0.00044033333333333424,0.00048230989334115473,0.0004523759999999939,0.000524333238,0.0004952297175877009,0.0005417341328639996
164,0.0008021481463333369,0.0008303149327288928,0.0008153937666107586,0.0004446666666666696,0.00036609059489185747,0.00045237600000000086,0.0005279999040000011,0.0005346074534073805,0.0005417341328639962
165,0.0008021481463333091,0.0007935143165611058,0.0008098102403742979,0.0004496666666666642,0.000493931691174395,0.0004523759999999835,0.0005337036066666682,0.0005391192758217103,0.0005417341328640031
166,0.0008021481463333646,0.000893586708495625,0.0008209772928471221,0.0004546666666666692,0.00038352338058797453,0.0004523760000000217,0.0005389999019999973,0.0005378432908176058,0.0005528963598719627
167,0.000802148146333323,0.0007922221944638291,0.0008377347071528707,0.0004586666666666628,0.0005346082760774723,0.0004523759999999974,0.0005442961973333368,0.0005578466599186829,0.0005808359058560378
168,0.0008021481463333369,0.0008128823647443606,0.0008042240000000062,0.0004620000000000041,0.0004939314848849824,0.0004523759999999974,0.0005495924926666659,0.0005455859172563242,0.0005417341328640031
169,0.0008021481463333369,0.0008277323005165954,0.0008544880000000005,0.00046600000000000114,0.00040676705190870535,0.0005026399999999778,0.0005548887879999916,0.0005836711140059896,0.0005919981328639939
170,0.0008103333315000044,0.0008348343510118927,0.000815392359290068,0.00047033333333332955,0.0005752847491123231,0.0004523760000000217,0.0005605924906666761,0.0005733615479664757,0.0005919981328639974
171,0.0008103333314999905,0.000851622888860315,0.0008433196407099247,0.0004753333333333311,0.00037771215755114107,0.0005026399999999813,0.0005658887859999982,0.0006094920128641435,0.0005919981328639974
172,0.0008021481463333369,0.0008322527746978808,0.0008042240000000062,0.00048033333333333955,0.0004648764460885649,0.0004523760000000217,0.0005707776740000031,0.0005204217666544379,0.0005919981328640009
173,0.0007939629611666693,0.0008245051899399836,0.0008042240000000062,0.00048366666666666003,0.000488120203009753,0.0005026399999999952,0.000576888783999998,0.0006637209737418714,0.0005919981328640078
174,0.0007857777760000295,0.0008516207504242895,0.0008544879999999866,0.0004870000000000013,0.0005171749045922262,0.000502639999999964,0.0005842221160000001,0.0006198382755441684,0.0005919981328639939
175,0.0007939629611666554,0.0007767276243912102,0.0008042240000000478,0.0004919999999999994,0.0005694734051244869,0.0005026400000000021,0.000590740633333333,0.0006230774294006952,0.0006031599577599675
176,0.0008103333315000044,0.0008651799275714023,0.0008042239999999645,0.0004970000000000009,0.000517174750404234,0.0005026399999999986,0.0005968517433333348,0.0005875377949333821,0.0006311003079680286
177,0.0008103333314999905,0.0007986777402451545,0.0008042239999999923,0.0005003333333333318,0.0005346075312189849,0.0005026400000000056,0.0006029628533333331,0.0005927101929564041,0.0005919981328640009
178,0.0008103333315000183,0.0008290242001344345,0.0008544880000000005,0.0005033333333333417,0.0005229855544305051,0.0005026399999999986,0.0006082591486666691,0.0006450205748184321,0.0006366691570559788
179,0.0008185185166666581,0.0008083654153687864,0.0008042240000000062,0.0005066666666666692,0.0004823088360384753,0.0005026399999999986,0.0006115184073333321,0.0006527628807364155,0.0006366771992959985
180,0.0008185185166666858,0.0008109444867266669,0.00080422400000002,0.0005103333333333349,0.0005113635186363361,0.0005026400000000125,0.0006151850733333367,0.0005513987361570605,0.0006366771992959916
181,0.0008185185166666858,0.0008296718207433107,0.0008544879999999727,0.0005146666666666702,0.0005462291381961998,0.0005026400000000195,0.0006208887760000004,0.0006689051629475348,0.0006366771992959985
182,0.000818518516666672,0.0008174024521300782,0.0008544880000000005,0.0005183333333333359,0.0005171743262639833,0.0005026399999999986,0.0006274072933333333,0.0006682471150565514,0.0006366771992959916
183,0.0008185185166666581,0.0008225685457526472,0.0008042240000000062,0.0005216666666666633,0.00048230858017178635,0.0005529039999999652,0.0006339258106666662,0.0006559954961637832,0.0006366771992959985
184,0.0008267037018333395,0.0008425837955296778,0.0008544879999999866,0.000525333333333336,0.0005113632501067625,0.0005026400000000264,0.0006396295133333299,0.0006404948233555349,0.0006757797765120435
185,0.0008267037018333395,0.0008277327574408855,0.0008544880000000143,0.0005300000000000027,0.0005927164131727669,0.0005529039999999791,0.0006457406233333352,0.0006579333146764371,0.0006478386220799756
186,0.0008267037018333534,0.0008186946403966194,0.0008042239999999923,0.0005353333333333321,0.0005229849988164711,0.0005529039999999999,0.0006514443259999989,0.0006256367542514102,0.0006869411992959998
187,0.0008267037018333256,0.000812238665615625,0.0008544863916725848,0.0005389999999999978,0.0004416317250637916,0.0005026400000000264,0.000655518399333338,0.0006734328953305752,0.0006422705772160253
188,0.000818518516666672,0.0008483946299680245,0.0008042256083274218,0.0005420000000000008,0.000685691269880738,0.0005529039999999999,0.0006583702506666594,0.0006514658202698628,0.0006813478213759522
189,0.000818518516666672,0.0008245058868468075,0.0008042239999999923,0.0005460000000000048,0.0005229847919528199,0.0005529039999999721,0.0006612221020000017,0.0006837457161810861,0.0006869411992959998
190,0.000818518516666672,0.0008322546742556419,0.0008377316915048616,0.0005503333333333263,0.00047068625802374614,0.0005529040000000138,0.0006648887679999993,0.0006637448832377824,0.0006869411992960067
191,0.000818518516666672,0.000832900200602199,0.0008209803084951728,0.0005546666666666686,0.0005694721942872058,0.000552903999999986,0.0006693702486666661,0.0006805240754764671,0.0006869411992959998
192,0.0008185185166666858,0.0007948051595145778,0.0008042239999999645,0.0005583333333333343,0.0004997408441150125,0.0005529039999999999,0.0006742591366666675,0.0006766490147875892,0.0006869411992959928
193,0.0008267037018333256,0.0008167587110271268,0.0008042240000000062,0.0005616666666666686,0.0006043376896882405,0.0005529040000000415,0.0006803702466666658,0.0006934330366059199,0.0006869411992959928
194,0.0008185185166666997,0.0008361291303658758,0.0008321467579477937,0.0005653333333333344,0.0006101485465134088,0.0006031679999999595,0.0006868887639999988,0.0007102381592751159,0.0006869411992960067
195,0.0008185185166666442,0.0008206313434032525,0.0008265652420521991,0.0005696666666666697,0.0006508250262567475,0.000552903999999993,0.0006917776520000002,0.0006837499691049465,0.0006869500457600611
196,0.0008267037018333534,0.0008303189953044882,0.0008042240000000062,0.0005743333333333364,0.0005055515196730129,0.0006031680000000081,0.0006966665400000016,0.0006876207489487848,0.0007371963528319467
197,0.0008103333315000044,0.0007986791771444485,0.0008153920577799734,0.0005779999999999952,0.0005287952093612769,0.0005529039999999999,0.0007011480206666684,0.0007437970198920993,0.0006869411992959998
198,0.000818518516666672,0.000823216221330067,0.0008153937666107586,0.0005813333333333434,0.0006915013388936742,0.0006031679999999942,0.0007044072793333314,0.0007147371051931736,0.000737205199296001
199,0.0008267037018333256,0.0007986780802214377,0.000832150175609267,0.0005860000000000032,0.0006101481579626894,0.0005529039999999999,0.0007068517233333391,0.0007625332538721413,0.0007372051992959941
200,0.0008103333314999905,0.0008115975881003157,0.0008042239999999923,0.0005903333333333316,0.00047068566996971706,0.0006031680000000011,0.0007088887599999913,0.0007192626976371061,0.0006869411992959859
201,0.0008021481463333507,0.000845813390250319,0.0008544880000000143,0.0005939999999999904,0.00071474482116788,0.000603168000000015,0.0007117406113333405,0.0007618750237916652,0.0007372051992960149
202,0.000802148146333323,0.000808365810825093,0.0008209768908336718,0.0005983333333333396,0.0005927151409436462,0.0006031679999999803,0.0007141850553333273,0.0007070033630018208,0.0007372051992960496
203,0.0007939629611666832,0.0008374217480629775,0.0008377351091663765,0.0006026666666666611,0.0004939292319081842,0.0006031680000000081,0.0007170369066666696,0.0007470299627478638,0.0007372051992961051
204,0.0008021481463333507,0.000831609873470307,0.0008042239999999645,0.000606666666666679,0.000714744570559131,0.0006031680000000011,0.000721925794666671,0.0007205494362944875,0.0007372051992960704
205,0.0008103333314999905,0.0008309646467824228,0.0008042239999999923,0.0006106666666666691,0.0005520384236137599,0.0006031679999999942,0.0007264072753333239,0.000728956692760234,0.0007372051992960912
206,0.0007939629611666693,0.0008354841542488611,0.0008544879999999866,0.0006139999999999826,0.0006159585955883146,0.00065343199999994,0.0007308887559999908,0.0008031678314520882,0.0007372051992960635
207,0.0007939629611666554,0.0008380675189310349,0.00080422400000002,0.0006176666666666691,0.0007728536120998886,0.0006031680000000636,0.0007365924586666753,0.0006263054370066537,0.0007372051992960912
208,0.0008021481463333369,0.0008296741048426093,0.0008042239999999923,0.0006216666666666731,0.0005229835868877306,0.0006031679999999803,0.0007410739393333421,0.0007580057687004774,0.0007372051992960774
209,0.0008103333314999905,0.0008199882409819503,0.0008489012570816468,0.0006256666666666563,0.0007844752907935765,0.0006534320000000024,0.0007431109759999943,0.0007812472370944332,0.0007874691992960786
210,0.000818518516666672,0.0008025578216202534,0.0008600747429183819,0.0006293333333333498,0.0006450129379628466,0.0006031680000000011,0.0007447406053333328,0.0007128074151924735,0.0007372051992960774
211,0.0008103333314999905,0.0008245079182020165,0.0008042239999999645,0.0006336666666666504,0.000493928779171364,0.0006534320000000024,0.0007475924566666681,0.0007373423571937626,0.0007372051992960704
212,0.0008021481463333369,0.0008225713875088247,0.0008321465568874586,0.0006390000000000007,0.0007728531857364024,0.0006534319999999955,0.0007504443080000034,0.0007870436475025597,0.0007874691992960925
213,0.0008103333315000183,0.0008651877868992575,0.0008265654431125202,0.0006426666666666733,0.0004997396026315687,0.0006534320000000093,0.0007520739373333349,0.0007599556620016615,0.0007372051992960635
214,0.0008185185166666442,0.0008083677794986921,0.00080422400000002,0.0006460000000000007,0.0007379874806479891,0.0006534319999999538,0.0007532961593333387,0.000751549978113511,0.0007874691992960717
215,0.000818518516666672,0.0008096589902962248,0.00080422400000002,0.0006506666666666744,0.0007263655484624765,0.0006534320000000024,0.0007545183813333287,0.0007799466162640642,0.0007372051992961121
216,0.000818518516666672,0.0008380688664784974,0.000826561623295391,0.0006559999999999969,0.0005171722219849129,0.0006534320000000163,0.0007557406033333325,0.0007386288685191991,0.0007874691992960856
217,0.0008103333314999905,0.0008057853860579667,0.0008321503767045879,0.0006596666666666626,0.0007902855664721695,0.0006534320000000232,0.0007577776399999986,0.0008193337195547615,0.0007372051992960843
218,0.0008021481463333369,0.0008290299881466845,0.0008042239999999923,0.0006629999999999969,0.0005171721234510165,0.0006534319999999955,0.0007618517133333308,0.0007857639294762964,0.0007874691992960786
219,0.0008103333314999905,0.000815471870982909,0.0008098069231012028,0.000666999999999994,0.0007612308099776005,0.0006534320000000093,0.0007659257866666699,0.0007748013144994875,0.0007372051992960704
220,0.0008103333314999905,0.0007877088867492554,0.0008489050768988593,0.0006710000000000119,0.0007263652026935005,0.0007036959999999967,0.0007675554159999945,0.0007321617233722738,0.0007874691992960925
221,0.0007939629611666277,0.0008309663911169884,0.0008042239999999368,0.000674999999999995,0.0005287938232788961,0.0006534320000000024,0.0007667406013333322,0.0008135327229382844,0.0007874691992960647
222,0.0007857777760000018,0.0008393613995607563,0.0008042239999999923,0.0006786666666666677,0.0008600162504980233,0.000703695999999962,0.0007647035646666661,0.00078383246672524,0.0007372051992960843
223,0.0008103333315000183,0.0008115996121667024,0.0008042239999999923,0.0006826666666666717,0.0005578483287490277,0.000653432000000044,0.0007634813426666692,0.000763176049258088,0.0007874691992960786
224,0.0008185185166666997,0.0008251554451427501,0.0008544880000000421,0.0006863333333333235,0.0007147431154671882,0.0007036960000000037,0.0007638887499999969,0.0007328185710406138,0.0007762892793606452
225,0.0007939629611666277,0.0008290323449779147,0.0008042239999999645,0.0006893333333333404,0.0007960959188702821,0.0007036959999999551,0.000765925786666663,0.0008290004168937382,0.00074838511923149
226,0.0007939629611666554,0.0008070778949550994,0.00080422400000002,0.0006933333333333236,0.0006566338051755896,0.0007036959999999967,0.0007687776379999983,0.0008051389839132672,0.0007874691992961202
227,0.0008021481463333369,0.0008245122320207909,0.0008042239999999923,0.0006983333333333355,0.0007205538548692714,0.0007036959999999967,0.000771222082000006,0.0006921478050441326,0.0007874691992960786
228,0.0008103333314999905,0.0007237904479488466,0.0006534320000000093,0.0007026666666666639,0.0006392009534462728,0.0007036960000000037,0.0007720368966666613,0.0008186942276700582,0.0007372051992960704
229,0.0007775925908333203,0.000565600228506713,0.0005026400000000542,0.0007059999999999983,0.0008077175076836307,0.0007036960000000037,0.0007704072673333368,0.0007612283412258974,0.0007874691992960925
230,0.0006875555539999911,0.0004900598057291372,0.0004523759999999488,0.0007090000000000013,0.0006740663592187252,0.0007036959999999898,0.0007683702306666707,0.0007870593502860845,0.0007874691992960925
231,0.0005729629616666732,0.00036609240211921135,0.0002904121223248346,0.0007123333333333287,0.0006392008173601443,0.0007036960000000037,0.0007675554160000014,0.0007347647247085004,0.0007372051992960565
232,0.00043381481383333864,0.0002485781693582212,0.00016196387767514198,0.000716666666666671,0.0008890701648215787,0.0007036960000000314,0.0007675554159999876,0.0007618679098204129,0.0007874691992960786
233,0.00031103703633333923,8.974917549781081e-05,5.026400000007758e-05,0.0007206666666666611,0.0005694697418153205,0.0007539599999999563,0.0007683702306666845,0.0007715659699622235,0.0007874691992960786
234,0.00020462962916667493,2.776198804060881e-05,0.0,0.0007250000000000034,0.0008716373065944943,0.0007036960000000175,0.0007699998599999952,0.0007973740654304562,0.0007874691992960925
235,8.185185166667552e-05,-1.289757750405629e-06,0.0,0.0007299999999999945,0.0006392006522667332,0.000753959999999998,0.0007708146746666644,0.000819978024140397,0.0007372051992960843
236,8.185185166653675e-06,-7.102303725498027e-06,0.0,0.0007349999999999857,0.0008832590313219979,0.0007036960000000314,0.0007708146746666644,0.0007457506648712586,0.0007874691992960647
237,0.0,2.5823399539548486e-06,0.0,0.0007386666666666791,0.0006624442360035343,0.0007539599999999841,0.0007712220819999921,0.0007883481652284224,0.0007874691992961064
238,0.0,-7.102942998271633e-06,0.0,0.000742333333333331,0.0007379860867978566,0.0007539599999999563,0.0007716294893333614,0.0007483038532007796,0.000748364209409047
239,0.0,2.5826537801143523e-06,0.0,0.0007456666666666723,0.0007960951875777417,0.000753959999999998,0.0007720368966666474,0.0008032006859561569,0.0007763101891831159
240,0.0,-5.164993730211176e-06,0.0,0.000747333333333336,0.000668255054373193,0.000753959999999998,0.0007720368966666613,0.0007651081952878142,0.0007874691992960647
241,0.0,3.229287783734769e-06,0.0,0.0007496666666666624,0.0008135278576217597,0.0007539600000000118,0.0007695924526666675,0.0007825284628874551,0.0007372051992960982
242,0.0,1.0975319650524673e-05,0.0,0.00075133333333334,0.0007670405190071949,0.000753959999999998,0.000765925786666663,0.0007515456520258146,0.0007874691992960786
243,0.0,-1.61409526676648e-05,0.0,0.0007526666666666654,0.0008135277914576161,0.000753959999999998,0.0007642961573333384,0.000776091961382952,0.0007372051992960704
244,0.0,1.7432605018519176e-05,0.0,0.0007539999999999908,0.0006798767741038603,0.0007539600000000118,0.0007642961573333384,0.000754768936053557,0.0007874691992960925
245,0.0,-1.7432930475458353e-05,0.0,0.000754333333333343,0.0008135277387708723,0.0007539600000000257,0.0007634813426666831,0.0007915789697343911,0.0007372051992960704
246,0.0,1.9369264096097405e-05,0.0,0.0007536666666666664,0.0006973094706222149,0.0008042239999999645,0.000762666528,0.0007289490143376903,0.0007874691992960786
247,0.0,-3.874317770824476e-06,0.0,0.0007533333333333281,0.0008658259034686894,0.0007539600000000118,0.000762666528,0.0007334532661548571,0.0007372051992960704
248,0.0,-9.683969511703472e-06,0.0,0.0007516666666666644,0.0006333894053215383,0.0007539600000000951,0.0007614443059999892,0.0008212727918731066,0.0007372051992961259
249,0.0,1.1621953661888895e-05,0.0,0.0007479999999999987,0.0007786621907001356,0.0007539600000000812,0.0007577776399999986,0.00072185712097321,0.0007372051992960565
250,0.0,-9.038962794055694e-06,0.0,0.0007450000000000095,0.0006973094133006924,0.0007539600000000674,0.0007537035666666525,0.0007405696166008641,0.0007372051992960843
251,0.0,-2.5179554975718332e-05,0.0,0.0007423333333333171,0.0007321748745965639,0.0007036960000001286,0.0007508517153333588,0.0007069980856785063,0.0007372051992960982
252,0.0,-6.455960247564452e-06,0.0,0.0007380000000000025,0.0008600149225582443,0.0007539600000000951,0.0007471850493333126,0.0007876960968207919,0.0007372051992960565
253,0.0,0.00012009623850159357,0.0,0.0007339999999999985,0.0006566330102466128,0.0007539599999999702,0.0007418887539999974,0.0007102146212121518,0.0007372051992960843
254,0.0,-9.491871768457782e-05,0.0,0.0007306666666666711,0.0007670403273133397,0.0007036960000001979,0.0007378146806666652,0.0007392862629203578,0.0007372051992960704
255,0.0,7.751715859816155e-06,-5.026400000007758e-05,0.0007266666666666671,0.0006798766526515815,0.0007539599999999425,0.0007353702366666715,0.0007425027416054497,0.0007372051992960843
256,0.0,-4.3258456752875984e-05,-0.00025131999999997157,0.0007220000000000004,0.0007844730617117962,0.0007036960000000592,0.0007337406073333191,0.0007050546404775565,0.0007372051992960982
257,-4.9111111000005314e-05,-0.0003150940036171779,-0.0003015839999999659,0.0007169999999999954,0.0006682548329746546,0.0007036960000002673,0.0007337406073333469,0.0007373294984367035,0.0007316319269746047
258,-0.00017188888850000472,-0.000439688217163281,-0.0005026400000000264,0.0007123333333333287,0.0007089312186061708,0.000703696000000073,0.0007333332000000192,0.0007296029644115465,0.000692514471617528
259,-0.0003028518511666578,-0.0005062046098652517,-0.0005529040000000207,0.0007073333333333376,0.0007089312250723595,0.0007036959999998788,0.0007308887559999977,0.0007108669355455344,0.0007372051992961121
260,-0.0004256296286666572,-0.0007082896410685879,-0.0007148633537819304,0.0007023333333333326,0.0006508221155620691,0.0007036960000000592,0.0007272220899999793,0.0006979686431069221,0.0006869411992960761
261,-0.0005484074061666566,-0.0007225006706143844,-0.0008153937666018074,0.0006993333333333296,0.0007844730971265645,0.0007036960000000592,0.0007227406093333333,0.0007450760344243773,0.0007372051992960982
262,-0.0006629999985000024,-0.0008761645439764043,-0.0008153937666019739,0.0006963333333333266,0.0006275784882808916,0.0006534320000003979,0.0007170369066666488,0.0007237774436639477,0.0006869411992960622
263,-0.0007775925908332926,-0.0007638174975993506,-0.000820981113014263,0.0006913333333333355,0.000726364004651564,0.0007036959999997539,0.0007117406113333474,0.0007257307849154876,0.0006869411992960761
264,-0.0008267037018333534,-0.0008490490403613438,-0.00080422400000002,0.000686000000000006,0.0006624439865789422,0.0007036960000000592,0.0007084813526666706,0.0006559876186256197,0.0006869411992961039
265,-0.0008267037018333256,-0.0008374258355956787,-0.00080422400000002,0.0006826666666666648,0.0006508221771013151,0.0006534320000000787,0.0007048146866666521,0.0007257062703118489,0.0007260473955183616
266,-0.000818518516666672,-0.0007902851479152095,-0.0008321459533936482,0.000678999999999999,0.0006508221932779029,0.0007036960000000175,0.000701555428000003,0.0007509103000330059,0.0006925261328640797
267,-0.0008021481463333646,-0.0008148343450961881,-0.0007763020466063364,0.0006743333333333323,0.000732174988580192,0.0006534320000001342,0.0006995183913333369,0.0006850353873274762,0.0006925140695057674
268,-0.0008103333314999628,-0.0008806753032770953,-0.0008042239999999368,0.0006720000000000059,0.0006682549711188174,0.0007036960000000592,0.0006962591326666739,0.0007282999798474687,0.0006422741962223283
269,-0.000818518516666672,-0.0007257308138318153,-0.0008042240000000755,0.0006703333333333283,0.0006392004276061375,0.0006534320000000371,0.0006913702446666725,0.0006572832813093732,0.0006813442023698296
270,-0.0008185185166666442,-0.0008186984704142974,-0.0008544879999999311,0.0006663333333333382,0.0006508222755479687,0.0006534320000005506,0.0006868887639999988,0.0007244177328537688,0.0006869411992961039
271,-0.0008185185166666997,-0.0008548538858618171,-0.0008042240000000478,0.0006620000000000098,0.0006217677317224557,0.0006534320000000926,0.0006840369126666634,0.0006714892519276289,0.0006590289969262558
272,-0.000818518516666672,-0.0008419447795407764,-0.0008042239999999923,0.0006586666666666546,0.0007844733391066533,0.0007036959999995596,0.0006807776540000005,0.000647587319915946,0.000664589401665916
273,-0.000818518516666672,-0.0008619597367143794,-0.0008098063196074201,0.0006543333333333401,0.000598524129184555,0.0006534320000000648,0.0006750739513333298,0.0006798786851207189,0.0006701988640621659
274,-0.000818518516666672,-0.0007948081960760245,-0.0008489056803926143,0.0006489999999999968,0.000645011466823095,0.0006031680000006256,0.000669370248666673,0.0006592233837798972,0.0006534195345299781
275,-0.0008103333314999905,-0.0007915793426154227,-0.0008042239999999645,0.0006453333333333311,0.0006333896668128669,0.0006534320000000926,0.0006644813606666577,0.0006501700216922507,0.0006366771992960818
276,-0.0008021481463333369,-0.0008309655973296193,-0.0008042239999999923,0.0006423333333333281,0.0006973097588794386,0.000653431999999482,0.0006599998799999979,0.0006514785046004418,0.0006366896647660852
277,-0.0008021481463333369,-0.0008290302760496915,-0.0008544853860154022,0.0006379999999999997,0.0005985242393932166,0.0006534320000000787,0.0006559258066666795,0.0006359727899142159,0.0006422621328640576
278,-0.0008103333314999905,-0.0008270905302497633,-0.0008042266139846044,0.0006336666666666713,0.0006333897602546212,0.0006031680000007228,0.0006518517333333196,0.0006417852022925497,0.0006422621328640438
279,-0.0008021481463333369,-0.0008232174990946417,-0.00080422400000002,0.0006296666666666673,0.0006043352151986897,0.0006534319999994126,0.0006477776600000013,0.0006392069729400096,0.0006422621328640854
280,-0.0008021481463333369,-0.0007967444979667115,-0.0008042239999999923,0.0006256666666666633,0.0006682553228200272,0.0006031680000000567,0.0006428887719999998,0.0006863154253341358,0.0006422621328640299
281,-0.0008103333314999628,-0.0008451718668501251,-0.0008489004524231125,0.0006216666666666593,0.000645011697481615,0.0006534320000000648,0.0006375924766666707,0.0006114539821148318,0.0006143249995541888
282,-0.0008021481463333646,-0.0008296724784136178,-0.0008098115475768386,0.0006173333333333447,0.0006450117362999663,0.0006031680000000705,0.0006327035886666971,0.0006017590442149306,0.0006199352661739321
283,-0.0008103333314999905,-0.0008516262618547266,-0.0008209759856271648,0.0006133333333333407,0.0005985244399113465,0.0006031680000000567,0.0006286295153333094,0.0006166004724392077,0.0006031551324182371
284,-0.0008267037018333256,-0.0008148230920838884,-0.0008153937666019462,0.0006096666666666334,0.000604335393099828,0.0006031680000000705,0.0006237406273333634,0.0006391749905498012,0.0006311051333098838
285,-0.0008267037018333256,-0.0008283814189190275,-0.0008265662477709435,0.0006053333333333327,0.0005985245129438432,0.0006031680000000983,0.0006184443319999927,0.0006321272821905033,0.0005919852652822855
286,-0.000818518516666672,-0.0007973914945428595,-0.0008042240000000062,0.0006010000000000321,0.0005520372058285539,0.000603168000000015,0.0006139628513333328,0.0006043375483519159,0.0005920110004458135
287,-0.0008103333315000322,-0.0008709938964478192,-0.0008042239999999506,0.0005966666666666343,0.0005752809130390585,0.0006031680000000844,0.0006090739633333314,0.000576569842437244,0.0005919981328640495
288,-0.0008103333314999905,-0.0008148224899635487,-0.0008544880000000421,0.0005933333333333346,0.0006450119769724344,0.0005529040000000346,0.0006033702606666608,0.0005978646607815996,0.0005919981328640633
289,-0.0008185185166666581,-0.0007864114067634986,-0.0008042240000000062,0.0005896666666666689,0.000581091912257109,0.0006031680000000705,0.0005968517433333209,0.0006501779327868357,0.0005696455310103682
290,-0.0008103333315000183,-0.000855501453842264,-0.0008042239999999645,0.0005846666666666916,0.0005404155143088757,0.0006031679999991546,0.0005907406333333781,0.0005417178846361947,0.0005640867347177364
291,-0.000802148146333323,-0.0008025526125895188,-0.0008544880000000282,0.0005803333333333077,0.0006450121119525865,0.000552904000001006,0.0005854443379999658,0.0005849665760873646,0.0005919981328640495
292,-0.0008021481463333369,-0.000832901951343612,-0.0008042239999999784,0.0005766666666666836,0.0005752811165893046,0.0006031679999990713,0.0005801480426666505,0.0006185484533393348,0.0005528907303064962
293,-0.0008021481463333369,-0.0008232130397546195,-0.0008042239999999923,0.0005726666666666796,0.00047068458136133307,0.0005529040000010199,0.0005744443400000077,0.0005416893636613074,0.0005808415354216084
294,-0.0008021481463333369,-0.0008135330979869154,-0.0008042240000000339,0.0005690000000000001,0.0006217685654041072,0.000552904000000104,0.0005691480446666647,0.0005526959658706948,0.000541734132864069
295,-0.0007939629611666693,-0.0008251505333822517,-0.0008544851848505813,0.0005656666666666588,0.0005869030857321711,0.0005529040000000623,0.0005654813786666602,0.000568165925286121,0.000541734132864069
296,-0.0007775925908333203,-0.0007793109892828831,-0.0008042268151494114,0.0005620000000000069,0.0004997392981883758,0.000603167999999002,0.0005614073053333141,0.0005159074023233512,0.0005417341328640274
297,-0.000777592590833362,-0.00082644199473067,-0.0008042240000000062,0.0005586666666666518,0.0006682560927542686,0.0005529040000011171,0.0005561110100000127,0.0005726702077633039,0.0005417341328640551
298,-0.0007857777759999879,-0.0008335460955327667,-0.0008042239999999784,0.0005549999999999999,0.0005404158433230805,0.0005529040000000623,0.0005508147146666698,0.0005275187252093555,0.000541734132864069
299,-0.0007939629611666554,-0.0008064263367199287,-0.0008544880000000143,0.0005496666666666705,0.0004590629540582175,0.0005529040000000901,0.0005459258266666683,0.0005675481991456871,0.0005417341328640274
300,-0.0008103333315000183,-0.0008722881698713797,-0.0008042240000000062,0.0005453333333333282,0.0006217688610453548,0.0005529039999989105,0.0005406295313333254,0.0004926347834778022,0.0004914701328641025
301,-0.0008021481463333369,-0.0008141716141641109,-0.0008042240000000062,0.0005420000000000008,0.00048811765147764585,0.0005529040000000485,0.0005341110139999994,0.0005513913647779145,0.0005417341328640135
302,-0.0007939629611666693,-0.0008270910794163644,-0.0008544879999999866,0.0005380000000000107,0.0005694706397851301,0.0005026400000012338,0.0005271850893333596,0.0005036032328413487,0.000491470132864047
303,-0.000802148146333323,-0.0008245027193298088,-0.0008042239999999784,0.0005336666666666684,0.0005462269880068538,0.0005529040000000623,0.0005210739793333197,0.0004945781119051335,0.000491470132864047
304,-0.0008021481463333646,-0.0008154682389047568,-0.0008042239999999923,0.0005296666666666505,0.0004881177742778603,0.0005026400000000542,0.0005161850913333182,0.0004868271181366485,0.0005417341328640829
305,-0.0008021481463333091,-0.000834189400341287,-0.0008544880000000421,0.0005263333333333509,0.0004939287395448744,0.0005529039999988133,0.0005117036106666861,0.0006030300806726258,0.000491470132864047
306,-0.0008021481463333507,-0.0008219234250289309,-0.0008042239999999645,0.0005226666666666713,0.0005636599049211738,0.0005026400000013309,0.0005072221299999985,0.00041775904130313124,0.000491470132864047
307,-0.0008021481463333369,-0.0008290235353289738,-0.0008042240000000062,0.0005180000000000046,0.0005171725369954583,0.000502640000000068,0.0005027406493333525,0.0004997484257732304,0.0004914701328640608
308,-0.0008103333315000044,-0.000827088921383487,-0.00080422400000002,0.0005129999999999996,0.0004823070138240404,0.000552903999998744,0.0004974443539999679,0.00051588364085281,0.00044120613286405264
309,-0.000818518516666672,-0.0008174035662646961,-0.0008544880000000143,0.0005089999999999956,0.0005287944831636193,0.000502640000000068,0.0004929628733333496,0.0004816669407594343,0.000491470132864047
310,-0.0008103333315000044,-0.0008245024286629432,-0.0008544879999999866,0.000505666666666682,0.0005404163907845455,0.0005026400000000403,0.0004884813926666481,0.0004629316413635315,0.0004412061328640804
311,-0.0008021481463333369,-0.0007877035690085216,-0.0008042240000000062,0.0005026666666666513,0.00041838691901527336,0.0005026400000000264,0.0004823702826666776,0.0005023185170402733,0.000491470132864047
312,-0.0008103333315000044,-0.0008380635528705827,-0.0008433152170840147,0.0004983333333333506,0.0005229836933725446,0.0005026400000000542,0.00047585176533332385,0.0004358139428327634,0.00044120613286405264
313,-0.0008185185166666581,-0.0008348356050391775,-0.0008153967829159781,0.0004933333333333179,0.00048230722842516893,0.0004523760000014615,0.0004685184333333564,0.00046359679138927024,0.00044120613286405264
314,-0.0008185185166666858,-0.0008109449578352634,-0.0008042240000000062,0.0004893333333333277,0.0004706854092822871,0.0005026400000000958,0.00046240732333333034,0.000491340786202249,0.0004412061328640249
315,-0.0008267037018333395,-0.0008219223182480834,-0.0008265605168899515,0.0004863333333333525,0.00048811824640317136,0.0005026399999985554,0.00045711102800000125,0.000447440801596255,0.0004412061328640804
316,-0.0008267037018333395,-0.0008245032066230978,-0.0008321514831100552,0.00048233333333332074,0.0004416308336375324,0.0004523760000015725,0.00045059251066667527,0.0004325955634728873,0.00044120613286405264
317,-0.0008267037018333395,-0.0008542054780889541,-0.0008042239999999923,0.0004780000000000062,0.0005229839308276141,0.0005026399999985554,0.00044366658599998,0.0004099663078090121,0.00044120613286405264
318,-0.0008267037018333256,-0.0008296700219733999,-0.0008042239999999923,0.0004736666666666639,0.00044163091673525556,0.00045237600000155864,0.000436740661333368,0.0004752371930698551,0.0003909421328640583
319,-0.0008185185166666997,-0.0008412934922844284,-0.0008544880000000005,0.0004683333333333345,0.00046487469108413837,0.0004523760000000737,0.0004306295513333558,0.00041775547737796237,0.00043005074175692104
320,-0.000818518516666672,-0.0008477449225928746,-0.0007818813498999128,0.0004649999999999932,0.0005229840794710727,0.0005026399999984721,0.00042533325599999894,0.0004048075725337774,0.0004020975239711899
321,-0.0008267037018333256,-0.0007999704861672008,-0.0008265666501000996,0.00046266666666668066,0.00045325291397303735,0.00045237600000005984,0.00042044436799998364,0.00041710496825062005,0.00039095660889285067
322,-0.0008267037018333395,-0.0008316055098835928,-0.0008042239999999923,0.0004586666666666489,0.0003835217295333898,0.0004523760000000321,0.00041514807266665454,0.0004022348465950176,0.0003965270664320064
323,-0.000818518516666672,-0.0008451651158380563,-0.0008544879999999727,0.00045366666666667166,0.00044744205654385916,0.00045237600000004596,0.000408222147999987,0.0004164577606596276,0.00039652706643203417
324,-0.0008185185166666581,-0.0007986799168087366,-0.0008544880000000282,0.00044900000000000495,0.00044744209873193164,0.00045237600000004596,0.0004008888160000057,0.00037643023175035206,0.00037975778969934204
325,-0.0008185185166666858,-0.0008425811191597743,-0.0008042239999999784,0.00044566666666667754,0.0003777108957537384,0.0004523760000000321,0.0003947777059999935,0.0003415696932854706,0.0003909421328640028
326,-0.0008103333315000044,-0.0008161100039439095,-0.00080422400000002,0.00044233333333332236,0.0005520390567509414,0.00040211200000180025,0.0003907036326666613,0.0004248110972236152,0.0003686172767327911
327,-0.0008021481463333369,-0.0008070707724024268,-0.0008544880000000143,0.00043866666666667053,0.000337034404096867,0.00045237599999829736,0.0003862221520000153,0.00040484118856382034,0.000363002988995359
328,-0.0008021481463333369,-0.0008451649359625668,-0.0007539600000000118,0.00043433333333332824,0.000476496958770542,0.00045237600000004596,0.00038011104199997536,0.0003583520057548195,0.00034067813286403625
329,-0.0008103333315000044,-0.0007864105657551523,-0.0008042239999999645,0.00042933333333332324,0.0004300094938993193,0.0004021120000000933,0.00037399993199999093,0.0003215630526536284,0.00038537207743666313
330,-0.000818518516666672,-0.0008051337212754694,-0.0008544880000000143,0.0004250000000000226,0.00043000953541708076,0.00040211200000180025,0.0003670740073333234,0.0004041531483877925,0.00034624818829143145
331,-0.0008103333315000044,-0.0008393539528570859,-0.0008042239999999784,0.00042166666666665353,0.00039514393437123374,0.000452375999998228,0.0003605554899999974,0.0003480061979200255,0.0003406781328641195
332,-0.0008103333315000044,-0.0008161102873010806,-0.0008042239999999923,0.0004190000000000027,0.0004241986752082372,0.0004021120000000933,0.0003564814166666652,0.0003848088955675233,0.0003406781328640085
333,-0.000818518516666672,-0.0008277312129260361,-0.0008265603157253942,0.0004149999999999987,0.0003835221256978938,0.00040211200000006553,0.00035322215799998835,0.0003170299846025626,0.00034067813286403625
334,-0.000818518516666672,-0.0008303147092958013,-0.0008321516842746401,0.0004099999999999937,0.0004939300609230479,0.00040211200000001,0.00034874067733334235,0.00030605209884737583,0.00031276874527649823
335,-0.000818518516666672,-0.0007960957761790621,-0.0008042239999999784,0.00040566666666669304,0.000325412777408024,0.00040211200000001,0.0003430369746666717,0.00032605379864389383,0.0003183235204516355
336,-0.000818518516666672,-0.0008122367512604645,-0.0008042240000000062,0.00040166666666663353,0.00041257695037824615,0.00040211200000006553,0.0003369258646666595,0.00033185952909742245,0.00032393861241242217
337,-0.0008185185166666581,-0.0008270868582159197,-0.0008544880000000005,0.0003976666666666573,0.00041257699116228896,0.00040211200000003777,0.00033040734733333355,0.00033446658590283174,0.0003071536533156838
338,-0.0008185185166666997,-0.0008167536623533977,-0.0008042239999999923,0.0003936666666666533,0.00041257703231589726,0.00040211200000006553,0.00032388883000000757,0.00030604007560991464,0.00033510847954837386
339,-0.0008267037018333256,-0.0008006176244318153,-0.00080422400000002,0.0003903333333333536,0.0004125770738386825,0.0004021119999980116,0.0003181851273333369,0.00029183552304251625,0.0002959990664320178
340,-0.000818518516666672,-0.0008451657168709881,-0.0008544846819390911,0.0003863333333332941,0.0003777114423517136,0.00035184800000204186,0.00031370364666666317,0.0003364002809189415,0.00029599906643204554
341,-0.0007939629611666832,-0.0008387046424122718,-0.0008042273180609016,0.0003813333333333446,0.00033122390933706947,0.00040211200000006553,0.00031003698066670027,0.0003557384334287317,0.00029599906643204554
342,-0.0008103333314999905,-0.0008245056225384267,-0.0008042239999999923,0.00037699999999998846,0.000400955295358274,0.0003518480000000712,0.00030596290733331255,0.00025119958088601346,0.0002792289854757768
343,-0.000818518516666672,-0.0008348329754404166,-0.0008544880000000143,0.0003733333333333644,0.0003835224943272708,0.00040211199999792835,0.00030025920466666967,0.00028471915516181667,0.00026250514738826447
344,-0.0008103333315000044,-0.0008186947546440365,-0.0008488997483470373,0.00037033333333330587,0.00036608968852042123,0.00035184800000212513,0.0002941480946666575,0.0003066822760691146,0.0002959990664320178
345,-0.000818518516666672,-0.0008083601600341189,-0.0007595482516529473,0.0003673333333333306,0.00036027877456654145,0.00035184800000004346,0.0002876295773333315,0.0002931054871341543,0.0002959990664320178
346,-0.0008103333315000044,-0.0008619538214073297,-0.0008042240000000062,0.0003633333333333266,0.0003312240642016073,0.00040211199999787284,0.00028151846733334707,0.00026153782385823776,0.0002457350664320235
347,-0.0008103333315000044,-0.0008161085387999173,-0.0008042239999999923,0.00035899999999997045,0.00041257738296754387,0.00035184800000004346,0.0002774443939999871,0.00025697173221514436,0.00024573506643205123
348,-0.0008103333315000044,-0.0008148186265796303,-0.0008544880000000005,0.00035500000000002196,0.00036608982781158317,0.00035184800000223615,0.0002733703206666549,0.0002414632293352703,0.0002959990664320733
349,-0.0008103333315000044,-0.0008232163577999718,-0.0008042240000000062,0.0003513333333333424,0.00030216940829455585,0.00035184799999779526,0.0002705184693333196,0.00028151591870503867,0.00024573506643196796
350,-0.0008103333315000044,-0.0007993196853234436,-0.0008042240000000062,0.0003479999999999872,0.00033703513782662453,0.0003518480000000157,0.000267666618000012,0.0002924596088871301,0.00024573506643205123
351,-0.0008021481463333369,-0.000796741721556693,-0.0008265601145607815,0.0003446666666666598,0.0003486570710483361,0.0003518480000000157,0.0002627777299999967,0.00019179797754356742,0.0002457350664320235
352,-0.0007939629611666693,-0.0008296712094325032,-0.0008321518854392251,0.0003413333333333324,0.00035446805573516316,0.0003015840000023251,0.00025625921266667073,0.0002575974138898929,0.00024573506643205123
353,-0.0007857777760000018,-0.0008225652958741003,-0.0008042239999999923,0.0003373333333333284,0.00036608999490767014,0.00035184800000004346,0.0002485184733333201,0.0002363178761873308,0.00019547106643197365
354,-0.0007857777759999879,-0.0007922222580631078,-0.0008042240000000062,0.0003323333333333234,0.0002847366879568103,0.00035184799999768424,0.00024199995599999413,0.00022726948067358643,0.00024573506643205123
355,-0.0007939629611666832,-0.0008509771152815648,-0.0008544879999999866,0.00032766666666667055,0.0003660900600414019,0.0003015840000024639,0.0002362962533333235,0.00024148692362616075,0.0002345812837718786
356,-0.0007857777760000018,-0.0008257941869835583,-0.0008042239999999784,0.00032366666666666655,0.0002731148307841824,0.0003015839999999659,0.00023222217999999129,0.00019177466121145237,0.0002066248490921463
357,-0.0007775925908333342,-0.000845166790176155,-0.00080422400000002,0.0003190000000000137,0.00030798057869732554,0.0003518479999976565,0.00022937032866665596,0.000205285581767356,0.00019547106643205692
358,-0.0007939629611666693,-0.00081029851930009,-0.0008042240000000062,0.00031566666666665855,0.00032541347040879187,0.00030158399999999363,0.0002257036626666653,0.00026794805613214456,0.0002457350664320235
359,-0.0008103333315000044,-0.0008096562404869279,-0.0008544880000000005,0.00031266666666665555,0.000337035411416331,0.0003015840000024361,0.0002216295893333331,0.00023181140927441835,0.00019547106643202916
360,-0.0008185185166666581,-0.000822566126334856,-0.0008042239999999923,0.0003083333333332994,0.00032541353113754723,0.0003015840000001324,0.0002175555160000009,0.00018143491572017445,0.0001954710664320014
361,-0.0008021481463333507,-0.0008174014036856081,-0.00080422400000002,0.0003043333333333509,0.00023824921152360012,0.00030158399999999363,0.00021266662800001335,0.00020402005607664253,0.00019547106643202916
362,-0.0007939629611666693,-0.0008445214807549506,-0.0008544879999999935,0.0003003333333333469,0.0003021697550106561,0.0003015840000000769,0.00020614811066668737,0.00021502441072387968,0.00019547106643205692
363,-0.0008103333314999975,-0.0008212754894249136,-0.0008042239999999853,0.0002956666666666663,0.0003079807388165212,0.00030158399999749563,0.00019922218599996433,0.00018335884437548078,0.0001787327523157245
364,-0.0008267037018333395,-0.000844519718224919,-0.0008042239999999992,0.00029100000000001347,0.0002963588500032033,0.0003015840000000214,0.00019351848333332144,0.00018531087464329632,0.00016194538054831176
365,-0.0008185185166666512,-0.0008174026568352755,-0.0008321448469882503,0.0002873333333333339,0.00029054791691407456,0.00025132000000260835,0.00018903700266667545,0.00016015274707553706,0.0001954710664320014
366,-0.0008103333314999975,-0.0008251516000613093,-0.0008265671530117494,0.0002839999999999787,0.00030216985972880694,0.0003015839999974401,0.0001845555220000017,0.0001271387927619938,0.00014522355301965773
367,-0.000818518516666672,-0.0008290251524145018,-0.0008042239999999992,0.0002800000000000302,0.0002673041290139344,0.00030158400000004915,0.00018007404133332794,0.0002402131532076024,0.00019545457984443404
368,-0.000818518516666665,-0.0008329016262514852,-0.0008153901467942287,0.0002763333333333229,0.0002208164702934834,0.0002513199999999993,0.00017681478266667883,0.00020014599153678203,0.0001452070664320071
369,-0.0008267037018333256,-0.0007941554198009973,-0.0008433218532057848,0.0002730000000000232,0.00027311512796174275,0.0002513200000026916,0.0001743703386666573,0.00014207258469486894,0.0001619783537235575
370,-0.0008267037018333395,-0.0008115960858668253,-0.0008042239999999853,0.0002689999999999637,0.0002556822675623682,0.00030158399999735686,0.0001702962653333251,0.00017108350146455287,0.00015079199999998294
371,-0.0008103333314999905,-0.0008206319798316486,-0.0008544880000000143,0.00026466666666666305,0.00026730420970194624,0.0002513200000000271,0.000164999969999996,0.00015754562758640844,0.0001507920000000107
372,-0.000818518516666672,-0.0008238559445512411,-0.0008544879999999935,0.0002600000000000102,0.0002963590401816596,0.0002513200000000826,0.0001597036746666669,0.00015365819046481155,0.00015079199999998294
373,-0.0008348888870000001,-0.0007928693600617112,-0.0008042240000000062,0.00025566666666665405,0.00020919463255189563,0.0002513199999999438,0.0001544073793333378,0.00015238034259737465,0.00015079199999998294
374,-0.000818518516666665,-0.0008400025268458788,-0.0008042239999999992,0.0002513333333333534,0.0002324384961612247,0.0002513200000000271,0.0001495184913333225,9.688238506791458e-05,0.00010609604486866431
375,-0.000818518516666665,-0.0007515390013345807,-0.0008042240000000062,0.00024766666666664605,0.00024406043864921845,0.0002513200000000826,0.0001446296033333072,0.0001491094297949025,0.00014522395513133501
376,-0.0008348888870000001,-0.0008380687390320413,-0.0008544842797365351,0.0002449999999999952,0.00018595082260924878,0.0002513200000000271,0.00014014812266671672,0.00012138660149824121,0.00014519017773276244
377,-0.0008267037018333326,-0.000854213335643908,-0.0008042277202634646,0.00024099999999999122,0.00029635914543271746,0.00025131999999997157,0.00013688886399998434,0.00015173865120265972,0.00010612982226723688
378,-0.0008267037018333256,-0.0008645145527780562,-0.0008042239999999923,0.00023633333333336615,0.00022662760004588112,0.00020105600000006052,0.00013362960533333523,0.00014204396116068718,0.00013402031059675523
379,-0.0008267037018333395,-0.0008038732412626107,-0.0008544880000000005,0.00023233333333330664,0.00023824954537357557,0.0002513200000000271,0.00013037034666665837,0.00011814656028738546,9.494306643204053e-05
380,-0.0008103333314999975,-0.0009187525751065267,-0.0008042240000000062,0.0002283333333333304,0.00024406052815917345,0.0002010559999999495,0.0001262962733332984,0.00012914050316301107,0.0001228846229712477
381,-0.000802148146333323,-0.0007237993460870867,-0.0008042239999999992,0.0002243333333333264,0.000209194753196279,0.00025132000000005483,0.00012059257066668327,9.749712138587552e-05,0.00010052799999998863
382,-0.0008021481463333299,-0.0008625920094766856,-0.0008209748794536995,0.00021966666666667356,0.0001859509032223483,0.000201056000000005,0.00011529627533332643,0.00011557175544227305,0.00010052799999998863
383,-0.0008021481463333369,-0.0008193420508589011,-0.0008377371205462933,0.00021499999999999297,0.00022081671166376826,0.000201056000000005,0.00011040738733333888,8.910748005550029e-05,0.00010052800000001638
384,-0.0008103333314999975,-0.0007993252239666473,-0.0008042240000000062,0.00021066666666666456,0.0001743289937369552,0.00025132000000005483,0.00010551849933332358,0.00012913666301961335,0.00010052799999996087
385,-0.000818518516666665,-0.0008103061389648711,-0.0008544879999999935,0.00020700000000001273,0.0002033838381607922,0.00020105600000003276,0.00010225924066667447,6.261340649307834e-05,9.492577562095206e-05
386,-0.0008021481463333299,-0.0008245006031136273,-0.0008544880000000005,0.00020333333333333314,0.00022662772081669114,0.00020105600000006052,0.00010022220399999449,9.300149035001981e-05,9.494306643204053e-05
387,-0.0007939629611666693,-0.0008464695073061787,-0.0008042239999999992,0.0001993333333333569,0.00019176193037456768,0.00020105599999997725,9.818516733334226e-05,0.00010975280599465065,6.145115794700673e-05
388,-0.0008103333314999975,-0.000801905854281075,-0.0008042240000000062,0.00019600000000000173,0.0002033838783695452,0.0001507920000000107,9.53333160000347e-05,0.00011040043126153698,0.00010052800000001638
389,-0.0008103333314999975,-0.0008090138908657882,-0.0008042239999999992,0.00019166666666664556,0.00019176195459191803,0.00020105600000003276,9.166664999996077e-05,5.682038599741368e-05,0.00010052800000001638
390,-0.0008103333314999975,-0.0008587211144743187,-0.0008544879999999935,0.0001873333333333449,0.00017432905987732616,0.00020105600000003276,8.799998399999787e-05,0.00010459950600039125,5.026399999999431e-05
391,-0.0008103333315000044,-0.0006966760393025961,-0.0008042240000000062,0.0001843333333333419,0.0001859510079911253,0.00020105600000006052,8.4740725333321e-05,7.360563978453527e-05,0.00010052799999998863
392,-0.000802148146333323,-0.0008458087066824105,-0.0008042239999999992,0.0001806666666666623,0.0001510852022180431,0.00015079199999995518,8.229628133332723e-05,7.942270448008104e-05,5.583124064514888e-05
393,-0.0008103333314999975,-0.0009155531505949319,-0.0008042239999999992,0.0001753333333333329,0.00015108520961032434,0.00020105600000003276,8.0259244666675e-05,7.617813813962093e-05,9.494306643201278e-05
394,-0.0008267037018333326,-0.0007909284062009303,-0.0008544840788876698,0.00017066666666668007,0.0001975729775957058,0.0001507920000000107,7.822220799999502e-05,8.524186376232534e-05,5.028169292289886e-05
395,-0.0008267037018333326,-0.0007986821989772325,-0.0008042279211123229,0.0001673333333333249,0.0001568961971473437,0.00020105599999678536,7.61851713333428e-05,5.9392889713544283e-05,8.934043994116014e-05
396,-0.000818518516666672,-0.0008335469977574159,-0.0008042240000000062,0.00016399999999999748,0.00016270717590069483,0.0001507920000032581,7.414813466666281e-05,8.522555070628046e-05,6.145156005879504e-05
397,-0.0008185185166666581,-0.0008367786202980315,-0.0008377293787460785,0.00016033333333334565,0.00019176203986631668,0.00015079200000003845,7.251850533332438e-05,9.812442744513983e-05,5.026399999999431e-05
398,-0.000818518516666665,-0.0008245080979003838,-0.0008209826212539281,0.00015566666666666507,0.00011621942398015728,0.00015079199999998294,7.08888760000137e-05,3.5538242269622655e-05,7.258563923728811e-05
399,-0.000818518516666665,-0.0008316079117556552,-0.0008042239999999992,0.00015100000000001224,0.00015108525781440396,0.0001507920000000662,6.844443199999217e-05,4.002496552396595e-05,7.820636076272258e-05
400,-0.000818518516666665,-0.0008180565835800152,-0.000753959999999998,0.00014733333333333265,9.878651879699496e-05,0.0001507920000000107,6.477776600000151e-05,9.94405024840328e-05,5.026399999999431e-05
401,-0.0008103333314999975,-0.0008600231962740193,-0.000854487999999997,0.00014366666666665306,0.0001510852702730492,0.00015079199999665227,6.111110000001085e-05,5.616446020403898e-05,5.026399999999431e-05
402,-0.0008021481463333334,-0.000830321911859961,-0.0008042239999999957,0.00014000000000000123,0.00016851819499055787,0.00010052800000340256,5.948147066667242e-05,2.775521214090637e-05,5.026399999999431e-05
403,-0.0008021481463333334,-0.0008031973974080217,-0.0008042240000000062,0.00013566666666667282,0.0001104084776949732,0.0001507920000000107,5.8666655999989326e-05,8.00748085550973e-05,5.026399999999431e-05
404,-0.0008021481463333369,-0.0008400061534092097,-0.0008544880000000005,0.0001313333333333444,0.0001394633460367889,0.000150791999996569,5.7851841333333986e-05,8.198257696295785e-05,5.026399999999431e-05
405,-0.0007939629611666624,-0.0007993328497326903,-0.0008042239999999957,0.00012766666666666482,8.135362151631687e-05,0.00010052800000348583,5.5814804666654005e-05,3.293720867689198e-05,5.0264000000049824e-05
406,-0.0007939629611666624,-0.0007941634678636997,-0.0008042239999999992,0.00012366666666666082,0.00012203043641595412,0.00010052800000001638,5.2555546000004894e-05,2.7774041756495338e-05,5.026400000002207e-05
407,-0.0007939629611666693,-0.0008135329876373838,-0.0008042240000000062,0.0001193333333333324,0.00015689628270632028,0.0001507919999965135,4.848147266667269e-05,6.713219300436002e-05,2.2321237125477733e-05
408,-0.0007939629611666693,-0.0008174109251223478,-0.000854487999999997,0.00011566666666665282,0.00010459752638999897,0.0001005280000035691,4.399999199999893e-05,3.4878494069495725e-05,2.794276287446107e-05
409,-0.0008021481463333299,-0.0007980385583892802,-0.0008042240000000027,0.0001123333333333254,0.0001045975300618951,0.00010052799999998863,4.196295533334671e-05,3.744638763494845e-05,5.026400000002207e-05
410,-0.0007939629611666693,-0.0008051421285060166,-0.0008042239999999992,0.00010766666666667257,0.00011040850794705181,0.00010052800000001638,4.114814066666361e-05,4.196602507627878e-05,5.026399999999431e-05
411,-0.0007857777759999948,-0.0008122402913336088,-0.000843314111419094,0.00010333333333334416,0.00013365240984791749,0.00015079199999643023,4.033332600003603e-05,6.262938860226996e-05,0.0
412,-0.0008021481463333369,-0.0008710056282666516,-0.0008153978885809057,9.999999999998899e-05,0.00011040851703555954,0.00010052799999998863,3.992591866663897e-05,3.0356860121427687e-05,5.026399999999431e-05
413,-0.0008185185166666616,-0.0007818934462245249,-0.0008042239999999992,9.600000000001274e-05,4.648779787902457e-05,5.0264000003630294e-05,3.870369666666984e-05,2.5172354727737156e-05,3.9075635717727986e-05
414,-0.0008021481463333369,-0.0008342049403146506,-0.0008042239999999992,9.166666666665657e-05,0.00010459754790134723,0.00010052800000001638,3.625925266667607e-05,1.1624089121642367e-05,1.1188364282321839e-05
415,-0.0007939629611666624,-0.0008503320214998285,-0.0008377291778972028,8.733333333332816e-05,6.392072554456396e-05,0.00010052799999640816,3.259258666665765e-05,5.1642370884369404e-05,5.026399999996656e-05
416,-0.0007939629611666658,-0.0008116028184171585,-0.0008209828221028004,8.366666666667633e-05,9.87865785649078e-05,0.00010052799999996087,2.8518513333325446e-05,1.421104265916795e-05,0.0
417,-0.0007857777760000052,-0.0008232211637237696,-0.0008042239999999992,8.033333333332116e-05,8.716463089947224e-05,5.026400000371356e-05,2.5666661999990126e-05,3.874414467447407e-05,5.026399999996656e-05
418,-0.0008021481463333299,-0.0008193468580452723,-0.0008042239999999992,7.599999999999274e-05,0.0001045975604926086,0.00010052799999632489,2.4037032666679448e-05,2.066341077447409e-05,0.0
419,-0.000818518516666665,-0.0008044990139612074,-0.0008544880000000005,7.20000000000165e-05,2.9054878577655652e-05,5.026399999996656e-05,2.3629625333365656e-05,6.0677231656869335e-05,5.026400000002207e-05
420,-0.000810333331500001,-0.0008303252840739968,-0.0008042239999999992,6.83333333332814e-05,6.973170975935195e-05,5.026400000376907e-05,2.362962533328239e-05,4.534838918657247e-06,0.0
421,-0.0008103333315000027,-0.000795455186180823,-0.000804224000000001,6.366666666668408e-05,0.00011621951994816859,0.00010052799999621387,2.3629625333365656e-05,1.2891533437142666e-06,0.0
422,-0.0008267037018333308,-0.0008342042089753837,-0.000854487999999997,5.933333333332791e-05,-2.905488041687887e-05,5.026399999999431e-05,2.2814810666654806e-05,1.7437297101907667e-05,5.026399999999431e-05
423,-0.0008267037018333326,-0.0008167642728742781,-0.0008042239999999975,5.5666666666703835e-05,9.297561836335566e-05,5.026400000002207e-05,2.1185181333344127e-05,2.581123878281355e-05,0.0
424,-0.0008267037018333308,-0.0008051470041165777,-0.0008544880000000057,5.166666666664432e-05,2.324390505378804e-05,5.026400000002207e-05,1.9555552000005694e-05,1.0343769396459201e-05,5.026399999999431e-05
425,-0.0008267037018333343,-0.0008432348105647872,-0.0008042239999999992,4.799999999999249e-05,5.2298787044186e-05,5.026399999999431e-05,1.7518515333325713e-05,4.13158990478224e-05,0.0
426,-0.0008185185166666668,-0.0008464718151028165,-0.0008544880000000005,4.399999999998849e-05,5.2298787980575856e-05,5.026399999996656e-05,1.588888599998728e-05,1.8085198237399736e-05,0.0
427,-0.0008267037018333326,-0.00080901671769411,-0.0008042239999999992,3.966666666666008e-05,5.229878891954698e-05,0.0,1.5481478666673487e-05,-2.4312974827855882e-08,5.026400000002207e-05
428,-0.0008267037018333308,-0.0008038572713936921,-0.0008042239999999992,3.566666666665608e-05,2.3243906492331767e-05,5.026399999999431e-05,1.548147866664573e-05,3.23053073228996e-05,0.0
429,-0.0008185185166666685,-0.0007986882473669035,-0.0008433139105702208,3.233333333332866e-05,5.810976651920985e-06,5.026399999999431e-05,1.5888886000015034e-05,-1.3565607258292367e-05,0.0
430,-0.0008185185166666668,-0.0008258087664327731,-0.000815398089429778,2.9000000000001247e-05,1.743293002334778e-05,0.0,1.6296293333328826e-05,1.808970777772423e-05,5.026400000002207e-05
431,-0.0008103333314999992,-0.0008277415015688514,-0.0008042240000000027,2.4666666666672832e-05,5.229879069348908e-05,5.026400000002207e-05,1.588888599998728e-05,4.195255094502359e-05,0.0
432,-0.0008021481463333343,-0.0008490533368438677,-0.0008544879999999996,2.1333333333345417e-05,3.486586098361277e-05,0.0,1.507407133333194e-05,-8.39142138922555e-06,0.0
433,-0.0008103333315000001,-0.0007961094814537724,-0.0008377289770483288,1.8333333333342416e-05,-1.7432930543459513e-05,0.0,1.3851849333335053e-05,1.2919984807430174e-05,0.0
434,-0.0008185185166666676,-0.000810312151733006,-0.0008209830229516709,1.4999999999987246e-05,-2.905488400747891e-05,5.026399999999431e-05,1.2629627333338167e-05,4.0031163949710846e-05,5.026399999999431e-05
435,-0.0008103333314999996,-0.000834199841442809,-0.0008042240000000001,1.2333333333336416e-05,5.229879142379379e-05,0.0,1.1814812666655072e-05,1.678725946546722e-05,0.0
436,-0.0008185185166666663,-0.000686349033759947,-0.0006534320000000002,1.0000000000010001e-05,2.3243907602166214e-05,0.0,1.140740533334128e-05,6.44534894927995e-06,0.0
437,-0.0007939629611666667,-0.0006637445308298705,-0.0005529039999999999,7.66666666665583e-06,-1.8041124150158794e-15,-5.026399999999431e-05,1.0999997999999733e-05,-1.1599359435010559e-05,0.0
438,-0.0006957407391666667,-0.0004610059950175513,-0.0004523760000000001,5.66666666665383e-06,-2.3243907599529434e-05,0.0,1.0999997999999733e-05,1.6128015885519265e-05,5.026399999996656e-05
439,-0.0005647777765,-0.0003841778975259904,-0.00035184800000000004,4.333333333328415e-06,4.440892098500626e-16,0.0,1.0999997999999733e-05,2.1952566720384592e-05,0.0
440,-0.00044199999900000034,-0.0002337296783355909,-0.000201056,3.6666666666795855e-06,5.8109768819036844e-06,-5.026400000002207e-05,1.0185183333344394e-05,1.6146146350426438e-05,0.0
441,-0.0003274074066666667,-0.00012203193447362778,-5.026399999999998e-05,2.333333333326415e-06,2.9054884589901908e-05,0.0,9.3703686666613e-06,0.0,0.0
442,-0.00021281481433333332,-8.391945551298553e-06,0.0,6.666666666765853e-07,-2.3243907694564525e-05,0.0,8.55555400000596e-06,-1.2258463730069336e-05,0.0
443,-9.8222222e-05,-5.811598041119738e-06,0.0,0.0,5.8109769063563466e-06,0.0,7.740739333322866e-06,2.1927370578073146e-05,0.0
444,-1.6370370333333336e-05,1.807755104113054e-05,0.0,0.0,-1.1621953799417772e-05,0.0,7.333332000009074e-06,7.1229552933982365e-06,5.026399999999431e-05
445,0.0,-5.294130611185271e-05,0.0,0.0,-5.8109768837355524e-06,0.0,7.33333200003683e-06,1.2913291172672592e-05,0.0
446,0.0,4.8422798618717914e-05,0.0,0.0,1.1621953775353688e-05,0.0,7.3333319999813185e-06,-1.6141590713614207e-05,0.0
447,0.0,-4.003380451108461e-05,0.0,0.0,2.9054884648382906e-05,0.0,7.333332000009074e-06,-1.3584389051940482e-05,0.0
448,0.0,3.164011587092876e-05,0.0,0.0,-2.9054884646051438e-05,0.0,6.925924666667527e-06,6.910919844896335e-05,0.0
449,0.0,-1.2913369875803783e-05,0.0,0.0,-1.7432930650235212e-05,0.0,6.111110000012188e-06,-2.2602885355965663e-05,0.0
450,0.0,4.5202738480081965e-06,0.0,0.0,1.1621953754842318e-05,0.0,5.70370266667064e-06,1.034925607798498e-05,0.0
451,0.0,-1.1852804282057045e-09,0.0,0.0,-5.810976882791863e-06,0.0,5.296295333329093e-06,-2.1311546843594265e-05,0.0
452,0.0,-7.104735068783294e-06,-0.00015079200000000002,0.0,4.648781538776903e-05,0.0,4.888887999987546e-06,-6.994551981220898e-07,5.026399999999431e-05
453,0.0,1.291575209118119e-05,0.0,0.0,-4.648781538729718e-05,0.0,4.888887999987546e-06,2.587102447998424e-05,0.0
454,0.0,-1.1622034059585415e-05,0.0,0.0,1.1621953777685157e-05,0.0,5.2962953333568485e-06,9.687316157885872e-06,0.0
455,0.0,1.485277319280593e-05,0.0,0.0,-5.810976896891695e-06,0.0,5.703702666642885e-06,-1.8069161517059174e-05,0.0
456,0.0,-1.6787377380222785e-05,0.0,0.0,2.3243907649073137e-05,0.0,5.703702666642885e-06,-3.0400471468905454e-05,0.0
457,0.0,-2.5874824508140714e-06,0.0,0.0,-1.7432930753208398e-05,0.0,5.2962953333568485e-06,6.587420495188234e-05,0.0
458,0.0,7.749223512803955e-06,0.0,0.0,-1.16219537766582e-05,0.0,4.888887999987546e-06,6.327976825831749e-05,0.0
