1e-05,2.511,0
0.00051,8.3701,0
0.00101,-1.3521,0
0.00151,-10.108,0
0.00201,-0.77262,0
0.00251,6.2453,0
0.00301,-2.2535,0
0.00351,-7.4687,0
0.00401,-1.0302,0
0.00451,1.8028,0
0.00501,-0.96578,0
0.00551,-3.8631,0
0.00601,-1.5452,0
0.00651,-0.12877,0
0.00701,-2.8973,0
0.00751,-7.2111,0
0.00801,0.96578,0
0.00851,5.6015,0
0.00901,-3.0261,0
0.00951,-11.139,0
0.01001,-3.4768,0
0.01051,6.181,0
0.01101,-3.4768,0
0.01151,-9.1427,0
0.01201,-0.64385,0
0.01251,3.6056,0
0.01301,-2.3179,0
0.01351,-5.9234,0
0.01401,1.0302,0
0.01451,-0.38631,0
0.01501,-2.3179,0
0.01551,-3.8631,0
0.01601,-1.0945,0
0.01651,2.7686,0
0.01701,-0.57947,0
0.01751,-6.8248,0
0.01801,-2.1247,0
0.01851,5.4727,0
0.01901,-1.9316,0
0.01951,-8.8851,0
0.02001,1.8672,0
0.02051,7.9837,0
0.02101,-1.2877,0
0.02151,-10.624,0
0.02201,-0.96578,0
0.02251,6.4385,0
0.02301,-1.8028,0
0.02351,-6.9536,0
0.02401,-1.9959,0
0.02451,1.9316,0
0.02501,-1.2233,0
0.02551,-3.348,0
0.02601,-2.4466,0
0.02651,0.70824,0
0.02701,-1.4809,0
0.02751,-7.533,0
0.02801,0.83701,0
0.02851,5.9234,0
0.02901,-3.6699,0
0.02951,-10.302,0
0.03001,-3.5412,0
0.03051,6.2453,0
0.03101,-3.7343,0
0.03151,-11.01,0
0.03201,-0.64385,0
0.03251,2.8973,0
0.03301,-2.0603,0
0.03351,-5.859,0
0.03401,0.64385,0
0.03451,-0.51508,0
0.03501,-2.1891,0
0.03551,-3.348,0
0.03601,-0.19316,0
0.03651,2.2535,0
0.03701,-0.64385,0
0.03751,-6.181,0
0.03801,-2.6398,0
0.03851,4.7645,0
0.03901,-1.2877,0
0.03951,-9.8509,0
0.04001,2.1247,0
0.04051,8.2413,0
0.04101,-2.1891,0
0.04151,-9.9797,0
0.04201,-0.32193,0
0.04251,6.3741,0
0.04301,-2.4466,0
0.04351,-6.5029,0
0.04401,-3.2193,0
0.04451,1.9959,0
0.04501,-0.96578,0
0.04551,-3.2836,0
0.04601,-2.511,0
0.04651,1.9316,0
0.04701,-1.0302,0
0.04751,-7.3399,0
0.04801,1.0302,0
0.04851,6.181,0
0.04901,-3.5412,0
0.04951,-10.43,0
0.05001,-3.8631,0
0.05051,5.344,0
0.05101,-2.5754,0
0.05151,-9.0783,0
0.05201,-1.0945,0
0.05251,3.9275,0
0.05301,-1.8028,0
0.05351,-5.7303,0
0.05401,1.3521,0
0.05451,-0.25754,0
0.05501,-2.0603,0
0.05551,-3.348,0
0.05601,0.38631,0
0.05651,1.4165,0
0.05701,-1.2233,0
0.05751,-6.3097,0
0.05801,-2.8329,0
0.05851,5.5371,0
0.05901,-1.9316,0
0.05951,-8.6276,0
0.06001,1.9959,0
0.06051,8.3701,0
0.06101,-1.8672,0
0.06151,-9.4002,0
0.06201,-0.19316,0
0.06251,6.3741,0
0.06301,-2.2535,0
0.06351,-6.2453,0
0.06401,-3.4768,0
0.06451,1.8028,0
0.06501,-1.0302,0
0.06551,-3.348,0
0.06601,-2.6398,0
0.06651,2.6398,0
0.06701,-1.3521,0
0.06751,-6.696,0
0.06801,0.77262,0
0.06851,5.9878,0
0.06901,-3.1549,0
0.06951,-10.108,0
0.07001,-3.0905,0
0.07051,5.022,0
0.07101,-3.2836,0
0.07151,-9.529,0
0.07201,-0.70824,0
0.07251,4.0563,0
0.07301,-2.0603,0
0.07351,-5.7303,0
0.07401,1.4809,0
0.07451,-0.77262,0
0.07501,-2.0603,0
0.07551,-3.2193,0
0.07601,-0.12877,0
0.07651,1.674,0
0.07701,-1.0945,0
0.07751,-6.696,0
0.07801,-2.1891,0
0.07851,5.1508,0
0.07901,-1.4165,0
0.07951,-8.6276,0
0.08001,2.9617,0
0.08051,8.3057,0
0.08101,-1.674,0
0.08151,-8.1769,0
0.08201,-0.12877,0
0.08251,6.5673,0
0.08301,-1.8028,0
0.08351,-6.3741,0
0.08401,-3.7987,0
0.08451,2.8973,0
0.08501,-1.2233,0
0.08551,-2.9617,0
0.08601,-0.96578,0
0.08651,1.674,0
0.08701,-0.90139,0
0.08751,-6.4385,0
0.08801,1.674,0
0.08851,6.0522,0
0.08901,-2.1247,0
0.08951,-9.8509,0
0.09001,-2.3179,0
0.09051,6.2453,0
0.09101,-2.4466,0
0.09151,-9.9797,0
0.09201,0.25754,0
0.09251,3.9919,0
0.09301,-0.96578,0
0.09351,-4.2494,0
0.09401,3.8631,0
0.09451,0.12877,0
0.09501,-0.064385,0
0.09551,-1.4165,0
0.09601,0.70824,0
0.09651,2.7686,0
0.09701,-0.57947,0
0.09751,-5.5371,0
0.09801,-0.70824,0
0.09851,7.7262,0
0.09901,-0.19316,0
0.09951,-6.4385,0
0.10001,4.3138,0
0.10051,10.43,0
0.10101,1.4165,0
0.10151,-6.1166,0
0.10201,3.6056,0
0.10251,10.559,0
0.10301,1.9316,0
0.10351,-1.9959,0
0.10401,-3.3556e-08,0
0.10451,6.8248,0
0.10501,3.2193,0
0.10551,1.674,0
0.10601,2.7686,0
0.10651,6.9536,0
0.10701,4.7645,0
0.10751,-0.90139,0
0.10801,7.018,0
0.10851,11.396,0
0.10901,3.4768,0
0.10951,-2.8973,0
0.11001,4.507,0
0.11051,12.619,0
0.11101,5.7947,0
0.11151,-0.96578,0
0.11201,8.8207,0
0.11251,12.491,0
0.11301,7.1467,0
0.11351,4.9576,0
0.11401,12.555,0
0.11451,8.9495,0
0.11501,9.3358,0
0.11551,7.7906,0
0.11601,10.044,0
0.11651,12.298,0
0.11701,10.624,0
0.11751,4.9576,0
0.11801,10.237,0
0.11851,17.513,0
0.11901,11.267,0
0.11951,6.2453,0
0.12001,16.869,0
0.12051,21.698,0
0.12101,14.873,0
0.12151,8.4988,0
0.12201,17.706,0
0.12251,24.016,0
0.12301,16.483,0
0.12351,12.877,0
0.12401,15.839,0
0.12451,22.277,0
0.12501,18.092,0
0.12551,16.354,0
0.12601,18.607,0
0.12651,22.084,0
0.12701,20.668,0
0.12751,15.581,0
0.12801,22.02,0
0.12851,27.492,0
0.12901,20.088,0
0.12951,13.778,0
0.13001,20.024,0
0.13051,28.844,0
0.13101,21.054,0
0.13151,14.293,0
0.13201,23.951,0.0004
0.13251,27.492,0.0004
0.13301,23.436,0.0004
0.13351,20.217,0.0004
0.13401,28.844,0.0008
0.13451,24.724,0.0012
0.13501,25.11,0.0012
0.13551,23.758,0.0012
0.13601,27.428,0.0012
0.13651,28.909,0.0012
0.13701,25.625,0.0012
0.13751,22.985,0.0012
0.13801,27.557,0.0012
0.13851,35.862,0.0012
0.13901,28.973,0.0012
0.13951,24.595,0.0012
0.14001,35.734,0.0012
0.14051,41.528,0.0012
0.14101,34.253,0.0012
0.14151,28.265,0.0012
0.14201,38.76,0.0012
0.14251,45.327,0.0012
0.14301,39.21,0.0012
0.14351,37.15,0.0012
0.14401,40.434,0.0012
0.14451,48.096,0.0012
0.14501,46.422,0.0012
0.14551,46.679,0.0012
0.14601,49.255,0.0012
0.14651,54.792,0.0012
0.14701,52.538,0.0012
0.14751,50.735,0.0012
0.14801,58.268,0.0012
0.14851,63.934,0.0012
0.14901,57.625,0.0012
0.14951,52.409,0.0012
0.15001,59.685,0.0012
0.15051,68.441,0.0012
0.15101,62.26,0.0012
0.15151,55.629,0.0012
0.15201,64.836,0.0012
0.15251,69.214,0.0012
0.15301,64.771,0.0012
0.15351,62.647,0.0012
0.15401,70.373,0.0012
0.15451,65.995,0.0012
0.15501,65.48,0.0012
0.15551,63.999,0.0016
0.15601,66.381,0.0016
0.15651,67.669,0.0016
0.15701,65.544,0.0016
0.15751,61.295,0.0016
0.15801,65.48,0.0016
0.15851,71.081,0.0016
0.15901,64.771,0.0016
0.15951,59.878,0.0016
0.16001,69.793,0.0016
0.16051,74.172,0.0016
0.16101,67.218,0.0016
0.16151,59.878,0.0016
0.16201,69.6,0.002
0.16251,75.202,0.002
0.16301,68.248,0.002
0.16351,64.771,0.002
0.16401,68.184,0.002
0.16451,75.009,0.002
0.16501,72.626,0.002
0.16551,71.789,0.002
0.16601,74.88,0.002
0.16651,79.709,0.0024
0.16701,77.713,0.0024
0.16751,74.558,0.0024
0.16801,82.348,0.0024
0.16851,88.079,0.0024
0.16901,82.992,0.0024
0.16951,76.811,0.0024
0.17001,84.795,0.0028
0.17051,93.487,0.0028
0.17101,86.147,0.0028
0.17151,81.833,0.0028
0.17201,89.946,0.0028
0.17251,93.873,0.0028
0.17301,90.332,0.0032
0.17351,87.757,0.0032
0.17401,94.71,0.0032
0.17451,91.105,0.0032
0.17501,91.62,0.0032
0.17551,90.01,0.0036
0.17601,92.586,0.0036
0.17651,92.264,0.0036
0.17701,90.203,0.0036
0.17751,86.212,0.0036
0.17801,89.366,0.004
0.17851,93.487,0.004
0.17901,86.855,0.004
0.17951,81.833,0.004
0.18001,87.371,0.0044
0.18051,88.208,0.0044
0.18101,83.057,0.0044
0.18151,78.163,0.0044
0.18201,81.898,0.0048
0.18251,84.731,0.0048
0.18301,79.194,0.0048
0.18351,75.524,0.0048
0.18401,76.618,0.0052
0.18451,79.387,0.0052
0.18501,75.846,0.0052
0.18551,75.524,0.0056
0.18601,76.168,0.0056
0.18651,79.194,0.0056
0.18701,76.168,0.0056
0.18751,74.429,0.006
0.18801,78.679,0.006
0.18851,82.864,0.006
0.18901,79.773,0.0064
0.18951,76.554,0.0064
0.19001,84.988,0.0064
0.19051,89.366,0.0064
0.19101,83.701,0.0068
0.19151,82.992,0.0068
0.19201,88.529,0.0068
0.19251,92.843,0.0072
0.19301,91.749,0.0072
0.19351,90.203,0.0072
0.19401,95.869,0.0076
0.19451,95.612,0.0076
0.19501,94.904,0.0076
0.19551,95.676,0.008
0.19601,96.32,0.008
0.19651,96.964,0.008
0.19701,95.998,0.0084
0.19751,94.131,0.0084
0.19801,96.191,0.0088
0.19851,100.44,0.0088
0.19901,95.741,0.0088
0.19951,93.551,0.0092
0.20001,96.642,0.0092
0.20051,99.346,0.0092
0.20101,97.479,0.0096
0.20151,96.771,0.0096
0.20201,98.638,0.01
0.20251,102.05,0.01
0.20301,97.286,0.01
0.20351,96.706,0.0104
0.20401,96.835,0.0104
0.20451,99.475,0.0108
0.20501,99.089,0.0108
0.20551,96.32,0.0108
0.20601,97.157,0.0112
0.20651,99.282,0.0112
0.20701,93.294,0.0116
0.20751,92.135,0.0116
0.20801,94.388,0.012
0.20851,95.483,0.012
0.20901,91.942,0.012
0.20951,86.083,0.0124
0.21001,91.684,0.0124
0.21051,97.028,0.0128
0.21101,89.431,0.0128
0.21151,86.469,0.0132
0.21201,91.04,0.0132
0.21251,92.586,0.0136
0.21301,92.071,0.0136
0.21351,90.01,0.014
0.21401,98.252,0.014
0.21451,93.23,0.014
0.21501,93.358,0.0144
0.21551,90.912,0.0144
0.21601,92.972,0.0148
0.21651,92.843,0.0148
0.21701,90.719,0.0152
0.21751,89.109,0.0152
0.21801,94.517,0.0156
0.21851,95.161,0.0156
0.21901,93.616,0.016
0.21951,91.234,0.016
0.22001,100.51,0.0164
0.22051,104.43,0.0164
0.22101,104.69,0.0168
0.22151,99.99,0.0168
0.22201,108.36,0.0172
0.22251,112.55,0.0172
0.22301,109.39,0.0176
0.22351,107.84,0.0176
0.22401,108.42,0.018
0.22451,111.77,0.018
0.22501,111.06,0.0184
0.22551,111.19,0.0188
0.22601,110.61,0.0188
0.22651,109.52,0.0192
0.22701,107.33,0.0192
0.22751,101.21,0.0196
0.22801,104.05,0.0196
0.22851,108.17,0.02
0.22901,103.47,0.02
0.22951,96.256,0.0204
0.23001,101.47,0.0204
0.23051,105.4,0.0208
0.23101,99.089,0.0212
0.23151,95.676,0.0212
0.23201,100.44,0.0216
0.23251,104.18,0.0216
0.23301,101.79,0.022
0.23351,101.6,0.022
0.23401,105.33,0.0224
0.23451,104.63,0.0228
0.23501,105.91,0.0228
0.23551,107.14,0.0232
0.23601,107.39,0.0232
0.23651,111.71,0.0236
0.23701,112.03,0.024
0.23751,113.83,0.024
0.23801,113.7,0.0244
0.23851,121.95,0.0244
0.23901,117.25,0.0248
0.23951,120.08,0.0252
0.24001,123.17,0.0252
0.24051,125.55,0.0256
0.24101,126.65,0.026
0.24151,125.1,0.026
0.24201,128.9,0.0264
0.24251,134.37,0.0264
0.24301,131.41,0.0268
0.24351,133.02,0.0272
0.24401,132.89,0.0272
0.24451,135.34,0.0276
0.24501,134.89,0.028
0.24551,135.14,0.028
0.24601,135.72,0.0284
0.24651,135.72,0.0288
0.24701,133.86,0.0288
0.24751,131.99,0.0292
0.24801,133.66,0.0296
0.24851,134.56,0.0296
0.24901,130.77,0.03
0.24951,122.78,0.0304
0.25001,129.74,0.0308
0.25051,134.89,0.0308
0.25101,127.87,0.0312
0.25151,124.59,0.0316
0.25201,127.42,0.0316
0.25251,130.12,0.032
0.25301,127.42,0.0324
0.25351,124.84,0.0328
0.25401,128.26,0.0328
0.25451,126.19,0.0332
0.25501,127.1,0.0336
0.25551,124.78,0.034
0.25601,124.97,0.034
0.25651,126.84,0.0344
0.25701,123.81,0.0348
0.25751,127.68,0.0352
0.25801,126.19,0.0352
0.25851,131.6,0.0356
0.25901,127.22,0.036
0.25951,125.04,0.0364
0.26001,130.89,0.0364
0.26051,132.5,0.0368
0.26101,130.83,0.0372
0.26151,128.51,0.0376
0.26201,131.67,0.0376
0.26251,133.28,0.038
0.26301,132.38,0.0384
0.26351,131.99,0.0388
0.26401,133.28,0.0392
0.26451,135.72,0.0392
0.26501,130.83,0.0396
0.26551,130.83,0.04
0.26601,134.82,0.0404
0.26651,138.23,0.0408
0.26701,136.3,0.0412
0.26751,138.81,0.0412
0.26801,145.19,0.0416
0.26851,147.96,0.042
0.26901,147.83,0.0424
0.26951,143.51,0.0428
0.27001,145.06,0.0432
0.27051,147.57,0.0436
0.27101,142.93,0.0436
0.27151,140.49,0.044
0.27201,145.83,0.0444
0.27251,150.66,0.0448
0.27301,144.42,0.0452
0.27351,143,0.0456
0.27401,146.48,0.046
0.27451,145.83,0.0464
0.27501,148.67,0.0464
0.27551,151.37,0.0468
0.27601,150.02,0.0472
0.27651,152.91,0.0476
0.27701,151.56,0.048
0.27751,151.76,0.0484
0.27801,154.01,0.0488
0.27851,159.22,0.0492
0.27901,157.81,0.0496
0.27951,157.61,0.05
0.28001,162.19,0.0504
0.28051,162.38,0.0508
0.28101,162.96,0.0512
0.28151,164.25,0.0516
0.28201,167.47,0.0516
0.28251,171.01,0.052
0.28301,169.46,0.0524
0.28351,167.34,0.0528
0.28401,166.63,0.0532
0.28451,164.63,0.0536
0.28501,160.51,0.054
0.28551,157.04,0.0544
0.28601,157.36,0.0548
0.28651,155.94,0.0552
0.28701,154.91,0.0556
0.28751,152.66,0.056
0.28801,154.27,0.0564
0.28851,152.98,0.0568
0.28901,148.99,0.0572
0.28951,149.5,0.0576
0.29001,149.76,0.0584
0.29051,154.65,0.0588
0.29101,147.51,0.0592
0.29151,145.38,0.0596
0.29201,147.96,0.06
0.29251,150.47,0.0604
0.29301,145.77,0.0608
0.29351,146.41,0.0612
0.29401,148.41,0.0616
0.29451,147.44,0.062
0.29501,149.82,0.0624
0.29551,150.15,0.0628
0.29601,153.62,0.0632
0.29651,157.29,0.0636
0.29701,155.81,0.064
0.29751,157.55,0.0648
0.29801,160.77,0.0652
0.29851,169.33,0.0656
0.29901,172.42,0.066
0.29951,176.42,0.0664
0.30001,180.34,0.0668
0.30051,180.21,0.0672
0.30101,178.35,0.068
0.30151,178.6,0.0684
0.30201,178.67,0.0688
0.30251,181.37,0.0692
0.30301,183.05,0.0696
0.30351,182.47,0.07
0.30401,183.3,0.0704
0.30451,185.3,0.0712
0.30501,183.18,0.0716
0.30551,181.69,0.072
0.30601,182.79,0.0724
0.30651,181.44,0.0728
0.30701,179.12,0.0736
0.30751,179.44,0.074
0.30801,175.32,0.0744
0.30851,176.8,0.0748
0.30901,171.65,0.0756
0.30951,169.08,0.076
0.31001,169.14,0.0764
0.31051,168.82,0.0768
0.31101,161.41,0.0776
0.31151,156.84,0.078
0.31201,154.27,0.0784
0.31251,154.85,0.0788
0.31301,152.91,0.0796
0.31351,150.27,0.08
0.31401,151.95,0.0804
0.31451,150.98,0.0808
0.31501,150.92,0.0816
0.31551,150.02,0.082
0.31601,150.85,0.0824
0.31651,152.27,0.0832
0.31701,152.59,0.0836
0.31751,153.69,0.084
0.31801,154.33,0.0848
0.31851,160.64,0.0852
0.31901,153.04,0.0856
0.31951,154.01,0.0864
0.32001,161.16,0.0868
0.32051,166.24,0.0872
0.32101,171.65,0.088
0.32151,174.74,0.0884
0.32201,175.96,0.0888
0.32251,181.5,0.0896
0.32301,180.99,0.09
0.32351,183.11,0.0908
0.32401,186.65,0.0912
0.32451,189.03,0.0916
0.32501,189.94,0.0924
0.32551,187.55,0.0928
0.32601,187.23,0.0936
0.32651,186.72,0.094
0.32701,181.82,0.0944
0.32751,179.63,0.0952
0.32801,186.78,0.0956
0.32851,180.73,0.0964
0.32901,178.73,0.0968
0.32951,176.09,0.0976
0.33001,176.54,0.098
0.33051,173.13,0.0988
0.33101,167.59,0.0992
0.33151,160.96,0.0996
0.33201,162.57,0.1004
0.33251,160.77,0.1008
0.33301,158.45,0.1016
0.33351,151.69,0.102
0.33401,151.37,0.1028
0.33451,147.63,0.1032
0.33501,146.09,0.104
0.33551,145,0.1044
0.33601,146.67,0.1052
0.33651,146.67,0.1056
0.33701,147.96,0.1064
0.33751,146.54,0.1072
0.33801,147.83,0.1076
0.33851,151.88,0.1084
0.33901,154.33,0.1088
0.33951,157.68,0.1096
0.34001,161.41,0.11
0.34051,161.48,0.1108
0.34101,157.68,0.1112
0.34151,156.39,0.112
0.34201,161.74,0.1128
0.34251,166.82,0.1132
0.34301,169.27,0.114
0.34351,177.51,0.1144
0.34401,177.64,0.1152
0.34451,178.48,0.116
0.34501,179.44,0.1164
0.34551,179.63,0.1172
0.34601,180.73,0.1176
0.34651,182.4,0.1184
0.34701,178.15,0.1192
0.34751,178.73,0.1196
0.34801,178.22,0.1204
0.34851,177.64,0.1212
0.34901,177.51,0.1216
0.34951,177.45,0.1224
0.35001,179.18,0.1228
0.35051,184.14,0.1236
0.35101,180.15,0.1244
0.35151,178.35,0.1252
0.35201,177.38,0.1256
0.35251,174.55,0.1264
0.35301,171.65,0.1272
0.35351,164.12,0.1276
0.35401,161.03,0.1284
0.35451,159.87,0.1292
0.35501,161.86,0.1296
0.35551,162.44,0.1304
0.35601,161.93,0.1312
0.35651,160.19,0.132
0.35701,158.45,0.1324
0.35751,156.84,0.1332
0.35801,160.64,0.134
0.35851,159.03,0.1348
0.35901,157.61,0.1352
0.35951,154.91,0.136
0.36001,154.72,0.1368
0.36051,154.14,0.1376
0.36101,158.77,0.138
0.36151,166.05,0.1388
0.36201,164.05,0.1396
0.36251,164.25,0.1404
0.36301,156.65,0.1412
0.36351,151.63,0.1416
0.36401,157.49,0.1424
0.36451,161.61,0.1432
0.36501,165.41,0.144
0.36551,165.86,0.1448
0.36601,164.89,0.1452
0.36651,163.99,0.146
0.36701,166.44,0.1468
0.36751,166.44,0.1476
0.36801,170.43,0.1484
0.36851,172.68,0.1492
0.36901,169.01,0.1496
0.36951,168.5,0.1504
0.37001,169.14,0.1512
0.37051,173.26,0.152
0.37101,173.52,0.1528
0.37151,172.29,0.1536
0.37201,170.49,0.1544
0.37251,168.3,0.1552
0.37301,164.38,0.1556
0.37351,159.93,0.1564
0.37401,162.06,0.1572
0.37451,164.7,0.158
0.37501,168.75,0.1588
0.37551,166.37,0.1596
0.37601,161.48,0.1604
0.37651,152.72,0.1612
0.37701,154.52,0.162
0.37751,157.74,0.1628
0.37801,158.58,0.1636
0.37851,158.9,0.1644
0.37901,152.34,0.1652
0.37951,140.75,0.166
0.38001,141.33,0.1668
0.38051,146.6,0.1676
0.38101,147.63,0.168
0.38151,150.53,0.1688
0.38201,150.27,0.1696
0.38251,150.15,0.1704
0.38301,146.15,0.1712
0.38351,148.67,0.172
0.38401,147.38,0.1728
0.38451,151.95,0.1736
0.38501,151.05,0.1744
0.38551,149.57,0.1752
0.38601,148.41,0.176
0.38651,153.62,0.1768
0.38701,154.33,0.1776
0.38751,152.21,0.1788
0.38801,161.67,0.1796
0.38851,163.09,0.1804
0.38901,159.74,0.1812
0.38951,157.16,0.182
0.39001,158.58,0.1828
0.39051,160.19,0.1836
0.39101,160.45,0.1844
0.39151,158.26,0.1852
0.39201,157.74,0.186
0.39251,162.64,0.1868
0.39301,178.48,0.1876
0.39351,165.53,0.1884
0.39401,150.15,0.1892
0.39451,165.02,0.19
0.39501,154.33,0.1912
0.39551,155.75,0.192
0.39601,154.2,0.1928
0.39651,163.47,0.1936
0.39701,163.54,0.1944
0.39751,167.92,0.1952
0.39801,163.6,0.196
0.39851,157.94,0.1968
0.39901,153.24,0.1976
0.39951,159.42,0.1988
0.40001,157.61,0.1996
0.40051,152.91,0.2004
0.40101,154.59,0.2012
0.40151,150.98,0.202
0.40201,152.66,0.2028
0.40251,153.49,0.2036
0.40301,152.72,0.2048
0.40351,150.15,0.2056
0.40401,159.16,0.2064
0.40451,154.2,0.2072
0.40501,152.85,0.208
0.40551,155.1,0.2088
0.40601,153.69,0.21
0.40651,152.46,0.2108
0.40701,160.13,0.2116
0.40751,169.98,0.2124
0.40801,167.27,0.2132
0.40851,163.22,0.2144
0.40901,147.76,0.2152
0.40951,153.43,0.216
0.41001,154.14,0.2168
0.41051,165.98,0.218
0.41101,161.74,0.2188
0.41151,157.55,0.2196
0.41201,150.73,0.2204
0.41251,143.71,0.2216
0.41301,141.78,0.2224
0.41351,148.34,0.2232
0.41401,160,0.224
0.41451,161.09,0.2252
0.41501,156.71,0.226
0.41551,153.37,0.2268
0.41601,144.87,0.2276
0.41651,148.34,0.2288
0.41701,152.46,0.2296
0.41751,163.09,0.2304
0.41801,174.87,0.2316
0.41851,172.1,0.2324
0.41901,149.44,0.2332
0.41951,145.83,0.234
0.42001,151.24,0.2352
0.42051,154.07,0.236
0.42101,158.19,0.2368
0.42151,153.3,0.238
0.42201,162.19,0.2388
0.42251,138.11,0.2396
0.42301,125.81,0.2408
0.42351,142.87,0.2416
0.42401,145.51,0.2424
0.42451,146.09,0.2436
0.42501,146.41,0.2444
0.42551,141.13,0.2456
0.42601,133.6,0.2464
0.42651,136.82,0.2472
0.42701,134.24,0.2484
0.42751,136.37,0.2492
0.42801,146.54,0.2504
0.42851,151.11,0.2512
0.42901,144.29,0.252
0.42951,139.72,0.2532
0.43001,142.81,0.254
0.43051,148.86,0.2552
0.43101,148.02,0.256
0.43151,144.61,0.2568
0.43201,145.7,0.258
0.43251,153.24,0.2588
0.43301,152.14,0.26
0.43351,158.97,0.2608
0.43401,158.52,0.262
0.43451,155.36,0.2628
0.43501,152.66,0.2636
0.43551,150.73,0.2648
0.43601,163.41,0.2656
0.43651,172.94,0.2668
0.43701,165.41,0.2676
0.43751,165.53,0.2688
0.43801,160.77,0.2696
0.43851,155.68,0.2708
0.43901,157.81,0.2716
0.43951,157.1,0.2728
0.44001,160.13,0.2736
0.44051,155.55,0.2748
0.44101,153.94,0.2756
0.44151,146.67,0.2768
0.44201,142.1,0.2776
0.44251,131.99,0.2788
0.44301,131.67,0.2796
0.44351,131.09,0.2808
0.44401,139.46,0.2816
0.44451,143.97,0.2828
0.44501,133.66,0.2836
0.44551,139.52,0.2848
0.44601,139.07,0.286
0.44651,132.89,0.2868
0.44701,130.64,0.288
0.44751,135.53,0.2888
0.44801,133.21,0.29
0.44851,130.19,0.2908
0.44901,129.16,0.292
0.44951,130.77,0.2932
0.45001,139.84,0.294
0.45051,135.53,0.2952
0.45101,136.88,0.296
0.45151,138.36,0.2972
0.45201,133.86,0.2984
0.45251,139.26,0.2992
0.45301,134.95,0.3004
0.45351,140.42,0.3012
0.45401,149.44,0.3024
0.45451,144.09,0.3036
0.45501,140.36,0.3044
0.45551,146.6,0.3056
0.45601,141.45,0.3068
0.45651,140.04,0.3076
0.45701,150.73,0.3088
0.45751,163.86,0.3096
0.45801,159.48,0.3108
0.45851,155.23,0.312
0.45901,156.01,0.3128
0.45951,149.05,0.314
0.46001,153.49,0.3152
0.46051,161.54,0.316
0.46101,164.95,0.3172
0.46151,160.71,0.3184
0.46201,159.03,0.3192
0.46251,149.63,0.3204
0.46301,147.06,0.3216
0.46351,149.12,0.3228
0.46401,153.82,0.3236
0.46451,158.52,0.3248
0.46501,157.1,0.326
0.46551,154.2,0.3268
0.46601,150.15,0.328
0.46651,148.41,0.3292
0.46701,139.65,0.3304
0.46751,132.96,0.3312
0.46801,130.44,0.3324
0.46851,145,0.3336
0.46901,154.72,0.3344
0.46951,127.8,0.3356
0.47001,127.61,0.3368
0.47051,139.2,0.338
0.47101,128,0.3388
0.47151,116.09,0.34
0.47201,126.45,0.3412
0.47251,133.02,0.3424
0.47301,116.99,0.3432
0.47351,125.16,0.3444
0.47401,131.02,0.3456
0.47451,122.85,0.3468
0.47501,121.04,0.348
0.47551,114.93,0.3488
0.47601,122.85,0.35
0.47651,130.38,0.3512
0.47701,134.11,0.3524
0.47751,124.84,0.3536
0.47801,119.76,0.3544
0.47851,118.08,0.3556
0.47901,107.59,0.3568
0.47951,123.04,0.358
0.48001,158.13,0.3592
0.48051,128.06,0.36
0.48101,114.15,0.3612
0.48151,119.88,0.3624
0.48201,124.52,0.3636
0.48251,136.56,0.3648
0.48301,135.14,0.366
0.48351,143.58,0.3668
0.48401,146.99,0.368
0.48451,146.93,0.3692
0.48501,141.33,0.3704
0.48551,141.13,0.3716
0.48601,148.09,0.3728
0.48651,156.84,0.374
0.48701,160.19,0.3748
0.48751,131.73,0.376
0.48801,127.61,0.3772
0.48851,139.65,0.3784
0.48901,143.45,0.3796
0.48951,139.84,0.3808
0.49001,147.12,0.382
0.49051,161.22,0.3832
0.49101,147.25,0.384
0.49151,129.93,0.3852
0.49201,136.37,0.3864
0.49251,129.86,0.3876
0.49301,148.73,0.3888
0.49351,142.87,0.39
0.49401,136.17,0.3912
0.49451,129.29,0.3924
0.49501,133.08,0.3936
0.49551,129.74,0.3948
0.49601,124.39,0.396
0.49651,139.65,0.3972
0.49701,132.57,0.3984
0.49751,122.33,0.3992
0.49801,116.15,0.4004
0.49851,109.78,0.4016
0.49901,111.19,0.4028
0.49951,110.74,0.404
0.50001,116.6,0.4052
0.50051,115.96,0.4064
0.50101,135.14,0.4076
0.50151,125.04,0.4088
0.50201,120.08,0.41
0.50251,121.49,0.4112
0.50301,100.96,0.4124
0.50351,115.83,0.4136
0.50401,114.61,0.4148
0.50451,122.4,0.416
0.50501,115.44,0.4172
0.50551,110.48,0.4184
0.50601,108.75,0.4196
0.50651,104.88,0.4208
0.50701,111.77,0.422
0.50751,109.97,0.4232
0.50801,112.09,0.4244
0.50851,112.61,0.4256
0.50901,116.92,0.4268
0.50951,117.05,0.428
0.51001,111.77,0.4292
0.51051,123.36,0.4304
0.51101,133.79,0.4316
0.51151,126.07,0.4328
0.51201,111.45,0.434
0.51251,111.13,0.4352
0.51301,104.69,0.4364
0.51351,118.98,0.4376
0.51401,121.43,0.4388
0.51451,127.93,0.44
0.51501,113.7,0.4412
0.51551,114.03,0.4424
0.51601,108.62,0.4436
0.51651,113.7,0.4448
0.51701,115.51,0.446
0.51751,112.42,0.4472
0.51801,123.43,0.4484
0.51851,121.37,0.4496
0.51901,114.48,0.4508
0.51951,113.32,0.452
0.52001,120.92,0.4532
0.52051,118.79,0.4544
0.52101,134.37,0.456
0.52151,127.74,0.4572
0.52201,114.09,0.4584
0.52251,118.28,0.4596
0.52301,106.69,0.4608
0.52351,98.445,0.462
0.52401,109.91,0.4632
0.52451,111.58,0.4644
0.52501,116.22,0.4656
0.52551,122.14,0.4668
0.52601,115.7,0.468
0.52651,119.69,0.4692
0.52701,116.54,0.4704
0.52751,115.51,0.4716
0.52801,120.34,0.4732
0.52851,121.04,0.4744
0.52901,111.58,0.4756
0.52951,107.65,0.4768
0.53001,104.75,0.478
0.53051,93.294,0.4792
0.53101,119.88,0.4804
0.53151,100.44,0.4816
0.53201,89.173,0.4828
0.53251,110.36,0.484
0.53301,85.89,0.4856
0.53351,84.087,0.4868
0.53401,85.568,0.488
0.53451,90.525,0.4892
0.53501,88.851,0.4904
0.53551,102.63,0.4916
0.53601,94.582,0.4928
0.53651,98.316,0.494
0.53701,103.66,0.4952
0.53751,106.49,0.4964
0.53801,107.78,0.498
0.53851,113.83,0.4992
0.53901,114.09,0.5004
0.53951,119.31,0.5016
0.54001,118.28,0.5028
0.54051,129.93,0.504
0.54101,145.25,0.5052
0.54151,97.028,0.5064
0.54201,115.7,0.5076
0.54251,138.75,0.5088
0.54301,122.01,0.5104
0.54351,121.49,0.5116
0.54401,116.34,0.5128
0.54451,114.8,0.514
0.54501,118.79,0.5152
0.54551,139.65,0.5164
0.54601,131.02,0.5176
0.54651,112.48,0.5188
0.54701,108.17,0.5204
0.54751,93.358,0.5216
0.54801,102.05,0.5228
0.54851,106.94,0.524
0.54901,108.75,0.5252
0.54951,95.419,0.5264
0.55001,81.898,0.5276
0.55051,99.861,0.5292
0.55101,96.578,0.5304
0.55151,73.399,0.5316
0.55201,68.506,0.5328
0.55251,81.254,0.534
0.55301,80.353,0.5352
0.55351,77.198,0.5364
0.55401,83.829,0.538
0.55451,71.467,0.5392
0.55501,83.121,0.5404
0.55551,90.783,0.5416
0.55601,93.165,0.5428
0.55651,102.44,0.544
0.55701,100.7,0.5452
0.55751,107.52,0.5464
0.55801,95.676,0.548
0.55851,102.95,0.5492
0.55901,103.72,0.5504
0.55951,115.89,0.5516
0.56001,138.11,0.5528
0.56051,115.31,0.554
0.56101,92.393,0.5552
0.56151,112.8,0.5568
0.56201,105.08,0.558
0.56251,104.69,0.5592
0.56301,137.59,0.5604
0.56351,117.31,0.5616
0.56401,109.52,0.5628
0.56451,121.82,0.564
0.56501,105.21,0.5656
0.56551,97.994,0.5668
0.56601,113.77,0.568
0.56651,116.47,0.5692
0.56701,103.08,0.5704
0.56751,93.68,0.5716
0.56801,84.216,0.5728
0.56851,81.898,0.5744
0.56901,89.173,0.5756
0.56951,86.276,0.5768
0.57001,103.85,0.578
0.57051,91.362,0.5792
0.57101,68.634,0.5804
0.57151,69.6,0.582
0.57201,67.476,0.5832
0.57251,75.846,0.5844
0.57301,82.155,0.5856
0.57351,86.34,0.5868
0.57401,105.66,0.588
0.57451,96.127,0.5892
0.57501,87.435,0.5904
0.57551,79.773,0.592
0.57601,89.431,0.5932
0.57651,93.23,0.5944
0.57701,89.109,0.5956
0.57751,82.735,0.5968
0.57801,77.584,0.598
0.57851,70.566,0.5996
0.57901,73.27,0.6008
0.57951,90.139,0.602
0.58001,95.419,0.6032
0.58051,86.534,0.6044
0.58101,85.117,0.6056
0.58151,76.425,0.6072
0.58201,74.558,0.6084
0.58251,83.572,0.6096
0.58301,81.318,0.6108
0.58351,71.789,0.612
0.58401,76.103,0.6132
0.58451,71.21,0.6144
0.58501,74.751,0.6156
0.58551,80.159,0.6172
0.58601,75.781,0.6184
0.58651,76.94,0.6196
0.58701,71.532,0.6208
0.58751,86.598,0.622
0.58801,96.32,0.6232
0.58851,88.916,0.6244
0.58901,86.147,0.626
0.58951,104.05,0.6272
0.59001,92.199,0.6284
0.59051,99.99,0.6296
0.59101,104.43,0.6308
0.59151,93.873,0.632
0.59201,99.861,0.6332
0.59251,93.358,0.6348
0.59301,93.101,0.636
0.59351,80.546,0.6372
0.59401,85.439,0.6384
0.59451,85.503,0.6396
0.59501,84.602,0.6408
0.59551,80.095,0.642
0.59601,68.506,0.6432
0.59651,75.974,0.6448
0.59701,70.824,0.646
0.59751,65.222,0.6472
0.59801,60.007,0.6484
0.59851,63.741,0.6496
0.59901,79.709,0.6508
0.59951,82.22,0.652
0.60001,59.878,0.6536
0.60051,57.496,0.6548
0.60101,61.745,0.656
0.60151,59.234,0.6572
0.60201,57.625,0.6584
0.60251,80.481,0.6596
0.60301,69.278,0.6608
0.60351,44.876,0.662
0.60401,70.63,0.6632
0.60451,56.659,0.6644
0.60501,52.345,0.666
0.60551,63.226,0.6672
0.60601,62.775,0.6684
0.60651,68.763,0.6696
0.60701,70.63,0.6708
0.60751,70.824,0.672
0.60801,62.132,0.6732
0.60851,64.127,0.6744
0.60901,88.336,0.6756
0.60951,102.18,0.6768
0.61001,56.916,0.678
0.61051,74.493,0.6792
0.61101,76.554,0.6804
0.61151,53.375,0.682
0.61201,79.065,0.6832
0.61251,68.184,0.6844
0.61301,71.467,0.6856
0.61351,82.091,0.6868
0.61401,87.049,0.688
0.61451,76.425,0.6892
0.61501,72.755,0.6904
0.61551,81.254,0.6916
0.61601,76.489,0.6928
0.61651,86.083,0.694
0.61701,111.51,0.6952
0.61751,93.745,0.6964
0.61801,63.999,0.6976
0.61851,71.403,0.6988
0.61901,81.511,0.7
0.61951,97.994,0.7012
0.62001,71.145,0.7024
0.62051,73.27,0.7036
0.62101,70.824,0.7048
0.62151,68.506,0.706
0.62201,78.421,0.7072
0.62251,68.699,0.7084
0.62301,68.57,0.7096
0.62351,50.929,0.7108
0.62401,60.264,0.712
0.62451,63.419,0.7132
0.62501,55.951,0.7144
0.62551,64.836,0.7156
0.62601,38.695,0.7168
0.62651,37.601,0.718
0.62701,39.726,0.7192
0.62751,37.15,0.7204
0.62801,51.572,0.7216
0.62851,45.327,0.7228
0.62901,54.599,0.724
0.62951,70.824,0.7252
0.63001,41.078,0.7264
0.63051,37.923,0.7276
0.63101,30.325,0.7288
0.63151,64.256,0.73
0.63201,73.785,0.7312
0.63251,56.273,0.7324
0.63301,54.47,0.7336
0.63351,46.486,0.7348
0.63401,47.387,0.736
0.63451,57.689,0.7372
0.63501,63.612,0.7384
0.63551,64.256,0.7396
0.63601,69.6,0.7408
0.63651,72.819,0.742
0.63701,64.836,0.7432
0.63751,59.299,0.7444
0.63801,64.192,0.7456
0.63851,64.256,0.7468
0.63901,70.952,0.7476
0.63951,86.405,0.7488
0.64001,81.19,0.75
0.64051,65.286,0.7512
0.64101,59.749,0.7524
0.64151,48.546,0.7536
0.64201,69.665,0.7548
0.64251,74.687,0.756
0.64301,73.077,0.7572
0.64351,77.97,0.7584
0.64401,68.441,0.7596
0.64451,55.886,0.7608
0.64501,56.852,0.7616
0.64551,48.675,0.7628
0.64601,57.367,0.764
0.64651,76.811,0.7652
0.64701,72.948,0.7664
0.64751,59.17,0.7676
0.64801,57.689,0.7688
0.64851,44.297,0.77
0.64901,37.343,0.7708
0.64951,48.546,0.772
0.65001,63.097,0.7732
0.65051,62.518,0.7744
0.65101,50.735,0.7756
0.65151,52.667,0.7768
0.65201,44.683,0.778
0.65251,52.603,0.7788
0.65301,48.739,0.78
0.65351,53.182,0.7812
0.65401,70.566,0.7824
0.65451,68.828,0.7836
0.65501,60.779,0.7848
0.65551,56.852,0.7856
0.65601,48.997,0.7868
0.65651,47.387,0.788
0.65701,50.413,0.7892
0.65751,56.401,0.7904
0.65801,60.586,0.7916
0.65851,58.268,0.7924
0.65901,40.756,0.7936
0.65951,40.627,0.7948
0.66001,42.88,0.796
0.66051,46.1,0.7972
0.66101,72.304,0.798
0.66151,58.526,0.7992
0.66201,49.77,0.8004
0.66251,51.057,0.8016
0.66301,35.734,0.8028
0.66351,45.391,0.8036
0.66401,53.826,0.8048
0.66451,45.585,0.806
0.66501,51.315,0.8072
0.66551,58.333,0.808
0.66601,51.572,0.8092
0.66651,54.019,0.8104
0.66701,52.538,0.8116
0.66751,58.655,0.8124
0.66801,56.273,0.8136
0.66851,58.333,0.8148
0.66901,68.699,0.816
0.66951,57.303,0.8168
0.67001,55.178,0.818
0.67051,55.822,0.8192
0.67101,42.88,0.8204
0.67151,56.981,0.8212
0.67201,80.095,0.8224
0.67251,66.123,0.8236
0.67301,46.164,0.8244
0.67351,65.158,0.8256
0.67401,54.599,0.8268
0.67451,40.949,0.828
0.67501,45.971,0.8288
0.67551,43.267,0.83
0.67601,55.371,0.8312
0.67651,56.079,0.832
0.67701,49.963,0.8332
0.67751,40.691,0.8344
0.67801,44.361,0.8352
0.67851,52.86,0.8364
0.67901,46.293,0.8376
0.67951,36.699,0.8384
0.68001,36.699,0.8396
0.68051,43.138,0.8408
0.68101,41.271,0.8416
0.68151,41.657,0.8428
0.68201,39.919,0.844
0.68251,35.734,0.8448
0.68301,48.482,0.846
0.68351,62.969,0.8468
0.68401,65.158,0.848
0.68451,41.528,0.8492
0.68501,38.373,0.85
0.68551,47.065,0.8512
0.68601,32.514,0.8524
0.68651,50.22,0.8532
0.68701,51.959,0.8544
0.68751,38.76,0.8552
0.68801,49.383,0.8564
0.68851,49.126,0.8576
0.68901,43.975,0.8584
0.68951,44.748,0.8596
0.69001,42.752,0.8604
0.69051,45.649,0.8616
0.69101,25.754,0.8628
0.69151,31.742,0.8636
0.69201,41.979,0.8648
0.69251,39.726,0.8656
0.69301,39.983,0.8668
0.69351,42.945,0.8676
0.69401,43.267,0.8688
0.69451,34.124,0.87
0.69501,41.335,0.8708
0.69551,59.492,0.872
0.69601,52.989,0.8728
0.69651,44.297,0.874
0.69701,17.126,0.8748
0.69751,21.891,0.876
0.69801,52.924,0.8768
0.69851,48.418,0.878
0.69901,39.21,0.8788
0.69951,43.46,0.88
0.70001,46.872,0.8808
0.70051,40.627,0.882
0.70101,42.237,0.8828
0.70151,38.309,0.884
0.70201,45.907,0.8848
0.70251,58.59,0.886
0.70301,48.546,0.8868
0.70351,43.009,0.888
0.70401,43.911,0.8888
0.70451,45.971,0.89
0.70501,46.808,0.8908
0.70551,40.112,0.8916
0.70601,45.907,0.8928
0.70651,50.22,0.8936
0.70701,47.001,0.8948
0.70751,49.061,0.8956
0.70801,41.206,0.8968
0.70851,36.249,0.8976
0.70901,29.681,0.8988
0.70951,31.162,0.8996
0.71001,44.297,0.9004
0.71051,47.516,0.9016
0.71101,42.365,0.9024
0.71151,41.593,0.9036
0.71201,38.245,0.9044
0.71251,37.858,0.9052
0.71301,39.597,0.9064
0.71351,53.053,0.9072
0.71401,54.792,0.9084
0.71451,46.035,0.9092
0.71501,38.567,0.91
0.71551,36.442,0.9112
0.71601,40.369,0.912
0.71651,35.798,0.9128
0.71701,31.806,0.914
0.71751,33.48,0.9148
0.71801,36.184,0.9156
0.71851,43.846,0.9168
0.71901,42.623,0.9176
0.71951,42.043,0.9184
0.72001,58.719,0.9196
0.72051,55.757,0.9204
0.72101,41.078,0.9212
0.72151,27.364,0.9224
0.72201,23.887,0.9232
0.72251,30.325,0.924
0.72301,40.756,0.9252
0.72351,42.816,0.926
0.72401,40.563,0.9268
0.72451,40.756,0.928
0.72501,36.12,0.9288
0.72551,25.11,0.9296
0.72601,21.311,0.9304
0.72651,26.72,0.9316
0.72701,34.704,0.9324
0.72751,44.876,0.9332
0.72801,48.611,0.934
0.72851,37.021,0.9352
0.72901,37.279,0.936
0.72951,36.699,0.9368
0.73001,34.382,0.9376
0.73051,38.824,0.9388
0.73101,31.999,0.9396
0.73151,28.651,0.9404
0.73201,45.971,0.9412
0.73251,56.337,0.9424
0.73301,52.409,0.9432
0.73351,57.174,0.944
0.73401,47.259,0.9448
0.73451,40.498,0.9456
0.73501,41.142,0.9468
0.73551,30.132,0.9476
0.73601,42.559,0.9484
0.73651,49.963,0.9492
0.73701,50.349,0.95
0.73751,51.637,0.9508
0.73801,54.727,0.952
0.73851,58.333,0.9528
0.73901,52.667,0.9536
0.73951,47.065,0.9544
0.74001,44.168,0.9552
0.74051,41.85,0.956
0.74101,34.253,0.9572
0.74151,27.17,0.958
0.74201,35.605,0.9588
0.74251,41.078,0.9596
0.74301,46.872,0.9604
0.74351,44.812,0.9612
0.74401,43.267,0.962
0.74451,40.627,0.9628
0.74501,29.295,0.964
0.74551,25.883,0.9648
0.74601,27.106,0.9656
0.74651,28.587,0.9664
0.74701,31.806,0.9672
0.74751,39.597,0.968
0.74801,53.826,0.9688
0.74851,43.653,0.9696
0.74901,26.591,0.9704
0.74951,22.664,0.9712
0.75001,31.806,0.972
0.75051,33.609,0.9728
0.75101,29.038,0.9736
0.75151,29.617,0.9748
0.75201,28.072,0.9756
0.75251,36.249,0.9764
0.75301,37.858,0.9772
0.75351,36.893,0.978
0.75401,43.653,0.9788
0.75451,43.396,0.9796
0.75501,28.136,0.9804
0.75551,19.316,0.9812
0.75601,26.591,0.982
0.75651,32.193,0.9828
0.75701,34.768,0.9836
0.75751,37.343,0.9844
0.75801,37.73,0.9852
0.75851,47.323,0.986
0.75901,46.679,0.9868
0.75951,39.854,0.9876
0.76001,33.609,0.9884
0.76051,26.913,0.9892
0.76101,33.223,0.99
0.76151,29.617,0.9908
0.76201,28.136,0.9912
0.76251,33.673,0.992
0.76301,53.568,0.9928
0.76351,60.458,0.9936
0.76401,42.945,0.9944
0.76451,33.48,0.9952
0.76501,27.686,0.996
0.76551,18.672,0.9968
0.76601,23.951,0.9976
0.76651,34.768,0.9984
0.76701,37.665,0.9992
0.76751,37.15,1
0.76801,47.13,1.0004
0.76851,36.313,1.0012
0.76901,34.639,1.002
0.76951,29.295,1.0028
0.77001,33.802,1.0036
0.77051,36.249,1.0044
0.77101,35.347,1.0052
0.77151,37.408,1.006
0.77201,43.138,1.0064
0.77251,43.717,1.0072
0.77301,40.498,1.008
0.77351,37.987,1.0088
0.77401,46.615,1.0096
0.77451,48.031,1.0104
0.77501,46.872,1.0108
0.77551,48.611,1.0116
0.77601,43.009,1.0124
0.77651,50.929,1.0132
0.77701,51.186,1.014
0.77751,52.989,1.0144
0.77801,50.8,1.0152
0.77851,42.237,1.016
0.77901,45.07,1.0168
0.77951,46.872,1.0176
0.78001,55.114,1.018
0.78051,58.912,1.0188
0.78101,44.233,1.0196
0.78151,29.681,1.0204
0.78201,31.613,1.0208
0.78251,39.726,1.0216
0.78301,39.854,1.0224
0.78351,43.267,1.0232
0.78401,45.971,1.0236
0.78451,40.691,1.0244
0.78501,32.965,1.0252
0.78551,30.197,1.026
0.78601,32.772,1.0264
0.78651,36.249,1.0272
0.78701,34.897,1.028
0.78751,35.991,1.0284
0.78801,41.4,1.0292
0.78851,39.404,1.03
0.78901,40.627,1.0304
0.78951,32.965,1.0312
0.79001,40.627,1.032
0.79051,50.8,1.0324
0.79101,40.82,1.0332
0.79151,42.494,1.034
0.79201,44.361,1.0344
0.79251,40.305,1.0352
0.79301,37.858,1.036
0.79351,36.056,1.0364
0.79401,36.249,1.0372
0.79451,38.245,1.038
0.79501,44.876,1.0384
0.79551,44.168,1.0392
0.79601,42.623,1.0396
0.79651,42.816,1.0404
0.79701,41.915,1.0412
0.79751,44.812,1.0416
0.79801,50.993,1.0424
0.79851,51.572,1.0428
0.79901,41.85,1.0436
0.79951,32.193,1.0444
0.80001,36.313,1.0448
0.80051,39.854,1.0456
0.80101,46.486,1.046
0.80151,50.542,1.0468
0.80201,50.22,1.0472
0.80251,50.671,1.048
0.80301,44.104,1.0484
0.80351,46.679,1.0492
0.80401,45.649,1.05
0.80451,42.752,1.0504
0.80501,45.327,1.0512
0.80551,41.786,1.0516
0.80601,44.49,1.0524
0.80651,47.323,1.0528
0.80701,46.357,1.0536
0.80751,45.713,1.054
0.80801,48.611,1.0548
0.80851,47.967,1.0552
0.80901,43.138,1.056
0.80951,36.442,1.0564
0.81001,40.691,1.0572
0.81051,43.46,1.0576
0.81101,41.335,1.0584
0.81151,38.953,1.0588
0.81201,42.365,1.0592
0.81251,47.323,1.06
0.81301,41.335,1.0604
0.81351,40.498,1.0612
0.81401,39.597,1.0616
0.81451,39.017,1.0624
0.81501,39.404,1.0628
0.81551,36.893,1.0636
0.81601,38.502,1.064
0.81651,40.434,1.0644
0.81701,43.846,1.0652
0.81751,47.709,1.0656
0.81801,53.311,1.0664
0.81851,50.671,1.0668
0.81901,40.82,1.0672
0.81951,38.116,1.068
0.82001,41.464,1.0684
0.82051,44.49,1.0692
0.82101,47.323,1.0696
0.82151,43.717,1.07
0.82201,50.8,1.0708
0.82251,54.663,1.0712
0.82301,53.246,1.072
0.82351,49.963,1.0724
0.82401,52.281,1.0728
0.82451,49.319,1.0736
0.82501,48.611,1.074
0.82551,50.929,1.0744
0.82601,50.285,1.0752
0.82651,52.474,1.0756
0.82701,48.804,1.076
0.82751,44.619,1.0768
0.82801,47.709,1.0772
0.82851,48.482,1.0776
0.82901,41.85,1.078
0.82951,37.665,1.0788
0.83001,41.078,1.0792
0.83051,41.528,1.0796
0.83101,36.12,1.0804
0.83151,33.416,1.0808
0.83201,38.116,1.0812
0.83251,42.623,1.082
0.83301,37.987,1.0824
0.83351,34.768,1.0828
0.83401,36.313,1.0832
0.83451,38.116,1.084
0.83501,42.43,1.0844
0.83551,45.649,1.0848
0.83601,45.005,1.0852
0.83651,47.838,1.086
0.83701,44.812,1.0864
0.83751,40.949,1.0868
0.83801,45.198,1.0872
0.83851,48.933,1.088
0.83901,47.967,1.0884
0.83951,53.762,1.0888
0.84001,62.389,1.0892
0.84051,63.033,1.0896
0.84101,62.196,1.0904
0.84151,59.621,1.0908
0.84201,60.458,1.0912
0.84251,62.067,1.0916
0.84301,57.882,1.092
0.84351,56.273,1.0928
0.84401,59.427,1.0932
0.84451,56.981,1.0936
0.84501,54.083,1.094
0.84551,52.152,1.0944
0.84601,50.027,1.0948
0.84651,50.22,1.0956
0.84701,47.709,1.096
0.84751,38.438,1.0964
0.84801,39.597,1.0968
0.84851,37.15,1.0972
0.84901,31.999,1.0976
0.84951,31.356,1.0984
0.85001,35.219,1.0988
0.85051,37.858,1.0992
0.85101,29.231,1.0996
0.85151,25.11,1.1
0.85201,26.784,1.1004
0.85251,29.36,1.1008
0.85301,27.621,1.1012
0.85351,26.205,1.102
0.85401,30.518,1.1024
0.85451,33.673,1.1028
0.85501,31.549,1.1032
0.85551,32.901,1.1036
0.85601,34.639,1.104
0.85651,38.953,1.1044
0.85701,39.146,1.1048
0.85751,40.82,1.1052
0.85801,46.486,1.1056
0.85851,50.8,1.106
0.85901,48.418,1.1064
0.85951,49.19,1.1068
0.86001,56.594,1.1072
0.86051,60.071,1.108
0.86101,56.723,1.1084
0.86151,55.951,1.1088
0.86201,58.59,1.1092
0.86251,57.882,1.1096
0.86301,53.311,1.11
0.86351,51.959,1.1104
0.86401,52.667,1.1108
0.86451,49.061,1.1112
0.86501,47.838,1.1116
0.86551,45.585,1.112
0.86601,44.039,1.1124
0.86651,43.46,1.1128
0.86701,39.983,1.1132
0.86751,34.382,1.1136
0.86801,36.764,1.114
0.86851,39.404,1.1144
0.86901,36.828,1.1148
0.86951,35.541,1.1152
0.87001,36.893,1.1156
0.87051,36.12,1.116
0.87101,27.686,1.1164
0.87151,22.792,1.1168
0.87201,23.951,1.1168
0.87251,26.076,1.1172
0.87301,23.05,1.1176
0.87351,23.436,1.118
0.87401,28.007,1.1184
0.87451,30.325,1.1188
0.87501,30.39,1.1192
0.87551,31.806,1.1196
0.87601,34.124,1.12
0.87651,33.867,1.1204
0.87701,33.351,1.1208
0.87751,33.03,1.1212
0.87801,35.541,1.1216
0.87851,38.953,1.1216
0.87901,37.279,1.122
0.87951,38.116,1.1224
0.88001,41.915,1.1228
0.88051,45.07,1.1232
0.88101,42.043,1.1236
0.88151,40.82,1.124
0.88201,44.683,1.1244
0.88251,46.293,1.1244
0.88301,44.683,1.1248
0.88351,45.971,1.1252
0.88401,48.418,1.1256
0.88451,49.512,1.126
0.88501,51.572,1.1264
0.88551,50.349,1.1268
0.88601,52.538,1.1268
0.88651,51.766,1.1272
0.88701,48.933,1.1276
0.88751,46.228,1.128
0.88801,48.353,1.1284
0.88851,49.126,1.1288
0.88901,44.361,1.1288
0.88951,42.043,1.1292
0.89001,44.49,1.1296
0.89051,45.907,1.13
0.89101,38.116,1.1304
0.89151,33.802,1.1304
0.89201,36.378,1.1308
0.89251,36.313,1.1312
0.89301,31.999,1.1316
0.89351,29.488,1.132
0.89401,30.003,1.132
0.89451,29.81,1.1324
0.89501,26.977,1.1328
0.89551,25.496,1.1332
0.89601,23.951,1.1336
0.89651,28.007,1.1336
0.89701,22.535,1.134
0.89751,22.664,1.1344
0.89801,24.917,1.1344
0.89851,28.072,1.1348
0.89901,25.69,1.1352
0.89951,23.243,1.1356
0.90001,26.012,1.1356
0.90051,27.492,1.136
0.90101,20.732,1.1364
0.90151,19.637,1.1368
0.90201,26.333,1.1368
0.90251,30.84,1.1372
0.90301,31.549,1.1376
0.90351,34.704,1.1376
0.90401,40.369,1.138
0.90451,44.168,1.1384
0.90501,46.55,1.1384
0.90551,47.581,1.1388
0.90601,51.25,1.1392
0.90651,52.023,1.1392
0.90701,50.929,1.1396
0.90751,48.611,1.14
0.90801,51.637,1.14
0.90851,53.697,1.1404
0.90901,48.933,1.1408
0.90951,48.16,1.1408
0.91001,51.637,1.1412
0.91051,53.568,1.1416
0.91101,46.422,1.1416
0.91151,43.46,1.142
0.91201,47.13,1.1424
0.91251,48.675,1.1424
0.91301,44.297,1.1428
0.91351,42.494,1.1432
0.91401,43.524,1.1432
0.91451,43.202,1.1436
0.91501,39.726,1.1436
0.91551,38.567,1.144
0.91601,36.378,1.1444
0.91651,39.404,1.1444
0.91701,32.193,1.1448
0.91751,31.162,1.1448
0.91801,33.416,1.1452
0.91851,35.412,1.1456
0.91901,31.034,1.1456
0.91951,27.428,1.146
0.92001,31.999,1.146
0.92051,33.287,1.1464
0.92101,28.716,1.1468
0.92151,26.012,1.1468
0.92201,31.677,1.1472
0.92251,33.223,1.1472
0.92301,31.291,1.1476
0.92351,30.454,1.1476
0.92401,35.347,1.148
0.92451,35.605,1.148
0.92501,35.283,1.1484
0.92551,34.51,1.1488
0.92601,37.665,1.1488
0.92651,38.052,1.1492
0.92701,36.12,1.1492
0.92751,32.708,1.1496
0.92801,36.442,1.1496
0.92851,38.953,1.15
0.92901,36.764,1.15
0.92951,35.283,1.1504
0.93001,41.593,1.1504
0.93051,44.297,1.1508
0.93101,40.563,1.1508
0.93151,39.275,1.1512
0.93201,44.941,1.1512
0.93251,48.16,1.1516
0.93301,43.396,1.1516
0.93351,42.559,1.152
0.93401,44.168,1.152
0.93451,44.683,1.1524
0.93501,43.138,1.1524
0.93551,41.979,1.1528
0.93601,40.756,1.1528
0.93651,43.331,1.1528
0.93701,38.18,1.1532
0.93751,36.506,1.1532
0.93801,39.468,1.1536
0.93851,41.85,1.1536
0.93901,36.764,1.154
0.93951,34.961,1.154
0.94001,39.919,1.1544
0.94051,42.365,1.1544
0.94101,37.794,1.1544
0.94151,34.768,1.1548
0.94201,40.884,1.1548
0.94251,42.494,1.1552
0.94301,40.498,1.1552
0.94351,39.017,1.1556
0.94401,43.074,1.1556
0.94451,43.267,1.1556
0.94501,43.589,1.156
0.94551,43.524,1.156
0.94601,47.065,1.1564
0.94651,49.319,1.1564
0.94701,47.452,1.1564
0.94751,45.263,1.1568
0.94801,50.671,1.1568
0.94851,54.599,1.1572
0.94901,50.542,1.1572
0.94951,48.675,1.1572
0.95001,55.951,1.1576
0.95051,59.749,1.1576
0.95101,54.083,1.1576
0.95151,51.444,1.158
0.95201,55.757,1.158
0.95251,57.496,1.1584
0.95301,52.409,1.1584
0.95351,50.735,1.1584
0.95401,50.735,1.1588
0.95451,51.701,1.1588
0.95501,48.868,1.1588
0.95551,47.967,1.1592
0.95601,44.941,1.1592
0.95651,48.739,1.1592
0.95701,41.979,1.1596
0.95751,40.884,1.1596
0.95801,42.365,1.16
0.95851,44.748,1.16
0.95901,40.498,1.16
0.95951,37.343,1.1604
0.96001,42.43,1.1604
0.96051,45.778,1.1604
0.96101,41.078,1.1608
0.96151,39.017,1.1608
0.96201,44.683,1.1608
0.96251,46.357,1.1612
0.96301,43.46,1.1612
0.96351,42.816,1.1612
0.96401,47.645,1.1612
0.96451,47.323,1.1616
0.96501,47.516,1.1616
0.96551,47.001,1.1616
0.96601,51.379,1.162
0.96651,53.118,1.162
0.96701,52.796,1.162
0.96751,48.868,1.1624
0.96801,54.341,1.1624
0.96851,58.526,1.1624
0.96901,56.208,1.1628
0.96951,55.629,1.1628
0.97001,62.389,1.1628
0.97051,65.673,1.1628
0.97101,62.067,1.1632
0.97151,61.423,1.1632
0.97201,67.154,1.1632
0.97251,69.858,1.1636
0.97301,67.347,1.1636
0.97351,66.639,1.1636
0.97401,67.476,1.164
0.97451,69.021,1.164
0.97501,67.669,1.164
0.97551,66.96,1.164
0.97601,64.321,1.1644
0.97651,67.604,1.1644
0.97701,60.522,1.1644
0.97751,58.526,1.1648
0.97801,58.977,1.1648
0.97851,59.041,1.1648
0.97901,52.281,1.1648
0.97951,46.422,1.1652
0.98001,49.255,1.1652
0.98051,49.963,1.1652
0.98101,41.657,1.1652
0.98151,35.862,1.1656
0.98201,39.017,1.1656
0.98251,37.665,1.1656
0.98301,30.905,1.1656
0.98351,28.394,1.166
0.98401,31.227,1.166
0.98451,28.007,1.166
0.98501,27.299,1.166
0.98551,25.561,1.1664
0.98601,29.038,1.1664
0.98651,29.875,1.1664
0.98701,29.681,1.1664
0.98751,26.462,1.1668
0.98801,32.128,1.1668
0.98851,38.373,1.1668
0.98901,32.708,1.1668
0.98951,33.609,1.1672
0.99001,42.623,1.1672
0.99051,47.838,1.1672
0.99101,45.005,1.1672
0.99151,44.941,1.1672
0.99201,52.731,1.1676
0.99251,57.753,1.1676
0.99301,55.5,1.1676
0.99351,56.466,1.1676
0.99401,59.105,1.1676
0.99451,62.84,1.168
0.99501,62.647,1.168
0.99551,64.771,1.168
0.99601,63.677,1.168
0.99651,69.15,1.168
0.99701,61.938,1.1684
0.99751,61.874,1.1684
0.99801,64.256,1.1684
0.99851,64.9,1.1684
0.99901,60.071,1.1684
0.99951,55.307,1.1688
1,58.011,1.1688
1.0005,61.037,1.1688
1.001,53.504,1.1688
1.0015,48.289,1.1688
1.002,51.057,1.1688
1.0025,50.929,1.1692
1.003,45.713,1.1692
1.0035,43.009,1.1692
1.004,44.941,1.1692
1.0045,42.945,1.1692
1.005,42.687,1.1692
1.0055,39.726,1.1696
1.006,44.297,1.1696
1.0065,44.554,1.1696
1.007,45.713,1.1696
1.0075,41.142,1.1696
1.008,47.516,1.1696
1.0085,51.637,1.1696
1.009,47.452,1.17
1.0095,48.289,1.17
1.01,54.92,1.17
1.0105,59.105,1.17
1.011,55.886,1.17
1.0115,55.242,1.17
1.012,62.003,1.17
1.0125,66.123,1.1704
1.013,64.643,1.1704
1.0135,64.514,1.1704
1.014,67.862,1.1704
1.0145,71.145,1.1704
1.015,70.824,1.1704
1.0155,72.884,1.1704
1.016,72.047,1.1708
1.0165,74.944,1.1708
1.017,70.308,1.1708
1.0175,69.793,1.1708
1.018,72.304,1.1708
1.0185,72.626,1.1708
1.019,68.184,1.1708
1.0195,61.295,1.1708
1.02,65.415,1.1712
1.0205,66.896,1.1712
1.021,59.363,1.1712
1.0215,53.955,1.1712
1.022,57.367,1.1712
1.0225,56.401,1.1712
1.023,50.027,1.1712
1.0235,47.452,1.1712
1.024,49.383,1.1716
1.0245,46.357,1.1716
1.025,44.941,1.1716
1.0255,41.142,1.1716
1.026,44.104,1.1716
1.0265,46.1,1.1716
1.027,42.494,1.1716
1.0275,37.15,1.1716
1.028,41.915,1.1716
1.0285,46.55,1.172
1.029,40.112,1.172
1.0295,39.919,1.172
1.03,43.911,1.172
1.0305,48.353,1.172
1.031,43.46,1.172
1.0315,42.945,1.172
1.032,48.675,1.172
1.0325,53.44,1.172
1.033,51.057,1.172
1.0335,51.637,1.172
1.034,54.47,1.1724
1.0345,58.719,1.1724
1.035,58.655,1.1724
1.0355,62.132,1.1724
1.036,61.938,1.1724
1.0365,68.506,1.1724
1.037,62.453,1.1724
1.0375,64.449,1.1724
1.038,67.797,1.1724
1.0385,70.759,1.1724
1.039,66.703,1.1724
1.0395,61.166,1.1724
1.04,69.085,1.1728
1.0405,72.562,1.1728
1.041,66.639,1.1728
1.0415,63.033,1.1728
1.042,67.476,1.1728
1.0425,67.669,1.1728
1.043,63.033,1.1728
1.0435,60.2,1.1728
1.044,63.226,1.1728
1.0445,60.844,1.1728
1.045,60.136,1.1728
1.0455,56.723,1.1728
1.046,59.492,1.1732
1.0465,59.814,1.1732
1.047,57.818,1.1732
1.0475,52.216,1.1732
1.048,56.273,1.1732
1.0485,59.041,1.1732
1.049,54.534,1.1732
1.0495,54.47,1.1732
1.05,56.723,1.1732
1.0505,60.136,1.1732
1.051,54.985,1.1732
1.0515,52.796,1.1732
1.052,58.526,1.1732
1.0525,61.295,1.1732
1.053,58.719,1.1736
1.0535,58.075,1.1736
1.054,60.715,1.1736
1.0545,64.127,1.1736
1.055,63.29,1.1736
1.0555,65.158,1.1736
1.056,64.9,1.1736
1.0565,69.665,1.1736
1.057,64.578,1.1736
1.0575,65.673,1.1736
1.058,69.214,1.1736
1.0585,70.759,1.1736
1.059,67.733,1.1736
1.0595,62.325,1.1736
1.06,69.343,1.1736
1.0605,72.948,1.174
1.061,66.123,1.174
1.0615,63.999,1.174
1.062,67.926,1.174
1.0625,69.407,1.174
1.063,64.127,1.174
1.0635,62.453,1.174
1.064,65.158,1.174
1.0645,62.904,1.174
1.065,61.938,1.174
1.0655,58.977,1.174
1.066,61.037,1.174
1.0665,63.097,1.174
1.067,61.101,1.174
1.0675,54.212,1.174
1.068,58.333,1.174
1.0685,61.874,1.174
1.069,56.208,1.174
1.0695,56.337,1.1744
1.07,59.234,1.1744
1.0705,61.552,1.1744
1.071,57.11,1.1744
1.0715,54.663,1.1744
1.072,59.685,1.1744
1.0725,62.389,1.1744
1.073,59.363,1.1744
1.0735,59.234,1.1744
1.074,60.071,1.1744
1.0745,63.677,1.1744
1.075,61.874,1.1744
1.0755,63.29,1.1744
1.076,63.484,1.1744
1.0765,67.926,1.1744
1.077,60.651,1.1744
1.0775,63.226,1.1744
1.078,66.51,1.1744
1.0785,68.763,1.1744
1.079,64.9,1.1744
1.0795,59.492,1.1744
1.08,67.218,1.1744
1.0805,71.21,1.1748
1.081,64.965,1.1748
1.0815,62.904,1.1748
1.082,67.089,1.1748
1.0825,69.278,1.1748
1.083,64.771,1.1748
1.0835,62.711,1.1748
1.084,66.639,1.1748
1.0845,65.158,1.1748
1.085,63.677,1.1748
1.0855,61.423,1.1748
1.086,63.677,1.1748
1.0865,62.132,1.1748
1.087,64.127,1.1748
1.0875,59.105,1.1748
1.088,62.582,1.1748
1.0885,66.188,1.1748
1.089,60.715,1.1748
1.0895,59.299,1.1748
1.09,63.677,1.1748
1.0905,65.48,1.1748
1.091,60.715,1.1748
1.0915,58.075,1.1748
1.092,63.033,1.1748
1.0925,65.802,1.1748
1.093,63.033,1.1748
1.0935,61.295,1.1748
1.094,63.934,1.1748
1.0945,65.995,1.1748
1.095,64.449,1.1748
1.0955,66.252,1.1752
1.096,65.544,1.1752
1.0965,70.373,1.1752
1.097,63.484,1.1752
1.0975,65.737,1.1752
1.098,69.214,1.1752
1.0985,70.759,1.1752
1.099,67.797,1.1752
1.0995,61.874,1.1752
1.1,69.343,1.1752
1.1005,74.107,1.1752
1.101,68.892,1.1752
1.1015,66.123,1.1752
1.102,70.759,1.1752
1.1025,72.433,1.1752
1.103,67.669,1.1752
1.1035,66.252,1.1752
1.104,70.18,1.1752
1.1045,68.248,1.1752
1.105,67.926,1.1752
1.1055,65.93,1.1752
1.106,67.476,1.1752
1.1065,65.673,1.1752
1.107,69.536,1.1752
1.1075,62.325,1.1752
1.108,66.317,1.1752
1.1085,70.373,1.1752
1.109,62.775,1.1752
1.1095,63.226,1.1752
1.11,66.317,1.1752
1.1105,69.15,1.1752
1.111,63.419,1.1752
1.1115,62.067,1.1752
1.112,66.188,1.1752
1.1125,68.506,1.1752
1.113,66.445,1.1752
1.1135,64.256,1.1752
1.114,66.96,1.1752
1.1145,68.699,1.1756
1.115,67.604,1.1756
1.1155,68.634,1.1756
1.116,68.506,1.1756
1.1165,73.85,1.1756
1.117,65.673,1.1756
1.1175,67.604,1.1756
1.118,71.21,1.1756
1.1185,72.047,1.1756
1.119,69.278,1.1756
1.1195,64.514,1.1756
1.12,71.532,1.1756
1.1205,76.232,1.1756
1.121,70.63,1.1756
1.1215,67.797,1.1756
1.122,72.562,1.1756
1.1225,73.785,1.1756
1.123,69.407,1.1756
1.1235,68.506,1.1756
1.124,71.982,1.1756
1.1245,70.244,1.1756
1.125,69.793,1.1756
1.1255,68.57,1.1756
1.126,68.506,1.1756
1.1265,72.369,1.1756
1.127,71.145,1.1756
1.1275,64.127,1.1756
1.128,69.6,1.1756
1.1285,73.013,1.1756
1.129,67.218,1.1756
1.1295,66.381,1.1756
1.13,69.987,1.1756
1.1305,70.437,1.1756
1.131,66.188,1.1756
1.1315,65.286,1.1756
1.132,68.119,1.1756
1.1325,70.952,1.1756
1.133,68.184,1.1756
1.1335,66.252,1.1756
1.134,68.248,1.1756
1.1345,70.18,1.1756
1.135,68.956,1.176
1.1355,68.634,1.176
1.136,70.824,1.176
1.1365,74.88,1.176
1.137,65.544,1.176
1.1375,68.248,1.176
1.138,72.176,1.176
1.1385,72.562,1.176
1.139,70.63,1.176
1.1395,64.836,1.176
1.14,72.047,1.176
1.1405,76.103,1.176
1.141,70.373,1.176
1.1415,68.377,1.176
1.142,73.141,1.176
1.1425,73.592,1.176
1.143,70.308,1.176
1.1435,69.214,1.176
1.144,71.854,1.176
1.1445,70.888,1.176
1.145,70.695,1.176
1.1455,69.858,1.176
1.146,69.278,1.176
1.1465,72.047,1.176
1.147,71.725,1.176
1.1475,65.48,1.176
1.148,70.437,1.176
1.1485,74.107,1.176
1.149,67.025,1.176
1.1495,66.639,1.176
1.15,70.373,1.176
1.1505,71.467,1.176
1.151,66.252,1.176
1.1515,65.286,1.176
1.152,68.441,1.176
1.1525,70.759,1.176
1.153,68.119,1.176
1.1535,66.832,1.176
1.154,67.733,1.1764
1.1545,70.373,1.1764
1.155,68.313,1.1764
1.1555,68.055,1.1764
1.156,70.695,1.1764
1.1565,73.656,1.1764
1.157,64.965,1.1764
1.1575,68.506,1.1764
1.158,70.437,1.1764
1.1585,70.888,1.1764
1.159,69.085,1.1764
1.1595,63.677,1.1764
1.16,70.244,1.1764
1.1605,74.622,1.1764
1.161,69.278,1.1764
1.1615,67.282,1.1764
1.162,72.433,1.1764
1.1625,72.498,1.1764
1.163,67.926,1.1764
1.1635,68.441,1.1764
1.164,70.952,1.1764
1.1645,68.506,1.1764
1.165,69.987,1.1764
1.1655,67.733,1.1764
1.166,67.282,1.1764
1.1665,71.21,1.1764
1.167,70.824,1.1764
1.1675,64.192,1.1764
1.168,68.184,1.1764
1.1685,72.755,1.1764
1.169,65.415,1.1764
1.1695,64.771,1.1764
1.17,68.763,1.1764
1.1705,69.214,1.1764
1.171,64.836,1.1764
1.1715,63.419,1.1764
1.172,66.445,1.1764
1.1725,69.021,1.1768
1.173,66.832,1.1772
1.1735,64.578,1.1772
1.174,66.317,1.1772
1.1745,68.119,1.1772
1.175,65.351,1.1772
1.1755,65.351,1.1772
1.176,67.797,1.1772
1.1765,69.729,1.1772
1.177,62.647,1.1772
1.1775,64.321,1.1772
1.178,67.282,1.1772
1.1785,66.896,1.1772
1.179,65.093,1.1772
1.1795,59.299,1.1772
1.18,66.767,1.1772
1.1805,69.729,1.1772
1.181,64.9,1.1772
1.1815,62.969,1.1772
1.182,67.604,1.1772
1.1825,67.089,1.1772
1.183,63.484,1.1772
1.1835,63.612,1.1772
1.184,65.802,1.1772
1.1845,64.9,1.1772
1.185,65.802,1.1772
1.1855,64.256,1.1772
1.186,63.806,1.1772
1.1865,66.381,1.1772
1.187,66.317,1.1772
1.1875,61.23,1.1772
1.188,64.063,1.1772
1.1885,70.373,1.1772
1.189,62.325,1.1772
1.1895,62.518,1.1772
1.19,65.286,1.1772
1.1905,67.54,1.1772
1.191,60.908,1.1772
1.1915,60.908,1.1772
1.192,63.87,1.1772
1.1925,66.639,1.1772
1.193,63.162,1.1772
1.1935,61.81,1.1772
1.194,63.484,1.1772
1.1945,64.385,1.1772
1.195,62.196,1.1772
1.1955,62.389,1.1772
1.196,64.449,1.1772
1.1965,66.381,1.1772
1.197,59.814,1.1772
1.1975,61.488,1.1772
1.198,64.578,1.1772
1.1985,64.127,1.1772
1.199,62.647,1.1776
1.1995,57.238,1.1776
1.2,64.449,1.1776
1.2005,67.282,1.1776
1.201,62.003,1.1776
1.2015,61.423,1.1776
1.202,65.351,1.1776
1.2025,65.866,1.1776
1.203,61.745,1.1776
1.2035,61.23,1.1776
1.204,64.127,1.1776
1.2045,62.647,1.1776
1.205,64.449,1.1776
1.2055,63.033,1.1776
1.206,62.518,1.1776
1.2065,63.999,1.1776
1.207,66.639,1.1776
1.2075,60.136,1.1776
1.208,63.419,1.1776
1.2085,68.313,1.1776
1.209,61.23,1.1776
1.2095,61.295,1.1776
1.21,64.707,1.1776
1.2105,66.767,1.1776
1.211,61.488,1.1776
1.2115,60.844,1.1776
1.212,63.29,1.1776
1.2125,66.252,1.1776
1.213,63.484,1.1776
1.2135,61.488,1.1776
1.214,64.321,1.1776
1.2145,65.222,1.1776
1.215,62.775,1.1776
1.2155,62.26,1.1776
1.216,65.544,1.1776
1.2165,66.445,1.1776
1.217,60.522,1.1776
1.2175,62.389,1.1776
1.218,65.286,1.1776
1.2185,64.256,1.1776
1.219,63.741,1.1776
1.2195,58.204,1.1776
1.22,65.544,1.1776
1.2205,67.347,1.1776
1.221,62.904,1.1776
1.2215,61.874,1.1776
1.222,65.608,1.1776
1.2225,66.059,1.1776
1.223,62.904,1.1776
1.2235,62.003,1.1776
1.224,64.578,1.1776
1.2245,63.741,1.1776
1.225,63.806,1.1776
1.2255,63.806,1.1776
1.226,62.84,1.1776
1.2265,61.681,1.1776
1.227,66.381,1.1776
1.2275,61.101,1.1776
1.228,63.87,1.1776
1.2285,69.987,1.1776
1.229,61.938,1.1776
1.2295,62.518,1.1776
1.23,64.385,1.1776
1.2305,67.669,1.1776
1.231,61.166,1.1776
1.2315,61.23,1.1776
1.232,63.87,1.1776
1.2325,66.381,1.1776
1.233,63.677,1.1776
1.2335,62.84,1.1776
1.234,64.127,1.1776
1.2345,64.643,1.1776
1.235,62.003,1.1776
1.2355,62.196,1.1776
1.236,65.222,1.1776
1.2365,67.347,1.1776
1.237,60.264,1.1776
1.2375,62.132,1.1776
1.238,65.158,1.1776
1.2385,64.063,1.1776
1.239,62.325,1.1776
1.2395,58.14,1.1776
1.24,64.707,1.1776
1.2405,66.96,1.1776
1.241,61.938,1.1776
1.2415,62.003,1.1776
1.242,65.029,1.1776
1.2425,65.544,1.1776
1.243,62.067,1.1776
1.2435,61.745,1.1776
1.244,64.256,1.1776
1.2445,63.612,1.1776
1.245,64.321,1.1776
1.2455,64.321,1.1776
1.246,62.84,1.1776
1.2465,66.188,1.1776
1.247,65.286,1.1776
1.2475,60.973,1.1776
1.248,64.192,1.1776
1.2485,69.085,1.1776
1.249,61.81,1.1776
1.2495,62.26,1.1776
1.25,64.707,1.1776
1.2505,65.866,1.1776
1.251,62.389,1.1776
1.2515,60.264,1.1776
1.252,63.677,1.1776
1.2525,64.643,1.1776
1.253,62.389,1.1776
1.2535,60.2,1.1776
1.254,63.162,1.1776
1.2545,63.484,1.1776
1.255,61.552,1.1776
1.2555,60.393,1.1776
1.256,64.063,1.1776
1.2565,64.578,1.1776
1.257,58.848,1.1776
1.2575,60.586,1.1776
1.258,63.806,1.1776
1.2585,61.488,1.1776
1.259,61.681,1.1776
1.2595,57.947,1.1776
1.26,63.29,1.1776
1.2605,65.93,1.1776
1.261,62.325,1.1776
1.2615,61.295,1.1776
1.262,64.643,1.1776
1.2625,65.286,1.1776
1.263,61.23,1.1776
1.2635,61.488,1.1776
1.264,63.87,1.1776
1.2645,63.033,1.1776
1.265,63.162,1.1776
1.2655,64.063,1.1776
1.266,61.359,1.1776
1.2665,61.166,1.1776
1.267,65.286,1.1776
1.2675,60.458,1.1776
1.268,63.548,1.1776
1.2685,69.021,1.1776
1.269,60.329,1.1776
1.2695,60.264,1.1776
1.27,64.449,1.1776
1.2705,65.802,1.1776
1.271,60.715,1.1776
1.2715,60.007,1.1776
1.272,62.132,1.1776
1.2725,64.192,1.1776
1.273,62.132,1.1776
1.2735,60.136,1.1776
1.274,62.26,1.1776
1.2745,63.226,1.1776
1.275,61.037,1.1776
1.2755,59.492,1.1776
1.276,63.355,1.1776
1.2765,65.866,1.1776
1.277,57.303,1.1776
1.2775,60.264,1.1776
1.278,62.969,1.1776
1.2785,61.101,1.1776
1.279,60.715,1.1776
1.2795,57.303,1.1776
1.28,62.196,1.1776
1.2805,65.351,1.1776
1.281,61.745,1.1776
1.2815,59.427,1.1776
1.282,63.484,1.1776
1.2825,63.87,1.1776
1.283,60.779,1.1776
1.2835,61.101,1.1776
1.284,62.389,1.1776
1.2845,61.552,1.1776
1.285,62.067,1.1776
1.2855,62.904,1.1776
1.286,61.359,1.1776
1.2865,59.427,1.1776
1.287,65.029,1.1776
1.2875,60.071,1.1776
1.288,62.647,1.1776
1.2885,67.604,1.1776
1.289,60.393,1.1776
1.2895,59.749,1.1776
1.29,64.127,1.1776
1.2905,64.578,1.1776
1.291,60.651,1.1776
1.2915,58.912,1.1776
1.292,62.067,1.1776
1.2925,63.29,1.1776
1.293,61.488,1.1776
1.2935,59.556,1.1776
1.294,61.874,1.1776
1.2945,62.196,1.1776
1.295,60.329,1.1776
1.2955,59.427,1.1776
1.296,63.29,1.1776
1.2965,62.132,1.1776
1.297,58.204,1.1776
1.2975,59.621,1.1776
1.298,62.711,1.1776
1.2985,59.878,1.1776
1.299,60.651,1.1776
1.2995,57.174,1.1776
1.3,61.81,1.1776
1.3005,64.321,1.1776
1.301,59.685,1.1776
1.3015,60.071,1.1776
1.302,63.612,1.1776
1.3025,63.87,1.1776
1.303,59.814,1.1776
1.3035,60.458,1.1776
1.304,61.423,1.1776
1.3045,61.101,1.1776
1.305,61.81,1.1776
1.3055,61.616,1.1776
1.306,60.458,1.1776
1.3065,58.719,1.1776
1.307,62.196,1.1776
1.3075,59.749,1.1776
1.308,62.582,1.1776
1.3085,67.54,1.1776
1.309,58.848,1.1776
1.3095,59.041,1.1776
1.31,63.355,1.1776
1.3105,63.87,1.1776
1.311,59.427,1.1776
1.3115,59.749,1.1776
1.312,59.942,1.1776
1.3125,62.389,1.1776
1.313,60.393,1.1776
1.3135,58.397,1.1776
1.314,61.681,1.1776
1.3145,61.874,1.1776
1.315,59.814,1.1776
1.3155,59.17,1.1776
1.316,61.874,1.1776
1.3165,62.067,1.1776
1.317,57.367,1.1776
1.3175,59.621,1.1776
1.318,61.488,1.1776
1.3185,60.007,1.1776
1.319,60.651,1.1776
1.3195,57.496,1.1776
1.32,60.908,1.1776
1.3205,63.548,1.1776
1.321,59.041,1.1776
1.3215,58.719,1.1776
1.322,62.518,1.1776
1.3225,62.453,1.1776
1.323,59.299,1.1776
1.3235,60.071,1.1776
1.324,60.329,1.1776
1.3245,60.522,1.1776
1.325,61.23,1.1776
1.3255,61.681,1.1776
1.326,60.136,1.1776
1.3265,59.685,1.1776
1.327,61.359,1.1776
1.3275,58.784,1.1776
1.328,61.938,1.1776
1.3285,66.639,1.1776
1.329,58.655,1.1776
1.3295,58.655,1.1776
1.33,62.067,1.1776
1.3305,63.033,1.1776
1.331,60.136,1.1776
1.3315,58.912,1.1776
1.332,60.844,1.1776
1.3325,62.196,1.1776
1.333,60.2,1.1776
1.3335,59.363,1.1776
1.334,61.23,1.1776
1.3345,61.359,1.1776
1.335,59.427,1.1776
1.3355,59.17,1.1776
1.336,60.779,1.1776
1.3365,61.681,1.1776
1.337,57.753,1.1776
1.3375,58.719,1.1776
1.338,60.973,1.1776
1.3385,58.719,1.1776
1.339,59.105,1.1776
1.3395,56.015,1.1776
1.34,61.101,1.1776
1.3405,62.84,1.1776
1.341,59.17,1.1776
1.3415,58.204,1.1776
1.342,61.745,1.1776
1.3425,61.166,1.1776
1.343,58.784,1.1776
1.3435,60.071,1.1776
1.344,59.749,1.1776
1.3445,59.685,1.1776
1.345,60.844,1.1776
1.3455,60.393,1.1776
1.346,60.715,1.1776
1.3465,57.045,1.1776
1.347,61.037,1.1776
1.3475,59.041,1.1776
1.348,60.908,1.1776
1.3485,65.351,1.1776
1.349,57.689,1.1776
1.3495,59.17,1.1772
1.35,61.101,1.1768
1.3505,62.904,1.1768
1.351,58.204,1.1768
1.3515,58.075,1.1768
1.352,60.329,1.1768
1.3525,62.003,1.1768
1.353,58.912,1.1768
1.3535,58.719,1.1768
1.354,60.715,1.1768
1.3545,60.779,1.1768
1.355,58.59,1.1768
1.3555,59.105,1.1768
1.356,59.621,1.1768
1.3565,60.458,1.1768
1.357,57.818,1.1768
1.3575,58.204,1.1768
1.358,60.007,1.1768
1.3585,58.462,1.1768
1.359,58.526,1.1768
1.3595,56.594,1.1768
1.36,60.329,1.1768
1.3605,62.582,1.1768
1.361,58.784,1.1768
1.3615,58.333,1.1768
1.362,61.101,1.1768
1.3625,61.037,1.1768
1.363,58.204,1.1768
1.3635,59.363,1.1768
1.364,59.363,1.1768
1.3645,59.041,1.1768
1.365,60.393,1.1768
1.3655,59.492,1.1768
1.366,60.007,1.1768
1.3665,56.852,1.1768
1.367,59.556,1.1768
1.3675,58.526,1.1768
1.368,60.458,1.1768
1.3685,64.578,1.1768
1.369,57.753,1.1768
1.3695,57.818,1.1768
1.37,60.844,1.1768
1.3705,61.81,1.1768
1.371,60.071,1.1768
1.3715,57.11,1.1768
1.372,59.621,1.1768
1.3725,60.715,1.1768
1.373,59.041,1.1768
1.3735,56.916,1.1768
1.374,60.071,1.1768
1.3745,60.393,1.1768
1.375,57.882,1.1768
1.3755,58.204,1.1768
1.376,59.363,1.1768
1.3765,60.522,1.1768
1.377,57.496,1.1768
1.3775,57.496,1.1768
1.378,60.329,1.1768
1.3785,57.689,1.1768
1.379,58.462,1.1768
1.3795,55.307,1.1768
1.38,60.071,1.1768
1.3805,61.23,1.1768
1.381,56.916,1.1768
1.3815,57.431,1.1768
1.382,60.264,1.1768
1.3825,60.393,1.1768
1.383,57.496,1.1768
1.3835,58.462,1.1768
1.384,59.105,1.1768
1.3845,58.462,1.1768
1.385,59.878,1.1768
1.3855,59.363,1.1768
1.386,60.393,1.1768
1.3865,59.105,1.1768
1.387,59.299,1.1768
1.3875,59.17,1.1768
1.388,59.105,1.1768
1.3885,63.419,1.1768
1.389,56.981,1.1768
1.3895,57.238,1.1768
1.39,61.037,1.1768
1.3905,59.685,1.1768
1.391,58.333,1.1768
1.3915,57.11,1.1768
1.392,59.621,1.1768
1.3925,59.363,1.1768
1.393,58.333,1.1768
1.3935,57.303,1.1768
1.394,59.234,1.1768
1.3945,59.749,1.1768
1.395,57.496,1.1768
1.3955,58.268,1.1768
1.396,58.59,1.1768
1.3965,60.071,1.1768
1.397,57.496,1.1768
1.3975,57.238,1.1768
1.398,59.878,1.1768
1.3985,57.56,1.1768
1.399,57.56,1.1768
1.3995,55.178,1.1768
1.4,59.363,1.1768
1.4005,61.166,1.1768
1.401,57.496,1.1768
1.4015,57.496,1.1768
1.402,59.363,1.1768
1.4025,60.007,1.1768
1.403,57.882,1.1768
1.4035,58.784,1.1768
1.404,58.977,1.1768
1.4045,58.075,1.1768
1.405,59.17,1.1768
1.4055,58.397,1.1768
1.406,59.363,1.1768
1.4065,59.492,1.1768
1.407,57.689,1.1768
1.4075,58.14,1.1768
1.408,59.363,1.1768
1.4085,63.033,1.1768
1.409,57.303,1.1768
1.4095,58.075,1.1768
1.41,60.458,1.1768
1.4105,59.17,1.1768
1.411,58.268,1.1768
1.4115,57.238,1.1768
1.412,59.363,1.1768
1.4125,59.492,1.1768
1.413,58.268,1.1768
1.4135,55.693,1.1768
1.414,58.655,1.1768
1.4145,59.427,1.1768
1.415,57.045,1.1768
1.4155,57.11,1.1768
1.416,58.011,1.1768
1.4165,61.488,1.1768
1.417,57.303,1.1768
1.4175,55.951,1.1768
1.418,59.749,1.1768
1.4185,56.401,1.1768
1.419,57.818,1.1768
1.4195,55.242,1.1768
1.42,58.784,1.1768
1.4205,61.745,1.1768
1.421,55.822,1.1768
1.4215,56.594,1.1768
1.422,59.427,1.1768
1.4225,59.685,1.1768
1.423,57.625,1.1768
1.4235,58.719,1.1768
1.424,58.268,1.1768
1.4245,57.045,1.1768
1.425,58.912,1.1768
1.4255,57.496,1.1768
1.426,59.041,1.1768
1.4265,55.178,1.1768
1.427,57.303,1.1768
1.4275,58.011,1.1768
1.428,58.397,1.1768
1.4285,62.582,1.1768
1.429,56.337,1.1768
1.4295,56.659,1.1768
1.43,59.942,1.1768
1.4305,58.912,1.1768
1.431,57.947,1.1768
1.4315,57.174,1.1768
1.432,58.784,1.1768
1.4325,59.17,1.1768
1.433,57.174,1.1768
1.4335,55.629,1.1768
1.434,57.882,1.1768
1.4345,59.814,1.1768
1.435,56.981,1.1768
1.4355,57.625,1.1768
1.436,57.947,1.1768
1.4365,59.492,1.1768
1.437,57.303,1.1768
1.4375,56.659,1.1768
1.438,58.848,1.1768
1.4385,56.981,1.1768
1.439,56.916,1.1768
1.4395,56.015,1.1768
1.44,58.59,1.1768
1.4405,60.651,1.1768
1.441,56.015,1.1768
1.4415,55.822,1.1768
1.442,58.784,1.1768
1.4425,58.397,1.1768
1.443,57.11,1.1768
1.4435,57.947,1.1768
1.444,57.947,1.1768
1.4445,56.337,1.1768
1.445,58.333,1.1768
1.4455,57.56,1.1768
1.446,59.299,1.1768
1.4465,58.204,1.1768
1.447,56.981,1.1768
1.4475,57.11,1.1768
1.448,57.947,1.1768
1.4485,61.81,1.1768
1.449,56.466,1.1768
1.4495,56.659,1.1768
1.45,59.492,1.1768
1.4505,57.045,1.1768
1.451,57.625,1.1768
1.4515,56.916,1.1768
1.452,58.784,1.1768
1.4525,58.268,1.1768
1.453,57.689,1.1768
1.4535,55.629,1.1768
1.454,57.947,1.1768
1.4545,59.105,1.1768
1.455,56.337,1.1768
1.4555,58.011,1.1768
1.456,57.56,1.1768
1.4565,58.848,1.1768
1.457,58.268,1.1768
1.4575,55.757,1.1768
