1e-05,-1.3102,0
0.00051,3.7118,0
0.00101,2.1666,0
0.00151,2.2953,0
0.00201,1.0076,0
0.00251,2.2953,0
0.00301,3.3899,0
0.00351,1.0076,0
0.00401,4.1625,0
0.00451,2.8748,0
0.00501,3.583,0
0.00551,0.94324,0
0.00601,3.0679,0
0.00651,0.10624,0
0.00701,2.1022,0
0.00751,1.8446,0
0.00801,1.5227,0
0.00851,1.7802,0
0.00901,2.6816,0
0.00951,2.746,0
0.01001,5.1927,0
0.01051,0.42816,0
0.01101,3.905,0
0.01151,1.072,0
0.01201,2.2309,0
0.01251,3.3255,0
0.01301,2.1666,0
0.01351,4.0981,0
0.01401,-0.85954,0
0.01451,2.2309,0
0.01501,3.8406,0
0.01551,2.9392,0
0.01601,0.94324,0
0.01651,3.1323,0
0.01701,2.2953,0
0.01751,2.0378,0
0.01801,2.6816,0
0.01851,2.4885,0
0.01901,1.9734,0
0.01951,2.1022,0
0.02001,-0.85954,0
0.02051,3.6474,0
0.02101,1.7802,0
0.02151,2.5529,0
0.02201,0.49255,0
0.02251,1.7159,0
0.02301,3.2611,0
0.02351,0.6857,0
0.02401,3.3255,0
0.02451,3.0036,0
0.02501,3.1323,0
0.02551,0.62132,0
0.02601,2.2309,0
0.02651,0.23501,0
0.02701,1.6515,0
0.02751,1.6515,0
0.02801,1.2008,0
0.02851,2.3597,0
0.02901,2.6173,0
0.02951,3.1323,0
0.03001,4.42,0
0.03051,1.0076,0
0.03101,3.1967,0
0.03151,1.5871,0
0.03201,2.0378,0
0.03251,3.1323,0
0.03301,2.8104,0
0.03351,3.6474,0
0.03401,0.23501,0
0.03451,1.5227,0
0.03501,2.9392,0
0.03551,2.1022,0
0.03601,1.072,0
0.03651,3.3899,0
0.03701,2.746,0
0.03751,1.6515,0
0.03801,2.6173,0
0.03851,2.3597,0
0.03901,1.9734,0
0.03951,1.3939,0
0.04001,-1.3746,0
0.04051,3.583,0
0.04101,2.4241,0
0.04151,3.3255,0
0.04201,1.8446,0
0.04251,3.0036,0
0.04301,3.0036,0
0.04351,0.62132,0
0.04401,4.0337,0
0.04451,2.3597,0
0.04501,3.9693,0
0.04551,1.4583,0
0.04601,1.7802,0
0.04651,0.87886,0
0.04701,1.7159,0
0.04751,1.8446,0
0.04801,1.3296,0
0.04851,1.9734,0
0.04901,1.6515,0
0.04951,2.2309,0
0.05001,3.1323,0
0.05051,1.2652,0
0.05101,3.7762,0
0.05151,1.072,0
0.05201,2.1666,0
0.05251,3.905,0
0.05301,2.6173,0
0.05351,3.0679,0
0.05401,-0.602,0
0.05451,1.7159,0
0.05501,2.746,0
0.05551,2.4241,0
0.05601,1.2652,0
0.05651,3.1323,0
0.05701,2.8104,0
0.05751,1.6515,0
0.05801,2.8748,0
0.05851,1.8446,0
0.05901,3.2611,0
0.05951,1.0076,0
0.06001,0.29939,0
0.06051,4.42,0
0.06101,1.909,0
0.06151,2.8748,0
0.06201,1.2008,0
0.06251,3.0036,0
0.06301,3.1323,0
0.06351,0.75009,0
0.06401,4.0337,0
0.06451,2.6816,0
0.06501,3.0036,0
0.06551,1.3939,0
0.06601,1.909,0
0.06651,1.8446,0
0.06701,1.5227,0
0.06751,1.7159,0
0.06801,1.3296,0
0.06851,2.6816,0
0.06901,1.2008,0
0.06951,2.2309,0
0.07001,3.3899,0
0.07051,1.5871,0
0.07101,3.3899,0
0.07151,0.42816,0
0.07201,1.0076,0
0.07251,3.7118,0
0.07301,2.6816,0
0.07351,2.8748,0
0.07401,-0.28007,0
0.07451,2.4241,0
0.07501,3.1323,0
0.07551,1.9734,0
0.07601,1.2008,0
0.07651,2.4885,0
0.07701,3.0679,0
0.07751,1.3296,0
0.07801,2.3597,0
0.07851,1.8446,0
0.07901,3.0036,0
0.07951,2.9392,0
0.08001,0.75009,0
0.08051,4.42,0
0.08101,2.2309,0
0.08151,2.5529,0
0.08201,1.4583,0
0.08251,2.9392,0
0.08301,3.2611,0
0.08351,0.04185,0
0.08401,3.583,0
0.08451,2.4241,0
0.08501,2.8104,0
0.08551,0.49255,0
0.08601,1.8446,0
0.08651,1.8446,0
0.08701,1.7802,0
0.08751,1.2008,0
0.08801,1.6515,0
0.08851,3.4543,0
0.08901,0.49255,0
0.08951,4.0981,0
0.09001,3.583,0
0.09051,1.8446,0
0.09101,3.0679,0
0.09151,0.55693,0
0.09201,1.7802,0
0.09251,3.905,0
0.09301,2.1666,0
0.09351,1.9734,0
0.09401,-0.21569,0
0.09451,2.2309,0
0.09501,3.0036,0
0.09551,2.1022,0
0.09601,1.4583,0
0.09651,1.8446,0
0.09701,2.2309,0
0.09751,2.3597,0
0.09801,2.6173,0
0.09851,1.3296,0
0.09901,3.8406,0
0.09951,1.072,0
0.10001,1.6515,0
0.10051,4.3556,0
0.10101,2.2953,0
0.10151,3.4543,0
0.10201,0.87886,0
0.10251,2.4885,0
0.10301,3.3899,0
0.10351,0.29939,0
0.10401,4.42,0
0.10451,2.9392,0
0.10501,3.2611,0
0.10551,2.4241,0
0.10601,3.0036,0
0.10651,4.6776,0
0.10701,5.3214,0
0.10751,5.3858,0
0.10801,7.7681,0
0.10851,11.502,0
0.10901,12.146,0
0.10951,16.524,0
0.11001,16.138,0
0.11051,18.52,0
0.11101,22.577,0
0.11151,21.031,0
0.11201,25.345,0
0.11251,29.981,0
0.11301,29.273,0
0.11351,31.591,0
0.11401,29.981,0
0.11451,35.196,0
0.11501,37.256,0
0.11551,38.544,0
0.11601,41.377,0
0.11651,45.305,0
0.11701,49.49,0
0.11751,53.997,0
0.11801,60.242,0
0.11851,63.847,0
0.11901,71.316,0
0.11951,73.827,0.0004
0.12001,80.072,0.0004
0.12051,88.249,0.0004
0.12101,92.885,0.0004
0.12151,97.585,0.0004
0.12201,99.71,0.0004
0.12251,105.12,0.0004
0.12301,110.01,0.0004
0.12351,109.24,0.0004
0.12401,116.26,0.0004
0.12451,119.48,0.0004
0.12501,121.92,0.0004
0.12551,121.41,0.0004
0.12601,124.63,0.0004
0.12651,127.65,0.0008
0.12701,127.91,0.0008
0.12751,128.49,0.0008
0.12801,129.58,0.0008
0.12851,132.74,0.0008
0.12901,131.19,0.0008
0.12951,132.16,0.0012
0.13001,129.39,0.0012
0.13051,129.65,0.0012
0.13101,129.46,0.0012
0.13151,124.43,0.0012
0.13201,124.37,0.0012
0.13251,124.82,0.0016
0.13301,120.25,0.0016
0.13351,118.12,0.0016
0.13401,113.1,0.0016
0.13451,112.91,0.002
0.13501,110.4,0.002
0.13551,106.53,0.002
0.13601,103.32,0.002
0.13651,101.64,0.0024
0.13701,100.35,0.0024
0.13751,97.585,0.0024
0.13801,95.911,0.0028
0.13851,92.628,0.0028
0.13901,92.177,0.0028
0.13951,89.666,0.0028
0.14001,87.477,0.0032
0.14051,87.412,0.0032
0.14101,84.064,0.0032
0.14151,82.519,0.0036
0.14201,80.523,0.0036
0.14251,79.944,0.0036
0.14301,77.626,0.004
0.14351,74.535,0.004
0.14401,76.081,0.004
0.14451,74.085,0.0044
0.14501,74.213,0.0044
0.14551,72.539,0.0044
0.14601,73.956,0.0048
0.14651,75.308,0.0048
0.14701,75.179,0.0048
0.14751,77.626,0.0052
0.14801,79.364,0.0052
0.14851,80.008,0.0056
0.14901,80.781,0.0056
0.14951,83.678,0.0056
0.15001,87.799,0.006
0.15051,86.833,0.006
0.15101,88.443,0.0064
0.15151,86.318,0.0064
0.15201,89.086,0.0064
0.15251,91.919,0.0072
0.15301,91.018,0.0072
0.15351,91.018,0.0076
0.15401,91.018,0.0076
0.15451,92.692,0.0076
0.15501,93.529,0.008
0.15551,94.559,0.008
0.15601,94.945,0.0084
0.15651,97.714,0.0084
0.15701,98.937,0.0088
0.15751,100.87,0.0088
0.15801,104.6,0.0088
0.15851,106.28,0.0092
0.15901,109.75,0.0092
0.15951,108.66,0.0096
0.16001,112.97,0.0096
0.16051,113.68,0.01
0.16101,115.48,0.01
0.16151,115.48,0.0104
0.16201,115.74,0.0104
0.16251,115.87,0.0108
0.16301,115.74,0.0108
0.16351,112.72,0.0112
0.16401,116.32,0.0112
0.16451,117.35,0.0116
0.16501,114.9,0.0116
0.16551,112.91,0.012
0.16601,114.78,0.012
0.16651,115.55,0.0124
0.16701,112.72,0.0124
0.16751,116.39,0.0128
0.16801,117.35,0.0132
0.16851,116.19,0.0132
0.16901,117.93,0.0136
0.16951,117.61,0.0136
0.17001,118.38,0.014
0.17051,117.48,0.014
0.17101,118.38,0.0144
0.17151,112.14,0.0148
0.17201,116.58,0.0148
0.17251,119.15,0.0152
0.17301,118.64,0.0152
0.17351,117.16,0.0156
0.17401,117.22,0.016
0.17451,115.1,0.016
0.17501,117.54,0.0164
0.17551,117.22,0.0168
0.17601,115.23,0.0168
0.17651,117.61,0.0172
0.17701,116.06,0.0172
0.17751,113.81,0.0176
0.17801,118.9,0.018
0.17851,117.87,0.018
0.17901,117.87,0.0184
0.17951,118.83,0.0188
0.18001,118.32,0.0188
0.18051,120.7,0.0192
0.18101,120.89,0.0196
0.18151,122.31,0.0196
0.18201,124.05,0.02
0.18251,124.11,0.0204
0.18301,124.82,0.0208
0.18351,122.63,0.0208
0.18401,126.75,0.0212
0.18451,128.04,0.0216
0.18501,130.87,0.0216
0.18551,126.56,0.022
0.18601,127.65,0.0224
0.18651,129.65,0.0228
0.18701,129.65,0.0228
0.18751,137.5,0.0232
0.18801,137.83,0.0236
0.18851,135.96,0.024
0.18901,134.09,0.024
0.18951,136.28,0.0244
0.19001,134.09,0.0248
0.19051,133.71,0.0252
0.19101,135.25,0.0252
0.19151,131.32,0.0256
0.19201,131.58,0.026
0.19251,136.92,0.0264
0.19301,135.83,0.0268
0.19351,133,0.0268
0.19401,134.67,0.0272
0.19451,135.89,0.0276
0.19501,136.15,0.028
0.19551,138.15,0.0284
0.19601,139.63,0.0288
0.19651,139.37,0.0288
0.19701,139.89,0.0292
0.19751,140.4,0.0296
0.19801,142.65,0.03
0.19851,141.17,0.0304
0.19901,141.5,0.0308
0.19951,140.92,0.0312
0.20001,140.21,0.0312
0.20051,141.56,0.0316
0.20101,140.34,0.032
0.20151,141.24,0.0324
0.20201,140.27,0.0328
0.20251,141.37,0.0332
0.20301,139.89,0.0336
0.20351,140.85,0.034
0.20401,143.49,0.0344
0.20451,146.13,0.0348
0.20501,145.29,0.0348
0.20551,144.72,0.0352
0.20601,146.39,0.0356
0.20651,148.9,0.036
0.20701,148.58,0.0364
0.20751,149.09,0.0368
0.20801,148.39,0.0372
0.20851,147.61,0.0376
0.20901,144.65,0.038
0.20951,146.9,0.0384
0.21001,142.85,0.0388
0.21051,148.9,0.0392
0.21101,149.16,0.0396
0.21151,148.45,0.04
0.21201,150.83,0.0404
0.21251,152.57,0.0408
0.21301,155.6,0.0412
0.21351,159.27,0.0416
0.21401,158.69,0.042
0.21451,161.71,0.0424
0.21501,159.33,0.0428
0.21551,157.66,0.0432
0.21601,156.82,0.0436
0.21651,156.82,0.044
0.21701,154.69,0.0444
0.21751,153.34,0.0448
0.21801,153.54,0.0452
0.21851,154.76,0.0456
0.21901,153.73,0.046
0.21951,151.67,0.0464
0.22001,152.7,0.0472
0.22051,152.96,0.0476
0.22101,155.98,0.048
0.22151,163.26,0.0484
0.22201,169.18,0.0488
0.22251,170.08,0.0492
0.22301,163.32,0.0496
0.22351,158.04,0.05
0.22401,156.5,0.0504
0.22451,154.95,0.0508
0.22501,154.24,0.0516
0.22551,156.11,0.052
0.22601,157.33,0.0524
0.22651,156.24,0.0528
0.22701,153.09,0.0532
0.22751,151.35,0.0536
0.22801,150.38,0.054
0.22851,153.92,0.0548
0.22901,153.6,0.0552
0.22951,157.66,0.0556
0.23001,154.31,0.056
0.23051,157.53,0.0564
0.23101,158.94,0.0568
0.23151,151.86,0.0576
0.23201,158.69,0.058
0.23251,158.04,0.0584
0.23301,158.82,0.0588
0.23351,159.52,0.0592
0.23401,156.76,0.06
0.23451,156.82,0.0604
0.23501,152.7,0.0608
0.23551,153.09,0.0612
0.23601,153.6,0.062
0.23651,157.33,0.0624
0.23701,156.3,0.0628
0.23751,159.59,0.0632
0.23801,162.55,0.064
0.23851,158.69,0.0644
0.23901,160.68,0.0648
0.23951,160.1,0.0652
0.24001,159.97,0.066
0.24051,162.74,0.0664
0.24101,159.72,0.0668
0.24151,161.97,0.0672
0.24201,162.42,0.068
0.24251,162.29,0.0684
0.24301,163.06,0.0688
0.24351,165.45,0.0696
0.24401,167.7,0.07
0.24451,167.25,0.0704
0.24501,167.83,0.0712
0.24551,165.06,0.0716
0.24601,166.99,0.072
0.24651,173.75,0.0728
0.24701,176.91,0.0732
0.24751,178.58,0.0736
0.24801,172.27,0.0744
0.24851,168.99,0.0748
0.24901,162.74,0.0752
0.24951,164.35,0.076
0.25001,168.86,0.0764
0.25051,171.76,0.0772
0.25101,174.59,0.0776
0.25151,174.27,0.078
0.25201,169.5,0.0788
0.25251,164.42,0.0792
0.25301,162.42,0.08
0.25351,157.85,0.0804
0.25401,157.33,0.0808
0.25451,162.81,0.0816
0.25501,167.51,0.082
0.25551,161.13,0.0828
0.25601,159.2,0.0832
0.25651,155.02,0.084
0.25701,152.38,0.0844
0.25751,154.12,0.0852
0.25801,156.24,0.0856
0.25851,156.76,0.086
0.25901,154.95,0.0868
0.25951,150.19,0.0872
0.26001,147.16,0.088
0.26051,146.78,0.0884
0.26101,148.13,0.0892
0.26151,153.66,0.0896
0.26201,156.18,0.0904
0.26251,160.1,0.0908
0.26301,155.79,0.0916
0.26351,151.15,0.092
0.26401,149.87,0.0928
0.26451,151.8,0.0932
0.26501,149.87,0.094
0.26551,150.83,0.0948
0.26601,152.57,0.0952
0.26651,154.05,0.096
0.26701,155.53,0.0964
0.26751,159.52,0.0972
0.26801,157.79,0.0976
0.26851,157.91,0.0984
0.26901,155.34,0.0988
0.26951,151.28,0.0996
0.27001,148.71,0.1004
0.27051,149.42,0.1008
0.27101,148.06,0.1016
0.27151,152.44,0.102
0.27201,156.37,0.1028
0.27251,156.5,0.1032
0.27301,157.59,0.104
0.27351,154.44,0.1048
0.27401,155.4,0.1052
0.27451,159.01,0.106
0.27501,155.79,0.1068
0.27551,156.5,0.1072
0.27601,157.4,0.108
0.27651,155.79,0.1084
0.27701,155.6,0.1092
0.27751,157.98,0.11
0.27801,154.24,0.1104
0.27851,156.05,0.1112
0.27901,161.07,0.112
0.27951,163,0.1124
0.28001,160.36,0.1132
0.28051,158.82,0.114
0.28101,157.98,0.1144
0.28151,160.68,0.1152
0.28201,162.81,0.116
0.28251,163.64,0.1164
0.28301,164.16,0.1172
0.28351,160.94,0.118
0.28401,166.03,0.1184
0.28451,165,0.1192
0.28501,166.54,0.12
0.28551,170.47,0.1208
0.28601,170.02,0.1212
0.28651,171.63,0.122
0.28701,174.14,0.1228
0.28751,171.05,0.1232
0.28801,169.83,0.124
0.28851,172.72,0.1248
0.28901,172.72,0.1256
0.28951,174.27,0.126
0.29001,178.26,0.1268
0.29051,178.52,0.1276
0.29101,179.68,0.1284
0.29151,173.17,0.1292
0.29201,176.39,0.1296
0.29251,174.85,0.1304
0.29301,175.1,0.1312
0.29351,172.27,0.132
0.29401,175.36,0.1328
0.29451,173.75,0.1332
0.29501,169.12,0.134
0.29551,165.51,0.1348
0.29601,166.61,0.1356
0.29651,166.86,0.1364
0.29701,167.64,0.1372
0.29751,166.67,0.1376
0.29801,166.73,0.1384
0.29851,161.65,0.1392
0.29901,158.75,0.14
0.29951,154.89,0.1408
0.30001,154.12,0.1416
0.30051,155.79,0.1424
0.30101,155.98,0.1432
0.30151,156.05,0.144
0.30201,155.4,0.1444
0.30251,164.22,0.1452
0.30301,164.35,0.146
0.30351,156.82,0.1468
0.30401,156.56,0.1476
0.30451,149.16,0.1484
0.30501,141.82,0.1492
0.30551,148.13,0.15
0.30601,149.29,0.1508
0.30651,151.48,0.1516
0.30701,154.82,0.1524
0.30751,148.32,0.1532
0.30801,145.55,0.154
0.30851,146.65,0.1548
0.30901,145.68,0.1556
0.30951,145.23,0.156
0.31001,146.78,0.1568
0.31051,141.3,0.1576
0.31101,139.5,0.1584
0.31151,139.37,0.1592
0.31201,144.46,0.16
0.31251,144.84,0.1608
0.31301,150.57,0.1616
0.31351,147.42,0.1624
0.31401,146.32,0.1632
0.31451,147.03,0.164
0.31501,148.06,0.1648
0.31551,147.61,0.166
0.31601,145.23,0.1668
0.31651,141.11,0.1676
0.31701,140.79,0.1684
0.31751,142.98,0.1692
0.31801,161.39,0.17
0.31851,158.04,0.1708
0.31901,150.19,0.1716
0.31951,150.45,0.1724
0.32001,142.53,0.1732
0.32051,147.29,0.174
0.32101,148.84,0.1748
0.32151,154.57,0.1756
0.32201,151.73,0.1764
0.32251,150.9,0.1772
0.32301,148,0.178
0.32351,147.61,0.1788
0.32401,152.63,0.18
0.32451,158.82,0.1808
0.32501,160.81,0.1816
0.32551,157.91,0.1824
0.32601,162.42,0.1832
0.32651,157.91,0.184
0.32701,160.55,0.1848
0.32751,155.4,0.1856
0.32801,160.36,0.1864
0.32851,165.06,0.1876
0.32901,170.02,0.1884
0.32951,168.73,0.1892
0.33001,166.09,0.19
0.33051,165.83,0.1908
0.33101,170.53,0.1916
0.33151,167.12,0.1928
0.33201,170.86,0.1936
0.33251,177.68,0.1944
0.33301,177.36,0.1952
0.33351,176.59,0.196
0.33401,167.38,0.1968
0.33451,164.67,0.198
0.33501,174.53,0.1988
0.33551,178.26,0.1996
0.33601,180.9,0.2004
0.33651,179.81,0.2016
0.33701,177.23,0.2024
0.33751,167.06,0.2032
0.33801,168.8,0.204
0.33851,169.89,0.2048
0.33901,180.77,0.206
0.33951,185.6,0.2068
0.34001,177.68,0.2076
0.34051,174.01,0.2088
0.34101,171.24,0.2096
0.34151,177.29,0.2104
0.34201,178.2,0.2112
0.34251,179.87,0.2124
0.34301,169.18,0.2132
0.34351,173.75,0.214
0.34401,175.88,0.2152
0.34451,172.72,0.216
0.34501,167.19,0.2168
0.34551,168.6,0.218
0.34601,181.03,0.2188
0.34651,178.13,0.2196
0.34701,169.57,0.2208
0.34751,174.65,0.2216
0.34801,150.7,0.2224
0.34851,148.51,0.2236
0.34901,167.7,0.2244
0.34951,155.15,0.2252
0.35001,162.36,0.2264
0.35051,159.72,0.2272
0.35101,157.21,0.2284
0.35151,145.94,0.2292
0.35201,148.77,0.23
0.35251,154.31,0.2312
0.35301,150.83,0.232
0.35351,152.44,0.2332
0.35401,148,0.234
0.35451,144.72,0.2352
0.35501,139.44,0.236
0.35551,137.7,0.2368
0.35601,136.8,0.238
0.35651,135.19,0.2388
0.35701,132.22,0.24
0.35751,132.61,0.2408
0.35801,126.88,0.242
0.35851,138.66,0.2428
0.35901,143.88,0.244
0.35951,131.77,0.2448
0.36001,131,0.246
0.36051,121.41,0.2468
0.36101,125.4,0.248
0.36151,137.7,0.2488
0.36201,137.18,0.25
0.36251,136.8,0.2508
0.36301,134.67,0.252
0.36351,136.47,0.2528
0.36401,133.32,0.254
0.36451,136.54,0.2548
0.36501,146.9,0.256
0.36551,147.16,0.2568
0.36601,135.51,0.258
0.36651,129.39,0.2588
0.36701,124.63,0.26
0.36751,128.3,0.2608
0.36801,138.98,0.262
0.36851,146.07,0.2628
0.36901,148.26,0.264
0.36951,154.69,0.2648
0.37001,151.93,0.266
0.37051,150.9,0.2672
0.37101,149.61,0.268
0.37151,148.64,0.2692
0.37201,150.19,0.27
0.37251,150.38,0.2712
0.37301,150.7,0.272
0.37351,150.51,0.2732
0.37401,147.16,0.2744
0.37451,142.59,0.2752
0.37501,142.33,0.2764
0.37551,146.32,0.2772
0.37601,152.7,0.2784
0.37651,151.99,0.2796
0.37701,144.33,0.2804
0.37751,145.87,0.2816
0.37801,145.81,0.2828
0.37851,142.98,0.2836
0.37901,138.86,0.2848
0.37951,144.33,0.286
0.38001,146.2,0.2868
0.38051,147.87,0.288
0.38101,150.64,0.2892
0.38151,150.19,0.29
0.38201,155.27,0.2912
0.38251,154.95,0.2924
0.38301,139.69,0.2932
0.38351,136.02,0.2944
0.38401,142.78,0.2956
0.38451,137.76,0.2968
0.38501,138.79,0.2976
0.38551,138.79,0.2988
0.38601,134.54,0.3
0.38651,137.31,0.3008
0.38701,141.88,0.302
0.38751,138.28,0.3032
0.38801,137.5,0.3044
0.38851,142.91,0.3052
0.38901,146.52,0.3064
0.38951,143.81,0.3076
0.39001,138.41,0.3088
0.39051,138.28,0.3096
0.39101,139.31,0.3108
0.39151,144.59,0.312
0.39201,145.87,0.3132
0.39251,148.13,0.314
0.39301,149.87,0.3152
0.39351,169.12,0.3164
0.39401,151.67,0.3176
0.39451,143.43,0.3188
0.39501,151.28,0.3196
0.39551,144.59,0.3208
0.39601,148.06,0.322
0.39651,157.33,0.3232
0.39701,162.55,0.3244
0.39751,155.92,0.3256
0.39801,169.95,0.3264
0.39851,160.68,0.3276
0.39901,146.58,0.3288
0.39951,157.91,0.33
0.40001,158.62,0.3312
0.40051,150.51,0.3324
0.40101,148.06,0.3336
0.40151,156.88,0.3344
0.40201,152.57,0.3356
0.40251,148.32,0.3368
0.40301,145.04,0.338
0.40351,140.79,0.3392
0.40401,160.49,0.3404
0.40451,165,0.3416
0.40501,134.54,0.3428
0.40551,144.07,0.344
0.40601,147.03,0.3452
0.40651,143.11,0.346
0.40701,139.63,0.3472
0.40751,142.33,0.3484
0.40801,147.42,0.3496
0.40851,143.49,0.3508
0.40901,135.51,0.352
0.40951,143.3,0.3532
0.41001,135.77,0.3544
0.41051,131.13,0.3556
0.41101,134.93,0.3568
0.41151,124.95,0.358
0.41201,125.53,0.3592
0.41251,138.41,0.3604
0.41301,136.99,0.3616
0.41351,144.07,0.3628
0.41401,147.74,0.364
0.41451,149.93,0.3652
0.41501,146.84,0.3664
0.41551,127.46,0.3676
0.41601,132.03,0.3688
0.41651,153.66,0.37
0.41701,151.99,0.3712
0.41751,146.13,0.3724
0.41801,136.02,0.3736
0.41851,140.47,0.3748
0.41901,137.76,0.376
0.41951,149.67,0.3772
0.42001,142.85,0.3784
0.42051,154.12,0.3796
0.42101,149.48,0.3812
0.42151,150.38,0.3824
0.42201,143.17,0.3836
0.42251,144.26,0.3848
0.42301,147.68,0.386
0.42351,148.64,0.3872
0.42401,158.75,0.3884
0.42451,176.65,0.3896
0.42501,158.11,0.3908
0.42551,148.64,0.392
0.42601,151.54,0.3936
0.42651,139.44,0.3948
0.42701,157.27,0.396
0.42751,170.15,0.3972
0.42801,166.16,0.3984
0.42851,168.47,0.3996
0.42901,143.94,0.4008
0.42951,136.92,0.4024
0.43001,146.52,0.4036
0.43051,158.69,0.4048
0.43101,160.17,0.406
0.43151,154.57,0.4072
0.43201,149.99,0.4084
0.43251,148.45,0.41
0.43301,141.17,0.4112
0.43351,145.04,0.4124
0.43401,159.91,0.4136
0.43451,150.9,0.4152
0.43501,137.95,0.4164
0.43551,133.9,0.4176
0.43601,130.36,0.4188
0.43651,140.4,0.42
0.43701,140.02,0.4216
0.43751,142.27,0.4228
0.43801,130.55,0.424
0.43851,126.17,0.4252
0.43901,133.32,0.4268
0.43951,141.37,0.428
0.44001,144.01,0.4292
0.44051,146,0.4304
0.44101,135.12,0.432
0.44151,125.01,0.4332
0.44201,132.93,0.4344
0.44251,129.07,0.436
0.44301,132.1,0.4372
0.44351,145.36,0.4384
0.44401,120.96,0.44
0.44451,117.61,0.4412
0.44501,125.53,0.4424
0.44551,120.18,0.4436
0.44601,131.07,0.4452
0.44651,133.71,0.4464
0.44701,132.68,0.4476
0.44751,130.29,0.4492
0.44801,134.28,0.4504
0.44851,127.33,0.452
0.44901,136.86,0.4532
0.44951,137.38,0.4544
0.45001,141.62,0.456
0.45051,137.38,0.4572
0.45101,127.59,0.4584
0.45151,127.33,0.46
0.45201,127.2,0.4612
0.45251,143.81,0.4624
0.45301,134.09,0.464
0.45351,127.78,0.4652
0.45401,134.67,0.4668
0.45451,130.1,0.468
0.45501,148.9,0.4692
0.45551,157.91,0.4708
0.45601,144.91,0.472
0.45651,143.23,0.4736
0.45701,140.4,0.4748
0.45751,126.94,0.4764
0.45801,143.36,0.4776
0.45851,153.79,0.4788
0.45901,146.2,0.4804
0.45951,139.44,0.4816
0.46001,138.47,0.4832
0.46051,123.15,0.4844
0.46101,135.19,0.486
0.46151,154.57,0.4872
0.46201,123.08,0.4888
0.46251,131.39,0.49
0.46301,137.95,0.4916
0.46351,131.19,0.4928
0.46401,128.55,0.4944
0.46451,141.05,0.4956
0.46501,145.17,0.4972
0.46551,142.78,0.4984
0.46601,152.44,0.5
0.46651,151.99,0.5012
0.46701,159.59,0.5028
0.46751,150.64,0.504
0.46801,155.6,0.5056
0.46851,166.99,0.5068
0.46901,141.88,0.5084
0.46951,149.87,0.5096
0.47001,163.71,0.5112
0.47051,166.86,0.5124
0.47101,132.8,0.514
0.47151,171.89,0.5152
0.47201,146.58,0.5168
0.47251,153.79,0.5184
0.47301,171.69,0.5196
0.47351,161.97,0.5212
0.47401,174.46,0.5224
0.47451,174.85,0.524
0.47501,161.07,0.5256
0.47551,148.71,0.5268
0.47601,159.33,0.5284
0.47651,158.49,0.5296
0.47701,161,0.5312
0.47751,154.76,0.5328
0.47801,137.12,0.534
0.47851,157.46,0.5356
0.47901,168.47,0.5372
0.47951,119.8,0.5384
0.48001,145.17,0.54
0.48051,142.14,0.5416
0.48101,167.51,0.5428
0.48151,119.54,0.5444
0.48201,140.08,0.546
0.48251,144.07,0.5476
0.48301,134.16,0.5488
0.48351,136.02,0.5504
0.48401,122.82,0.552
0.48451,140.34,0.5532
0.48501,136.09,0.5548
0.48551,139.95,0.5564
0.48601,134.22,0.558
0.48651,127.2,0.5592
0.48701,159.52,0.5608
0.48751,118.9,0.5624
0.48801,137.95,0.5636
0.48851,133.77,0.5652
0.48901,117.03,0.5668
0.48951,154.37,0.5684
0.49001,128.62,0.5696
0.49051,138.02,0.5712
0.49101,138.79,0.5728
0.49151,129.2,0.5744
0.49201,122.24,0.5756
0.49251,133.51,0.5772
0.49301,127.46,0.5788
0.49351,107.44,0.5804
0.49401,127.65,0.582
0.49451,91.662,0.5832
0.49501,109.37,0.5848
0.49551,98.809,0.5864
0.49601,90.954,0.588
0.49651,112.2,0.5892
0.49701,91.597,0.5908
0.49751,94.173,0.5924
0.49801,69.449,0.594
0.49851,71.638,0.5956
0.49901,50.52,0.5968
0.49951,50.133,0.5984
0.50001,55.864,0.6
0.50051,38.48,0.6016
0.50101,48.91,0.6032
0.50151,41.892,0.6044
0.50201,45.691,0.606
0.50251,45.176,0.6076
0.50301,51.679,0.6092
0.50351,42.987,0.6104
0.50401,13.434,0.612
0.50451,43.888,0.6136
0.50501,19.035,0.6152
0.50551,31.075,0.6168
0.50601,23.929,0.618
0.50651,14.786,0.6196
0.50701,27.084,0.6212
0.50751,13.756,0.6224
0.50801,17.426,0.624
0.50851,9.3777,0.6256
0.50901,2.8748,0.6272
0.50951,0.87886,0.6284
0.51001,-5.8172,0.63
0.51051,-0.28007,0.6316
0.51101,8.6694,0.6328
0.51151,23.864,0.6344
0.51201,-13.028,0.636
0.51251,-25.197,0.6372
0.51301,0.17062,0.6388
0.51351,-18.565,0.6404
0.51401,-8.9077,0.642
0.51451,0.29939,0.6432
0.51501,-20.69,0.6448
0.51551,-14.831,0.646
0.51601,-6.5898,0.6476
0.51651,-10.453,0.6492
0.51701,-7.7487,0.6504
0.51751,-5.3665,0.652
0.51801,-13.093,0.6532
0.51851,-4.9802,0.6548
0.51901,2.8748,0.6564
0.51951,-5.7528,0.6576
0.52001,31.14,0.6592
0.52051,-23.523,0.6604
0.52101,-14.187,0.662
0.52151,4.8707,0.6632
0.52201,-17.406,0.6648
0.52251,8.9914,0.6664
0.52301,8.2831,0.6676
0.52351,11.309,0.6692
0.52401,11.889,0.6704
0.52451,10.537,0.672
0.52501,6.1584,0.6732
0.52551,21.804,0.6748
0.52601,13.82,0.676
0.52651,10.859,0.6772
0.52701,17.941,0.6788
0.52751,13.949,0.68
0.52801,21.675,0.6816
0.52851,61.53,0.6828
0.52901,25.667,0.6844
0.52951,0.55693,0.6856
0.53001,21.289,0.6872
0.53051,9.1201,0.6884
0.53101,24.186,0.69
0.53151,45.755,0.6912
0.53201,38.222,0.6924
0.53251,50.327,0.694
0.53301,46.785,0.6952
0.53351,30.238,0.6968
0.53401,40.798,0.698
0.53451,52.451,0.6992
0.53501,57.473,0.7008
0.53551,69.513,0.702
0.53601,65.135,0.7036
0.53651,55.413,0.7048
0.53701,70.608,0.7064
0.53751,67.389,0.7076
0.53801,48.009,0.7088
0.53851,70.286,0.7104
0.53901,53.224,0.7116
0.53951,54.64,0.7128
0.54001,80.974,0.7144
0.54051,67.646,0.7156
0.54101,62.173,0.7172
0.54151,55.799,0.7184
0.54201,73.119,0.7196
0.54251,62.946,0.7212
0.54301,26.247,0.7224
0.54351,43.309,0.7236
0.54401,41.763,0.7252
0.54451,28.371,0.7264
0.54501,30.754,0.728
0.54551,30.882,0.7292
0.54601,29.659,0.7304
0.54651,42.214,0.732
0.54701,20.903,0.7332
0.54751,17.104,0.7344
0.54801,21.16,0.736
0.54851,27.47,0.7372
0.54901,31.075,0.7384
0.54951,19.293,0.74
0.55001,21.675,0.7412
0.55051,27.727,0.7424
0.55101,22.126,0.7436
0.55151,29.466,0.7452
0.55201,25.41,0.7464
0.55251,16.718,0.7476
0.55301,19.229,0.7492
0.55351,17.748,0.7504
0.55401,15.687,0.7516
0.55451,22.577,0.7528
0.55501,21.933,0.7544
0.55551,45.111,0.7556
0.55601,23.414,0.7568
0.55651,-8.135,0.758
0.55701,19.1,0.7592
0.55751,9.3133,0.7608
0.55801,21.933,0.762
0.55851,45.82,0.7632
0.55901,29.595,0.7644
0.55951,6.2228,0.766
0.56001,14.85,0.7672
0.56051,17.104,0.7684
0.56101,13.691,0.7696
0.56151,12.275,0.7708
0.56201,12.339,0.772
0.56251,4.9995,0.7736
0.56301,13.434,0.7748
0.56351,15.623,0.776
0.56401,8.3475,0.7772
0.56451,14.528,0.7784
0.56501,27.277,0.7796
0.56551,22.899,0.7812
0.56601,9.9571,0.7824
0.56651,16.009,0.7836
0.56701,21.675,0.7848
0.56751,24.766,0.786
0.56801,25.152,0.7872
0.56851,12.404,0.7884
0.56901,15.108,0.7896
0.56951,21.675,0.7908
0.57001,24.444,0.7924
0.57051,10.408,0.7936
0.57101,10.73,0.7948
0.57151,1.3939,0.796
0.57201,-1.1171,0.7972
0.57251,19.615,0.7984
0.57301,16.009,0.7996
0.57351,12.404,0.8008
0.57401,14.593,0.802
0.57451,19.808,0.8032
0.57501,33.265,0.8044
0.57551,17.877,0.8056
0.57601,-6.6542,0.8068
0.57651,9.6352,0.808
0.57701,27.727,0.8092
0.57751,25.667,0.8104
0.57801,34.037,0.8116
0.57851,21.225,0.8128
0.57901,11.696,0.814
0.57951,23.736,0.8152
0.58001,21.74,0.8164
0.58051,15.816,0.8176
0.58101,20.516,0.8188
0.58151,27.599,0.82
0.58201,28.049,0.8212
0.58251,31.462,0.8224
0.58301,20.774,0.8236
0.58351,13.691,0.8248
0.58401,20.516,0.826
0.58451,43.824,0.8268
0.58501,29.723,0.828
0.58551,18.971,0.8292
0.58601,23.671,0.8304
0.58651,7.1242,0.8316
0.58701,45.498,0.8328
0.58751,29.659,0.834
0.58801,10.15,0.8352
0.58851,37.063,0.8364
0.58901,40.476,0.8376
0.58951,24.315,0.8384
0.59001,22.062,0.8396
0.59051,36.677,0.8408
0.59101,34.23,0.842
0.59151,22.512,0.8432
0.59201,38.158,0.8444
0.59251,39.188,0.8456
0.59301,35.067,0.8468
0.59351,42.665,0.8476
0.59401,39.059,0.8488
0.59451,31.204,0.85
0.59501,28.114,0.8512
0.59551,35.003,0.8524
0.59601,66.358,0.8536
0.59651,53.868,0.8544
0.59701,13.241,0.8556
0.59751,31.591,0.8568
0.59801,21.096,0.858
0.59851,21.031,0.8592
0.59901,37.514,0.86
0.59951,36.162,0.8612
0.60001,54.254,0.8624
0.60051,50.906,0.8636
0.60101,10.794,0.8648
0.60151,12.468,0.8656
0.60201,24.444,0.8668
0.60251,16.267,0.868
0.60301,18.263,0.8692
0.60351,23.542,0.8704
0.60401,34.423,0.8712
0.60451,40.604,0.8724
0.60501,21.933,0.8736
0.60551,16.653,0.8748
0.60601,6.3516,0.8756
0.60651,12.146,0.8768
0.60701,42.021,0.878
0.60751,20.194,0.8792
0.60801,15.752,0.88
0.60851,19.937,0.8812
0.60901,15.237,0.8824
0.60951,29.079,0.8832
0.61001,17.49,0.8844
0.61051,26.955,0.8856
0.61101,22.641,0.8868
0.61151,17.361,0.8876
0.61201,16.911,0.8888
0.61251,20.452,0.89
0.61301,25.796,0.8908
0.61351,13.434,0.892
0.61401,11.374,0.8932
0.61451,12.661,0.894
0.61501,7.7037,0.8952
0.61551,9.5064,0.8964
0.61601,25.86,0.8972
0.61651,21.482,0.8984
0.61701,13.241,0.8992
0.61751,17.812,0.9004
0.61801,10.923,0.9016
0.61851,35.325,0.9024
0.61901,18.198,0.9036
0.61951,15.301,0.9044
0.62001,12.854,0.9056
0.62051,18.456,0.9068
0.62101,31.011,0.9076
0.62151,25.281,0.9088
0.62201,28.114,0.9096
0.62251,12.339,0.9108
0.62301,9.8928,0.9116
0.62351,13.82,0.9128
0.62401,15.559,0.914
0.62451,21.546,0.9148
0.62501,19.486,0.916
0.62551,25.345,0.9168
0.62601,23.607,0.918
0.62651,17.619,0.9188
0.62701,16.524,0.92
0.62751,12.468,0.9208
0.62801,19.872,0.922
0.62851,19.808,0.9228
0.62901,21.675,0.924
0.62951,24.186,0.9248
0.63001,27.921,0.926
0.63051,32.041,0.9268
0.63101,10.086,0.928
0.63151,5.8365,0.9288
0.63201,12.983,0.93
0.63251,17.168,0.9308
0.63301,28.564,0.932
0.63351,35.776,0.9328
0.63401,26.955,0.9336
0.63451,15.108,0.9348
0.63501,21.611,0.9356
0.63551,15.044,0.9368
0.63601,8.2831,0.9376
0.63651,18.198,0.9388
0.63701,29.659,0.9396
0.63751,27.534,0.9408
0.63801,24.379,0.9416
0.63851,20.774,0.9424
0.63901,23.092,0.9436
0.63951,18.456,0.9444
0.64001,14.013,0.9456
0.64051,19.486,0.9464
0.64101,20.066,0.9472
0.64151,20.066,0.9484
0.64201,19.357,0.9492
0.64251,31.784,0.95
0.64301,21.804,0.9512
0.64351,7.7681,0.952
0.64401,15.108,0.9528
0.64451,9.6996,0.954
0.64501,8.8626,0.9548
0.64551,22.577,0.956
0.64601,17.039,0.9568
0.64651,15.559,0.9576
0.64701,17.49,0.9584
0.64751,17.877,0.9596
0.64801,26.955,0.9604
0.64851,25.86,0.9612
0.64901,20.903,0.9624
0.64951,20.066,0.9632
0.65001,17.619,0.964
0.65051,15.881,0.9652
0.65101,17.683,0.966
0.65151,24.637,0.9668
0.65201,28.436,0.9676
0.65251,33.973,0.9688
0.65301,30.947,0.9696
0.65351,16.138,0.9704
0.65401,19.422,0.9712
0.65451,16.846,0.9724
0.65501,11.309,0.9732
0.65551,20.388,0.974
0.65601,28.822,0.9748
0.65651,36.033,0.976
0.65701,12.017,0.9768
0.65751,11.567,0.9776
0.65801,30.238,0.9784
0.65851,13.563,0.9792
0.65901,15.881,0.9804
0.65951,21.353,0.9812
0.66001,20.13,0.982
0.66051,26.053,0.9828
0.66101,18.714,0.9836
0.66151,19.164,0.9848
0.66201,22.383,0.9856
0.66251,26.762,0.9864
0.66301,33.522,0.9872
0.66351,14.464,0.988
0.66401,16.138,0.9888
0.66451,14.142,0.9896
0.66501,14.85,0.9908
0.66551,23.671,0.9916
0.66601,21.482,0.9924
0.66651,19.293,0.9932
0.66701,28.436,0.994
0.66751,27.534,0.9948
0.66801,25.216,0.9956
0.66851,13.434,0.9964
0.66901,9.4421,0.9972
0.66951,17.941,0.9984
0.67001,27.856,0.9992
0.67051,35.711,1
0.67101,25.925,1.0008
0.67151,12.404,1.0016
0.67201,15.301,1.0024
0.67251,21.225,1.0032
0.67301,23.027,1.004
0.67351,40.089,1.0048
0.67401,38.93,1.0056
0.67451,15.172,1.0064
0.67501,14.271,1.0072
0.67551,9.3133,1.008
0.67601,11.696,1.0088
0.67651,19.551,1.0096
0.67701,25.603,1.0104
0.67751,22.705,1.0112
0.67801,23.864,1.012
0.67851,31.204,1.0128
0.67901,18.971,1.0136
0.67951,11.052,1.0144
0.68001,21.225,1.0152
0.68051,19.872,1.016
0.68101,14.078,1.0168
0.68151,19.035,1.0176
0.68201,23.027,1.0184
0.68251,32.621,1.0192
0.68301,34.295,1.02
0.68351,30.11,1.0208
0.68401,31.204,1.0216
0.68451,38.029,1.0224
0.68501,46.592,1.0232
0.68551,50.327,1.024
0.68601,43.566,1.0248
0.68651,46.206,1.0256
0.68701,33.071,1.0264
0.68751,27.599,1.0268
0.68801,35.389,1.0276
0.68851,42.729,1.0284
0.68901,55.735,1.0292
0.68951,56.701,1.03
0.69001,55.477,1.0308
0.69051,54.125,1.0316
0.69101,48.073,1.0324
0.69151,49.361,1.0332
0.69201,46.592,1.0336
0.69251,42.343,1.0344
0.69301,44.661,1.0352
0.69351,40.218,1.036
0.69401,46.528,1.0368
0.69451,43.952,1.0376
0.69501,41.957,1.0384
0.69551,44.017,1.0388
0.69601,54.769,1.0396
0.69651,49.876,1.0404
0.69701,47.3,1.0412
0.69751,34.037,1.042
0.69801,32.685,1.0428
0.69851,36.484,1.0436
0.69901,35.776,1.044
0.69951,44.403,1.0448
0.70001,45.176,1.0456
0.70051,47.751,1.0464
0.70101,44.532,1.0472
0.70151,44.983,1.0476
0.70201,46.077,1.0484
0.70251,44.017,1.0492
0.70301,36.999,1.05
0.70351,29.595,1.0504
0.70401,25.41,1.0512
0.70451,27.019,1.052
0.70501,28.564,1.0528
0.70551,30.432,1.0536
0.70601,29.723,1.054
0.70651,27.663,1.0548
0.70701,19.035,1.0556
0.70751,22.19,1.056
0.70801,22.255,1.0568
0.70851,22.512,1.0576
0.70901,24.83,1.0584
0.70951,28.951,1.0588
0.71001,23.22,1.0596
0.71051,21.675,1.0604
0.71101,18.392,1.0612
0.71151,13.82,1.0616
0.71201,16.911,1.0624
0.71251,17.619,1.0632
0.71301,14.4,1.0636
0.71351,15.881,1.0644
0.71401,20.13,1.0652
0.71451,22.705,1.0656
0.71501,25.41,1.0664
0.71551,20.452,1.0672
0.71601,24.251,1.0676
0.71651,25.925,1.0684
0.71701,19.744,1.0692
0.71751,12.468,1.0696
0.71801,11.696,1.0704
0.71851,14.528,1.0708
0.71901,27.341,1.0716
0.71951,29.917,1.0724
0.72001,28.886,1.0728
0.72051,27.212,1.0736
0.72101,24.508,1.074
0.72151,27.599,1.0748
0.72201,25.538,1.0756
0.72251,28.242,1.076
0.72301,25.989,1.0768
0.72351,18.649,1.0772
0.72401,18.649,1.078
0.72451,23.285,1.0784
0.72501,21.675,1.0792
0.72551,22.834,1.0796
0.72601,24.766,1.0804
0.72651,22.062,1.0812
0.72701,25.989,1.0816
0.72751,24.894,1.0824
0.72801,25.538,1.0828
0.72851,27.727,1.0836
0.72901,27.277,1.084
0.72951,30.625,1.0848
0.73001,29.015,1.0852
0.73051,29.466,1.086
0.73101,25.989,1.0864
0.73151,22.255,1.0872
0.73201,21.804,1.0876
0.73251,20.516,1.0884
0.73301,22.899,1.0888
0.73351,24.508,1.0896
0.73401,30.432,1.09
0.73451,32.041,1.0904
0.73501,35.26,1.0912
0.73551,34.617,1.0916
0.73601,33.136,1.0924
0.73651,31.204,1.0928
0.73701,30.754,1.0936
0.73751,25.86,1.094
0.73801,29.595,1.0948
0.73851,33.329,1.0952
0.73901,35.067,1.0956
0.73951,37.643,1.0964
0.74001,37.385,1.0968
0.74051,33.651,1.0976
0.74101,27.599,1.098
0.74151,22.577,1.0984
0.74201,23.22,1.0992
0.74251,28.371,1.0996
0.74301,24.637,1.1004
0.74351,25.474,1.1008
0.74401,23.027,1.1012
0.74451,23.993,1.102
0.74501,21.289,1.1024
0.74551,21.16,1.1028
0.74601,21.675,1.1036
0.74651,19.1,1.104
0.74701,14.271,1.1044
0.74751,17.233,1.1052
0.74801,21.031,1.1056
0.74851,22.77,1.106
0.74901,20.838,1.1068
0.74951,21.16,1.1072
0.75001,16.846,1.1076
0.75051,18.392,1.1084
0.75101,17.748,1.1088
0.75151,16.009,1.1092
0.75201,16.718,1.11
0.75251,16.718,1.1104
0.75301,18.263,1.1108
0.75351,11.76,1.1112
0.75401,15.43,1.112
0.75451,14.4,1.1124
0.75501,17.039,1.1128
0.75551,16.718,1.1132
0.75601,18.52,1.114
0.75651,19.357,1.1144
0.75701,20.259,1.1148
0.75751,12.983,1.1152
0.75801,12.339,1.116
0.75851,14.142,1.1164
0.75901,17.619,1.1168
0.75951,13.241,1.1172
0.76001,18.392,1.1176
0.76051,17.168,1.1184
0.76101,17.361,1.1188
0.76151,16.267,1.1192
0.76201,16.009,1.1196
0.76251,19.872,1.12
0.76301,23.285,1.1208
0.76351,20.709,1.1212
0.76401,16.396,1.1216
0.76451,18.327,1.122
0.76501,12.597,1.1224
0.76551,13.176,1.1228
0.76601,17.619,1.1236
0.76651,19.293,1.124
0.76701,18.585,1.1244
0.76751,18.005,1.1248
0.76801,15.816,1.1252
0.76851,16.267,1.1256
0.76901,14.915,1.126
0.76951,16.524,1.1264
0.77001,13.241,1.1272
0.77051,17.426,1.1276
0.77101,15.945,1.128
0.77151,16.202,1.1284
0.77201,17.683,1.1288
0.77251,16.524,1.1292
0.77301,16.331,1.1296
0.77351,12.468,1.13
0.77401,16.589,1.1304
0.77451,16.653,1.1308
0.77501,16.009,1.1312
0.77551,11.245,1.1316
0.77601,12.726,1.132
0.77651,14.593,1.1324
0.77701,15.752,1.1332
0.77751,16.202,1.1336
0.77801,15.044,1.134
0.77851,14.528,1.1344
0.77901,15.752,1.1348
0.77951,9.5708,1.1352
0.78001,10.987,1.1356
0.78051,13.048,1.136
0.78101,16.138,1.1364
0.78151,13.498,1.1368
0.78201,14.915,1.1372
0.78251,19.293,1.1376
0.78301,16.46,1.138
0.78351,20.001,1.1384
0.78401,13.756,1.1388
0.78451,15.881,1.1392
0.78501,14.271,1.1392
0.78551,14.786,1.1396
0.78601,17.683,1.14
0.78651,18.907,1.1404
0.78701,17.49,1.1408
0.78751,16.267,1.1412
0.78801,14.078,1.1416
0.78851,13.563,1.142
0.78901,11.631,1.1424
0.78951,14.207,1.1428
0.79001,14.078,1.1432
0.79051,16.267,1.1436
0.79101,14.915,1.144
0.79151,19.679,1.1444
0.79201,25.152,1.1444
0.79251,22.77,1.1448
0.79301,19.937,1.1452
0.79351,9.3777,1.1456
0.79401,9.5064,1.146
0.79451,7.7037,1.1464
0.79501,5.7721,1.1468
0.79551,3.0679,1.1472
0.79601,11.502,1.1472
0.79651,18.971,1.1476
0.79701,17.748,1.148
0.79751,15.108,1.1484
0.79801,15.752,1.1488
0.79851,8.6694,1.1492
0.79901,5.7721,1.1496
0.79951,-0.66639,1.1496
0.80001,-3.8213,1.15
0.80051,-1.0527,1.1504
0.80101,3.583,1.1508
0.80151,2.5529,1.1512
0.80201,2.3597,1.1512
0.80251,4.742,1.1516
0.80301,5.5146,1.152
0.80351,6.0297,1.1524
0.80401,-0.08692,1.1524
0.80451,-0.1513,1.1528
0.80501,-2.1472,1.1532
0.80551,-2.5979,1.1536
0.80601,-1.9541,1.1536
0.80651,-1.8253,1.154
0.80701,-0.21569,1.1544
0.80751,0.10624,1.1548
0.80801,0.49255,1.1548
0.80851,2.8104,1.1552
0.80901,2.6816,1.1556
0.80951,3.3255,1.156
0.81001,2.6816,1.156
0.81051,5.7721,1.1564
0.81101,5.6433,1.1568
0.81151,6.5447,1.1568
0.81201,11.052,1.1572
0.81251,12.726,1.1576
0.81301,12.854,1.1576
0.81351,6.6091,1.158
0.81401,10.343,1.1584
0.81451,10.73,1.1584
0.81501,12.533,1.1588
0.81551,9.764,1.1592
0.81601,11.438,1.1592
0.81651,12.919,1.1596
0.81701,12.468,1.16
0.81751,12.404,1.16
0.81801,14.078,1.1604
0.81851,12.983,1.1604
0.81901,14.335,1.1608
0.81951,13.756,1.1612
0.82001,10.665,1.1612
0.82051,10.022,1.1616
0.82101,12.275,1.1616
0.82151,10.923,1.162
0.82201,12.919,1.1624
0.82251,15.881,1.1624
0.82301,14.271,1.1628
0.82351,16.331,1.1628
0.82401,12.661,1.1632
0.82451,12.661,1.1636
0.82501,11.052,1.1636
0.82551,10.343,1.164
0.82601,12.275,1.164
0.82651,12.79,1.1644
0.82701,10.665,1.1644
0.82751,10.601,1.1648
0.82801,8.8626,1.1648
0.82851,8.8626,1.1652
0.82901,4.9995,1.1652
0.82951,7.253,1.1656
0.83001,4.3556,1.166
0.83051,6.2872,1.166
0.83101,3.1323,1.1664
0.83151,1.909,1.1664
0.83201,1.5227,1.1668
0.83251,1.3939,1.1668
0.83301,1.3939,1.1672
0.83351,-4.787,1.1672
0.83401,-0.28007,1.1672
0.83451,0.29939,1.1676
0.83501,1.2008,1.1676
0.83551,-1.5034,1.168
0.83601,-2.1472,1.168
0.83651,0.04185,1.1684
0.83701,0.62132,1.1684
0.83751,-0.602,1.1688
0.83801,0.62132,1.1688
0.83851,0.29939,1.1688
0.83901,3.8406,1.1692
0.83951,0.75009,1.1692
0.84001,3.5186,1.1696
0.84051,3.1967,1.1696
0.84101,6.416,1.17
0.84151,6.416,1.17
0.84201,7.4461,1.17
0.84251,11.76,1.1704
0.84301,9.2489,1.1704
0.84351,11.374,1.1708
0.84401,5.9009,1.1708
0.84451,6.094,1.1708
0.84501,3.0036,1.1712
0.84551,2.746,1.1712
0.84601,1.5227,1.1712
0.84651,1.3939,1.1716
0.84701,0.6857,1.1716
0.84751,-0.602,1.1716
0.84801,-1.6965,1.172
0.84851,-0.73077,1.172
0.84901,-4.2076,1.172
0.84951,-1.9541,1.1724
0.85001,-2.7911,1.1724
0.85051,-0.85954,1.1724
0.85101,-3.3706,1.1728
0.85151,-4.2719,1.1728
0.85201,-3.7569,1.1728
0.85251,-2.5336,1.1728
0.85301,-1.5678,1.1732
0.85351,-6.5254,1.1732
0.85401,-1.2459,1.1732
0.85451,-1.439,1.1736
0.85501,1.072,1.1736
0.85551,-1.6965,1.1736
0.85601,-1.3102,1.1736
0.85651,-0.21569,1.174
0.85701,-0.602,1.174
0.85751,-0.08692,1.174
0.85801,0.55693,1.174
0.85851,-0.47323,1.174
0.85901,2.6816,1.1744
0.85951,0.17062,1.1744
0.86001,0.6857,1.1744
0.86051,0.6857,1.1744
0.86101,3.905,1.1748
0.86151,2.4241,1.1748
0.86201,2.9392,1.1748
0.86251,4.9351,1.1748
0.86301,3.905,1.1748
0.86351,8.6051,1.1748
0.86401,2.4241,1.1752
0.86451,4.0981,1.1752
0.86501,3.3255,1.1752
0.86551,3.6474,1.1752
0.86601,2.9392,1.1752
0.86651,3.7762,1.1752
0.86701,5.1927,1.1756
0.86751,4.0981,1.1756
0.86801,3.7762,1.1756
0.86851,6.1584,1.1756
0.86901,3.4543,1.1756
0.86951,8.0256,1.1756
0.87001,5.3214,1.1756
0.87051,8.3475,1.1756
0.87101,6.094,1.176
0.87151,5.7721,1.176
0.87201,6.2872,1.176
0.87251,6.6091,1.176
0.87301,7.0598,1.176
0.87351,1.2652,1.176
0.87401,6.7379,1.176
0.87451,7.0598,1.176
0.87501,9.6996,1.176
0.87551,5.9653,1.176
0.87601,6.9954,1.176
0.87651,8.0256,1.176
0.87701,6.8023,1.1764
0.87751,7.7681,1.1764
0.87801,9.1845,1.1764
0.87851,8.1544,1.1764
0.87901,12.468,1.1764
0.87951,10.665,1.1764
0.88001,10.923,1.1764
0.88051,11.245,1.1764
0.88101,14.464,1.1764
0.88151,15.044,1.1764
0.88201,14.271,1.1764
0.88251,16.009,1.1764
0.88301,15.301,1.176
0.88351,18.842,1.176
0.88401,12.339,1.176
0.88451,14.078,1.176
0.88501,13.949,1.176
0.88551,14.271,1.176
0.88601,13.434,1.176
0.88651,15.559,1.176
0.88701,16.782,1.176
0.88751,15.945,1.176
0.88801,18.778,1.176
0.88851,25.603,1.1756
0.88901,26.44,1.1756
0.88951,34.037,1.1756
0.89001,33.522,1.1756
0.89051,38.544,1.1756
0.89101,39.445,1.1756
0.89151,41.248,1.1756
0.89201,43.888,1.1756
0.89251,47.107,1.1756
0.89301,49.103,1.1756
0.89351,44.403,1.1756
0.89401,52.773,1.1756
0.89451,54.64,1.1756
0.89501,59.083,1.1756
0.89551,58.182,1.1756
0.89601,60.049,1.1756
0.89651,61.336,1.1756
0.89701,60.886,1.1756
0.89751,63.139,1.1756
0.89801,63.59,1.1756
0.89851,62.817,1.1756
0.89901,65.393,1.1756
0.89951,63.654,1.1756
0.90001,59.984,1.1756
0.90051,56.958,1.1756
0.90101,58.375,1.1756
0.90151,55.349,1.1756
0.90201,53.803,1.1756
0.90251,53.417,1.1756
0.90301,49.683,1.1756
0.90351,51.936,1.1756
0.90401,44.661,1.1756
0.90451,44.339,1.1756
0.90501,42.536,1.1756
0.90551,40.862,1.1756
0.90601,38.802,1.1756
0.90651,39.832,1.1756
0.90701,40.347,1.1756
0.90751,38.158,1.1756
0.90801,37.514,1.1756
0.90851,38.029,1.1756
0.90901,34.423,1.1756
0.90951,37.771,1.1756
0.91001,34.939,1.1756
0.91051,36.548,1.1756
0.91101,34.037,1.1756
0.91151,32.814,1.1756
0.91201,33.393,1.1756
0.91251,34.81,1.1756
0.91301,34.745,1.1756
0.91351,28.886,1.1756
0.91401,34.874,1.1756
0.91451,37.321,1.1756
0.91501,39.961,1.1756
0.91551,38.351,1.1756
0.91601,40.604,1.1756
0.91651,41.763,1.1756
0.91701,41.441,1.1756
0.91751,44.661,1.1756
0.91801,44.403,1.1756
0.91851,44.146,1.1756
0.91901,47.3,1.1756
0.91951,46.013,1.1756
0.92001,45.176,1.1756
0.92051,43.695,1.1756
0.92101,46.077,1.1756
0.92151,45.691,1.1756
0.92201,44.918,1.1756
0.92251,45.691,1.1756
0.92301,46.077,1.1756
0.92351,50.133,1.1756
0.92401,44.274,1.1756
0.92451,45.111,1.1756
0.92501,44.274,1.1756
0.92551,44.339,1.1756
0.92601,43.115,1.1756
0.92651,42.922,1.1756
0.92701,44.274,1.1756
0.92751,42.343,1.1756
0.92801,42.407,1.1756
0.92851,42.665,1.1756
0.92901,40.733,1.1756
0.92951,43.051,1.1756
0.93001,41.055,1.1756
0.93051,42.794,1.1756
0.93101,39.961,1.1756
0.93151,38.737,1.1756
0.93201,38.93,1.1756
0.93251,39.961,1.1756
0.93301,40.154,1.1756
0.93351,34.552,1.1756
0.93401,39.639,1.1756
0.93451,41.506,1.1756
0.93501,42.858,1.1756
0.93551,39.574,1.1756
0.93601,41.248,1.1756
0.93651,41.957,1.1756
0.93701,40.926,1.1756
0.93751,41.957,1.1756
0.93801,41.506,1.1756
0.93851,41.57,1.1756
0.93901,43.309,1.1756
0.93951,44.339,1.1756
0.94001,40.604,1.1756
0.94051,40.218,1.1756
0.94101,42.343,1.1756
0.94151,41.957,1.1756
0.94201,42.021,1.1756
0.94251,42.729,1.1756
0.94301,43.244,1.1756
0.94351,48.137,1.1756
0.94401,42.214,1.1756
0.94451,43.309,1.1756
0.94501,41.699,1.1756
0.94551,42.085,1.1756
0.94601,41.184,1.1756
0.94651,42.343,1.1756
0.94701,43.566,1.1756
0.94751,41.441,1.1756
0.94801,41.12,1.1756
0.94851,41.377,1.1756
0.94901,40.025,1.1756
0.94951,43.373,1.1756
0.95001,40.54,1.1756
0.95051,43.566,1.1756
0.95101,41.892,1.1756
0.95151,40.282,1.1756
0.95201,40.604,1.1756
0.95251,42.278,1.1756
0.95301,40.154,1.1756
0.95351,35.776,1.1756
0.95401,40.154,1.1756
0.95451,41.828,1.1756
0.95501,43.244,1.1756
0.95551,40.669,1.1756
0.95601,41.506,1.1756
0.95651,40.862,1.1756
0.95701,39.639,1.1756
0.95751,41.184,1.1756
0.95801,40.669,1.1756
0.95851,40.862,1.1756
0.95901,42.922,1.1756
0.95951,42.665,1.1756
0.96001,41.248,1.1756
0.96051,40.218,1.1756
0.96101,41.828,1.1756
0.96151,41.957,1.1756
0.96201,41.248,1.1756
0.96251,42.794,1.1756
0.96301,42.343,1.1756
0.96351,47.043,1.1756
0.96401,41.12,1.1756
0.96451,42.214,1.1756
0.96501,41.699,1.1756
0.96551,41.248,1.1756
0.96601,40.604,1.1756
0.96651,42.15,1.1756
0.96701,43.437,1.1756
0.96751,40.926,1.1756
0.96801,41.12,1.1756
0.96851,42.021,1.1756
0.96901,40.476,1.1756
0.96951,42.794,1.1756
0.97001,40.862,1.1756
0.97051,42.729,1.1756
0.97101,41.635,1.1756
0.97151,40.282,1.1756
0.97201,39.574,1.1756
0.97251,41.248,1.1756
0.97301,40.733,1.1756
0.97351,34.488,1.1756
0.97401,40.282,1.1756
0.97451,41.12,1.1756
0.97501,42.214,1.1756
0.97551,40.154,1.1756
0.97601,41.055,1.1756
0.97651,41.248,1.1756
0.97701,38.802,1.1756
0.97751,41.055,1.1756
0.97801,40.862,1.1756
