Timestamp;23.07.2020 14:49:14;Timestamp;23.07.2020 14:49:14
Interval;0,0005;Interval;0,0005
Channel name;"F";Channel name;"x"
Unit;"V";Unit;"V"
0;-0,29085963941464954;0;-1,9063148993294576
0,0005;-0,29896944987978574;0,0005;-1,9066368267118439
0,001;-0,29311236438558258;0,001;-1,9066368267118439
0,0015;-0,29472145372488517;0,0015;-1,905671044566408
0,002;-0,29375600011385566;0,002;-1,9063148993294576
0,0025;-0,2821061949573479;0,0025;-1,9076026088624485
0,003;-0,29671672459196968;0,003;-1,9063148993294576
0,0035;-0,30791598866806918;0,0035;-1,905671044566408
0,004;-0,28558182709855418;0,004;-1,9059929719476458
0,0045;-0,28796327891545592;0,0045;-1,9072806814783392
0,005;-0,29575127093464976;0,005;-1,9066368267118439
0,0055;-0,29504327160019933;0,0055;-1,9047052624261391
0,006;-0,29542945305386037;0,006;-1,9066368267118439
0,0065;-0,28023965188751776;0,0065;-1,9059929719476458
0,007;-0,29645927028115682;0,007;-1,9059929719476458
0,0075;-0,29671672459196968;0,0075;-1,905671044566408
0,008;-0,29201818367027216;0,008;-1,9063148993294576
0,0085;-0,29227563795365202;0,0085;-1,9066368267118439
0,009;-0,29684545174797505;0,009;-1,9066368267118439
0,0095;-0,29697417890437972;0,0095;-1,905671044566408
0,01;-0,29304800081330096;0,01;-1,9053491171857442
0,0105;-0,29182509295877651;0,0105;-1,9069587540948043
0,011;-0,29414218155558458;0,011;-1,9063148993294576
0,0115;-0,29800399617000412;0,0115;-1,905671044566408
0,012;-0,28326473897282972;0,012;-1,9059929719476458
0,0125;-0,28860691456471171;0,0125;-1,9072806814783392
0,013;-0,29748908753399345;0,013;-1,9066368267118439
0,0135;-0,28982982232540855;0,0135;-1,9047052624261391
0,014;-0,29201818367027216;0,014;-1,9063148993294576
0,0145;-0,28081892386597379;0,0145;-1,9066368267118439
0,015;-0,30141526604556867;0,015;-1,9059929719476458
0,0155;-0,29929126778805498;0,0155;-1,9050271898056548
0,016;-0,28410146522585999;0,016;-1,9063148993294576
0,0165;-0,29092400298356619;0,0165;-1,9072806814783392
0,017;-0,29787526901040146;0,017;-1,9063148993294576
0,0175;-0,2936272729674072;0,0175;-1,9053491171857442
0,018;-0,28867127813017818;0,018;-1,905671044566408
0,0185;-0,29176072938847586;0,0185;-1,9059929719476458
0,019;-0,28944364092345248;0,019;-1,9059929719476458
0,0195;-0,29356290939433177;0,0195;-1,9063148993294576
0,02;-0,2913101843991408;0,02;-1,9050271898056548
0,0205;-0,29858326839316951;0,0205;-1,9063148993294576
0,021;-0,29530072590224182;0,021;-1,905671044566408
0,0215;-0,29369163654058178;0,0215;-1,9047052624261391
0,022;-0,29452836300089025;0,022;-1,9059929719476458
0,0225;-0,28706218902300235;0,0225;-1,9066368267118439
0,023;-0,29768217827174748;0,023;-1,9066368267118439
0,0235;-0,30392544594578991;0,0235;-1,9037394802910361
0,024;-0,28699782545999181;0,024;-1,9066368267118439
0,0245;-0,28500255505525718;0,0245;-1,9069587540948043
0,025;-0,30308871929533154;0,025;-1,9063148993294576
0,0255;-0,29826145049041003;0,0255;-1,9040614076688298
0,026;-0,2913101843991408;0,026;-1,9066368267118439
0,0265;-0,28287855763083192;0,0265;-1,9063148993294576
0,027;-0,2951076351755606;0,027;-1,905671044566408
0,0275;-0,29600872524107474;0,0275;-1,9059929719476458
0,028;-0,29201818367027216;0,028;-1,9059929719476458
0,0285;-0,29176072938847586;0,0285;-1,9059929719476458
0,029;-0,29999926719507325;0,029;-1,9059929719476458
0,0295;-0,29626617954909468;0,0295;-1,9053491171857442
0,03;-0,28950800449019881;0,03;-1,9059929719476458
0,0305;-0,28654728052166339;0,0305;-1,9063148993294576
0,031;-0,29755345111314491;0,031;-1,9063148993294576
0,0315;-0,29800399617000412;0,0315;-1,9050271898056548
0,032;-0,2848094643759177;0,032;-1,9063148993294576
0,0325;-0,28693346189707924;0,0325;-1,9069587540948043
0,033;-0,29343418224847878;0,033;-1,9063148993294576
0,0335;-0,29671672459196968;0,0335;-1,9040614076688298
0,034;-0,28751273396682381;0,034;-1,905671044566408
0,0345;-0,2848094643759177;0,0345;-1,9069587540948043
0,035;-0,29922690420620063;0,035;-1,905671044566408
0,0355;-0,29961308569883111;0,0355;-1,9047052624261391
0,036;-0,28648291695943717;0,036;-1,9066368267118439
0,0365;-0,29311236438558258;0,0365;-1,9063148993294576
0,037;-0,29793963259015271;0,037;-1,9059929719476458
0,0375;-0,29497890802493748;0,0375;-1,9053491171857442
0,038;-0,28931491379025548;0,038;-1,9063148993294576
0,0385;-0,29188945652917608;0,0385;-1,9063148993294576
0,039;-0,28834946030382963;0,039;-1,9053491171857442
0,0395;-0,29118145726022071;0,0395;-1,9059929719476458
0,04;-0,29073091227711262;0,04;-1,9069587540948043
0,0405;-0,29697417890437972;0,0405;-1,9053491171857442
0,041;-0,2936272729674072;0,041;-1,9059929719476458
0,0415;-0,29433527227779016;0,0415;-1,9053491171857442
0,042;-0,29150327510826252;0,042;-1,9059929719476458
0,0425;-0,28654728052166339;0,0425;-1,9063148993294576
0,043;-0,30102908453606214;0,043;-1,9059929719476458
0,0435;-0,30135090246039936;0,0435;-1,9050271898056548
0,044;-0,28699782545999181;0,044;-1,9053491171857442
0,0445;-0,28944364092345248;0,0445;-1,9079245362471322
0,045;-0,29793963259015271;0,045;-1,9059929719476458
0,0455;-0,30096472095149646;0,0455;-1,9050271898056548
0,046;-0,29150327510826252;0,046;-1,9059929719476458
0,0465;-0,28030401544029188;0,0465;-1,9066368267118439
0,047;-0,29343418224847878;0,047;-1,9063148993294576
0,0475;-0,29472145372488517;0,0475;-1,9053491171857442
0,048;-0,2913101843991408;0,048;-1,9053491171857442
0,0485;-0,29259745581010504;0,0485;-1,905671044566408
0,049;-0,29793963259015271;0,049;-1,9063148993294576
0,0495;-0,29703854248273176;0,0495;-1,9053491171857442
0,05;-0,29253309223861629;0,05;-1,9063148993294576
0,0505;-0,2951076351755606;0,0505;-1,9059929719476458
0,051;-0,2913101843991408;0,051;-1,9063148993294576
0,0515;-0,29665236101411679;0,0515;-1,9050271898056548
0,052;-0,28236364918028611;0,052;-1,9059929719476458
0,0525;-0,28925055022380469;0,0525;-1,9069587540948043
0,053;-0,29343418224847878;0,053;-1,9053491171857442
0,0535;-0,29394909083427317;0,0535;-1,9043833350471975
0,054;-0,28802764247993912;0,054;-1,905671044566408
0,0545;-0,28809200604452068;0,0545;-1,9069587540948043
0,055;-0,296394906703703;0,055;-1,9050271898056548
0,0555;-0,29909817704279273;0,0555;-1,9047052624261391
0,056;-0,2822992856244057;0,056;-1,9053491171857442
0,0565;-0,29118145726022071;0,0565;-1,9079245362471322
0,057;-0,29690981532612748;0,057;-1,9059929719476458
0,0575;-0,29298363724111837;0,0575;-1,9053491171857442
0,058;-0,28764146109451338;0,058;-1,9063148993294576
0,0585;-0,29478581729974906;0,0585;-1,9066368267118439
0,059;-0,28519564573547618;0,059;-1,9053491171857442
0,0595;-0,2936272729674072;0,0595;-1,905671044566408
0,06;-0,29079527584583165;0,06;-1,9066368267118439
0,0605;-0,29954872211647526;0,0605;-1,9053491171857442
0,061;-0,29330545510302269;0,061;-1,9063148993294576
0,0615;-0,29343418224847878;0,0615;-1,905671044566408
0,062;-0,29388472726070142;0,062;-1,905671044566408
0,0625;-0,28564619065940955;0,0625;-1,9069587540948043
0,063;-0,29562254378203517;0,063;-1,9050271898056548
0,0635;-0,30096472095149646;0,0635;-1,9047052624261391
0,064;-0,28410146522585999;0,064;-1,9059929719476458
0,0645;-0,28377964743428291;0,0645;-1,9076026088624485
0,065;-0,30102908453606214;0,065;-1,905671044566408
0,0655;-0,29761781469239618;0,0655;-1,9053491171857442
0,066;-0,29053782157154773;0,066;-1,9047052624261391
0,0665;-0,28731964327602577;0,0665;-1,9076026088624485
0,067;-0,29304800081330096;0,067;-1,905671044566408
0,0675;-0,29504327160019933;0,0675;-1,9053491171857442
0,068;-0,29240436509593609;0,068;-1,9059929719476458
0,0685;-0,29182509295877651;0,0685;-1,9063148993294576
0,069;-0,29407781798171484;0,069;-1,905671044566408
0,0695;-0,29150327510826252;0,0695;-1,9059929719476458
0,07;-0,29085963941464954;0,07;-1,9063148993294576
0,0705;-0,29652363385871033;0,0705;-1,9059929719476458
0,071;-0,29736036037599056;0,071;-1,9059929719476458
0,0715;-0,29896944987978574;0,0715;-1,9053491171857442
0,072;-0,2848094643759177;0,072;-1,9059929719476458
0,0725;-0,29246872866722667;0,0725;-1,9076026088624485
0,073;-0,30109344812072841;0,073;-1,905671044566408
0,0735;-0,30122217529036266;0,0735;-1,9050271898056548
0,074;-0,29433527227779016;0,074;-1,905671044566408
0,0745;-0,29690981532612748;0,0745;-1,9069587540948043
0,075;-0,30810907945485755;0,075;-1,905671044566408
0,0755;-0,30701489834183315;0,0755;-1,9050271898056548
0,076;-0,29575127093464976;0,076;-1,9050271898056548
0,0765;-0,30733671631320031;0,0765;-1,9076026088624485
0,077;-0,31126289576903132;0,077;-1,905671044566408
0,0775;-0,31184216817995342;0,0775;-1,9050271898056548
0,078;-0,30772289788219709;0,078;-1,9059929719476458
0,0785;-0,31300071302671362;0,0785;-1,9063148993294576
0,079;-0,30958944218404033;0,079;-1,9059929719476458
0,0795;-0,31563962085755276;0,0795;-1,905671044566408
0,08;-0,31718434747310464;0,08;-1,9063148993294576
0,0805;-0,32188289129566916;0,0805;-1,9066368267118439
0,081;-0,32600216304920077;0,081;-1,9059929719476458
0,0815;-0,32922034440579517;0,0815;-1,9059929719476458
0,082;-0,33005707160169084;0,082;-1,905671044566408
0,0825;-0,32671016292507538;0,0825;-1,9069587540948043
0,083;-0,33984034476322822;0,083;-1,905671044566408
0,0835;-0,34376652745165731;0,0835;-1,9053491171857442
0,084;-0,34048398124205242;0,084;-1,9053491171857442
0,0845;-0,3477570742032014;0,0845;-1,9072806814783392
0,085;-0,36101599062428497;0,085;-1,9059929719476458
0,0855;-0,36011489906864702;0,0855;-1,9050271898056548
0,086;-0,36790290537907183;0,086;-1,9050271898056548
0,0865;-0,36307562854766656;0,0865;-1,9069587540948043
0,087;-0,3778792795074275;0,087;-1,9063148993294576
0,0875;-0,38650401806108442;0,0875;-1,9050271898056548
0,088;-0,38972220461963947;0,088;-1,9059929719476458
0,0885;-0,39654476108746139;0,0885;-1,9063148993294576
0,089;-0,40600623309494738;0,089;-1,9053491171857442
0,0895;-0,41051169685902744;0,0895;-1,905671044566408
0,09;-0,4189433520580782;0,09;-1,9053491171857442
0,0905;-0,41739862117929472;0,0905;-1,9066368267118439
0,091;-0,43696521752466955;0,091;-1,9059929719476458
0,0915;-0,44494633248372301;0,0915;-1,905671044566408
0,092;-0,43657903459160347;0,092;-1,9053491171857442
0,0925;-0,45363545178252246;0,0925;-1,9069587540948043
0,093;-0,46322566763757522;0,093;-1,9050271898056548
0,0935;-0,46676568092547932;0,0935;-1,9050271898056548
0,094;-0,47345952531019397;0,094;-1,9050271898056548
0,0945;-0,48337156672134296;0,0945;-1,9066368267118439
0,095;-0,49701671980592582;0,095;-1,9053491171857442
0,0955;-0,50428984633529728;0,0955;-1,9037394802910361
0,096;-0,49875454634095151;0,096;-1,9047052624261391
0,0965;-0,52141066437781103;0,0965;-1,9059929719476458
0,097;-0,53119399339922158;0,097;-1,9047052624261391
0,0975;-0,53576383899395874;0,0975;-1,9034175529138162
0,098;-0,5376303958514308;0,098;-1,9050271898056548
0,0985;-0,55333522384376976;0,0985;-1,9050271898056548
0,099;-0,55726143218814572;0,099;-1,905671044566408
0,0995;-0,57322372747655237;0,0995;-1,9043833350471975
0,1;-0,5823634329244477;0,1;-1,9050271898056548
0,1005;-0,59832574269845129;0,1005;-1,9053491171857442
0,101;-0,60540580246347975;0,101;-1,9047052624261391
0,1015;-0,61518916085825037;0,1015;-1,9037394802910361
0,102;-0,62960674824903939;0,102;-1,9043833350471975
0,1025;-0,63758791611937404;0,1025;-1,9050271898056548
0,103;-0,65522373131944822;0,103;-1,9037394802910361
0,1035;-0,66146707028776242;0,1035;-1,902773698161097
0,104;-0,66243253521471157;0,104;-1,902773698161097
0,1045;-0,67099299252682743;0,1045;-1,9040614076688298
0,105;-0,68682662811121997;0,105;-1,9024517707855979
0,1055;-0,68341531552035373;0,1055;-1,901164061289337
0,106;-0,69023794117721926;0,106;-1,9021298434106726
0,1065;-0,69236196653455628;0,1065;-1,902773698161097
0,107;-0,69815476390653197;0,107;-1,9018079160363206
0,1075;-0,6987984081444012;0,1075;-1,9001982791731611
0,108;-0,69899150141910138;0,108;-1,9008421339167052
0,1085;-0,69738239084368103;0,1085;-1,9001982791731611
0,109;-0,69751111968577872;0,109;-1,9008421339167052
0,1095;-0,68843573798870672;0,1095;-1,8995544244319096
0,11;-0,68116256218226967;0,11;-1,9008421339167052
0,1105;-0,68959429716605725;0,1105;-1,8992324970621435
0,111;-0,68090510467104126;0,111;-1,9001982791731611
0,1115;-0,67279519444023139;0,1115;-1,8979447875888085
0,112;-0,66127397730681903;0,112;-1,8989105696929505
0,1125;-0,66597257359774698;0,1125;-1,8979447875888085
0,113;-0,65631792463538874;0,113;-1,8979447875888085
0,1135;-0,64550472216912058;0,1135;-1,8956912960325214
0,114;-0,64144977242454004;0,114;-1,8963351507600266
0,1145;-0,64627709362176433;0,1145;-1,8960132233959877
0,115;-0,63771664465356293;0,115;-1,8960132233959877
0,1155;-0,62967111249625185;0,1155;-1,8937597318637405
0,116;-0,62317032432872488;0,116;-1,8940816592237735
0,1165;-0,6314089472311224;0,1165;-1,8944035865843789
0,117;-0,62645290033015333;0,117;-1,8944035865843789
0,1175;-0,61943719917886753;0,1175;-1,8924720224293274
0,118;-0,61905101384875216;0,118;-1,8927939497870727
0,1185;-0,61963029184604701;0,1185;-1,891828167715552
0,119;-0,61415933348931873;0,119;-1,891828167715552
0,1195;-0,61004002441307625;0,1195;-1,890862385649176
0,12;-0,61164912944501204;0,12;-1,890862385649176
0,1205;-0,61963029184604701;0,1205;-1,8892527488833115
0,121;-0,61351569140404949;0,121;-1,8882869668306481
0,1215;-0,60907456144057615;0,1215;-1,8879650394809024
0,122;-0,61113421582420779;0,122;-1,8879650394809024
0,1225;-0,61415933348931873;0,1225;-1,8869992574350911
0,123;-0,61776372945586655;0,123;-1,8857115480486668
0,1235;-0,61415933348931873;0,1235;-1,8844238386713721
0,124;-0,61634771669616373;0,124;-1,8847457660148401
0,1245;-0,6257448937068103;0,1245;-1,8844238386713721
0,125;-0,63044348347520529;0,125;-1,8844238386713721
0,1255;-0,62696781425007786;0,1255;-1,8821703472830622
0,126;-0,63514207409158163;0,126;-1,8824922746225392
0,1265;-0,63958320847145611;0,1265;-1,8808826379308543
0,127;-0,64241523659134359;0,127;-1,8805607105942264
0,1275;-0,64743565084445998;0,1275;-1,8789510739196325
0,128;-0,65104005142911259;0,128;-1,8795949285877613
0,1285;-0,65458008821450442;0,1285;-1,8770195099289082
0,129;-0,65522373131944822;0,129;-1,8770195099289082
0,1295;-0,65309970913513127;0,1295;-1,8757318006131403
0,13;-0,65239170177986217;0,13;-1,8757318006131403
0,1305;-0,65174805874673569;0,1305;-1,8754098732856201
0,131;-0,65792703253891971;0,131;-1,8731563820089032
0,1315;-0,65322843774730066;0,1315;-1,8728344546859319
0,132;-0,6491734867770278;0,132;-1,8731563820089032
0,1325;-0,66075906269821194;0,1325;-1,8715467453997285
0,133;-0,64833675094287369;0,133;-1,8712248180795978
0,1335;-0,64067740111719429;0,1335;-1,8692932541707405
0,134;-0,64614836504470496;0,134;-1,8686493995389968
0,1345;-0,64885166529910554;0,1345;-1,8673616902823194
0,135;-0,64582654360488956;0,135;-1,8673616902823194
0,1355;-0,64190032236453576;0,1355;-1,8657520537242367
0,136;-0,63771664465356293;0,136;-1,8660739810347189
0,1365;-0,65033204413118662;0,1365;-1,8644643444879774
0,137;-0,64827238664907527;0,137;-1,8647862717961921
0,1375;-0,64544035788245235;0,1375;-1,8625327806505916
0,138;-0,64988149404275486;0,138;-1,8609231441350151
0,1385;-0,65786266822081152;0,1385;-1,8599573622324634
0,139;-0,65824885413192091;0,139;-1,8586696530369853
0,1395;-0,66680931001588195;0,1395;-1,8573819438505594
0,14;-0,66771041080517035;0,14;-1,8573819438505594
0,1405;-0,68425205252705767;0,1405;-1,8557723073802517
0,141;-0,68547497589583639;0,141;-1,8557723073802517
0,1415;-0,69152522925048088;0,1415;-1,8541626709240753
0,142;-0,70137298526726699;0,142;-1,8541626709240753
0,1425;-0,70961163391050752;0,1425;-1,8509433980540884
0,143;-0,71025527845495562;0,143;-1,8509433980540884
0,1435;-0,7184295656810431;0,1435;-1,8486899070786829
0,144;-0,72602457523571562;0,144;-1,8499776162041011
0,1445;-0,7341988679205671;0,1445;-1,8470802706846001
0,145;-0,73374831628089732;0,145;-1,8470802706846001
0,1455;-0,73078754857924044;0,1455;-1,8448267797565587
0,146;-0,74366045436954853;0,146;-1,8438609979387059
0,1465;-0,74810160852607688;0,1465;-1,8419294343182038
0,147;-0,74520520354439923;0,147;-1,8419294343182038
0,1475;-0,73960548827638606;0,1475;-1,8399978707179627
0,148;-0,76045960722352224;0,148;-1,8387101616623851
0,1485;-0,7618112637371619;0,1485;-1,8383882343998965
0,149;-0,74494774534141417;0,149;-1,8371005253555628
0,1495;-0,76554441071701318;0,1495;-1,8358128163202201
0,15;-0,76612369220008047;0,15;-1,8338812527840562
0,1505;-0,77004993375473374;0,1505;-1,832271616519358
0,151;-0,7748772808668426;0,151;-1,8313058347672726
0,1515;-0,77680822000246919;0,1515;-1,8306619802686868
0,152;-0,78163556857119598;0,152;-1,8293742712782446
0,1525;-0,79167645695100486;0,1525;-1,8271207805665501
0,153;-0,78820076430458774;0,153;-1,8267988533242634
0,1535;-0,7778380542762483;0,1535;-1,8242234354061295
0,154;-0,77906098253798428;0,154;-1,8242234354061295
0,1545;-0,77545656259005324;0,1545;-1,8206822358271728
0,155;-0,77622893824429973;0,155;-1,8219699447571449
0,1555;-0,77481291623185444;0,1555;-1,8197164541355637
0,156;-0,76766844289417935;0,156;-1,818428745221242
0,1565;-0,76895573522000116;0,1565;-1,8158533274194084
0,157;-0,76219745132726335;0,157;-1,8152094729745332
0,1575;-0,75717701316762498;0,1575;-1,8135998368721089
0,158;-0,74932453518329833;0,158;-1,8116682735676057
0,1585;-0,75537480486734976;0,1585;-1,8110244191372311
0,159;-0,74668558826732745;0,159;-1,8097367102831694
0,1595;-0,7452695680955943;0,1595;-1,8078051470187881
0,16;-0,74816597308536215;0,16;-1,8058735837744493
0,1605;-0,74842343132430444;0,1605;-1,8045858749560184
0,161;-0,75022563907762241;0,161;-1,8032981661464864
0,1615;-0,74906707693426788;0,1615;-1,8016885301470791
0,162;-0,75518171112932797;0,162;-1,8007227485541031
0,1625;-0,75820684654599257;0,1625;-1,7975034766136138
0,163;-0,76548004610869913;0,163;-1,7971815494226175
0,1635;-0,75955850292574967;0,1635;-1,7946061319146189
0,164;-0,77082230922301731;0,164;-1,7942842047286145
0,1645;-0,78073446342575803;0,1645;-1,790743005719138
0,165;-0,78073446342575803;0,165;-1,7904210785397818
0,1655;-0,77886788859746969;0,1655;-1,7891333698278924
0,166;-0,79553833831153686;0,166;-1,7862360252585108
0,1665;-0,80339083250627907;0,1665;-1,7846263894059862
0,167;-0,8120800711802223;0,167;-1,7836606079011033
0,1675;-0,8219922440026175;0,1675;-1,78237289923566
0,168;-0,83093894937864787;0,168;-1,7797974819312761
0,1685;-0,84239588694186107;0,1685;-1,7772220646622046
0,169;-0,85765035844253734;0,169;-1,7759343560409018
0,1695;-0,86022495388974918;0,1695;-1,775290501733557
0,17;-0,86028931878002568;0,17;-1,7723931573777714
0,1705;-0,86466613178857132;0,1705;-1,7714273759357528
0,171;-0,86247772516848764;0,171;-1,7682081044981164
0,1715;-0,8483174526169095;0,1715;-1,7672423230775469
0,172;-0,82578976597075293;0,172;-1,7653107602512441
0,1725;-0,84117295510808943;0,1725;-1,7637011245777616
0,173;-0,82121986673553271;0,173;-1,7611257075287288
0,1735;-0,8091192931675909;0,1735;-1,7588722176396192
0,174;-0,80364829138006844;0,174;-1,7585502905147958
0,1745;-0,80384138553740436;0,1745;-1,7566187277773633
0,175;-0,80030132625754746;0,175;-1,7533994565921132
0,1755;-0,80673779810275625;0,1755;-1,7524336752472087
0,176;-0,80197480875471916;0,176;-1,7501801854615699
0,1765;-0,81755107509614022;0,1765;-1,7469609143856759
0,177;-0,81729361605722173;0,177;-1,7466389872810901
0,1775;-0,83647432293249113;0,1775;-1,7440635704640488
0,178;-0,84175223859944626;0,178;-1,7418100807777728
0,1785;-0,85185751985231017;0,1785;-1,7402004453039266
0,179;-0,86073987301756127;0,179;-1,7376250285740957
0,1795;-0,8788264155473986;0,1795;-1,7360153931356417
0,18;-0,89633368908189648;0,18;-1,7334399764623989
0,1805;-0,91673740582984176;0,1805;-1,7321522681388235
0,181;-0,91293986705585572;0,181;-1,7279672161472184
0,1815;-0,91004343966735657;0,1815;-1,7270014349314122
0,182;-0,92188661211520118;0,182;-1,7234602371818737
0,1825;-0,92298081862454828;0,1825;-1,7231383101169853
0,183;-0,91049399501110162;0,183;-1,7195971124389526
0,1835;-0,90444368124770758;0,1835;-1,7186313312654002
0,184;-0,9090779639652099;0,184;-1,7150901336706774
0,1845;-0,90051741478858405;0,1845;-1,7125147172792154
0,185;-0,89124885439659574;0,185;-1,7109050820520972
0,1855;-0,87090952842288372;0,1855;-1,7096173738801139
0,186;-0,85501139844041996;0,186;-1,7054323223807406
0,1865;-0,86363629335023906;0,1865;-1,7035007601809649
0,187;-0,85958130499798002;0,187;-1,7031788331495528
0,1875;-0,86363629335023906;0,1875;-1,7009253439447338
0,188;-0,8530804523094272;0,188;-1,6967402926342472
0,1885;-0,84799562835248787;0,1885;-1,6954525845569763
0,189;-0,84239588694186107;0,189;-1,6925552414145124
0,1895;-0,83531575625515786;0,1895;-1,6906236793436704
0,19;-0,82186351445617212;0,19;-1,687726336273577
0,1905;-0,83467210812846326;0,1905;-1,6848289932468505
0,191;-0,83467210812846326;0,191;-1,6828974312531049
0,1915;-0,83776161931502446;0,1915;-1,6819316502634489
0,192;-0,83634559329854563;0,192;-1,6774246723752861
0,1925;-0,8436831836857408;0,1925;-1,6751711834704313
0,193;-0,83563758032583701;0,193;-1,6732396215727781
0,1935;-0,84097986061450947;0,1935;-1,6706642057390761
0,194;-0,85153569553340192;0,194;-1,667444935994858
0,1945;-0,84812435805766306;0,1945;-1,6645475932705311
0,195;-0,84941165515294892;0,195;-1,6622941045146968
0,1955;-0,83892018612632446;0,1955;-1,6603625427446864
0,196;-0,83679614702078042;0,196;-1,65682134621593
0,1965;-0,8321618806209754;0,1965;-1,6548897845000015
0,197;-0,82237843264658983;0,197;-1,6516705150158124
0,1975;-0,82192787922929833;0,1975;-1,6503828072369517
0,198;-0,82379445773402438;0,198;-1,6455539031415416
0,1985;-0,82662650818996219;0,1985;-1,6442661954028333
0,199;-0,82282898607335009;0,199;-1,6416907799507416
0,1995;-0,82160605536559927;0,1995;-1,639437291457841
0,2;-0,81130769426835991;0,2;-1,6362180222270426
0,2005;-0,80017259683999142;0,2005;-1,633320679964319
0,201;-0,79071098671659557;0,201;-1,6291356301044413
0,2015;-0,78054136947076114;0,2015;-1,6281698493801506
0,202;-0,78208612115758391;0,202;-1,6243067265302047
0,2025;-0,78742838823511974;0,2025;-1,6220532382359298
0,203;-0,78974551652439828;0,203;-1,619155896180996
0,2035;-0,79592452648486578;0,2035;-1,6156147003936252
0,204;-0,78755711757816038;0,204;-1,6133612121982257
0,2045;-0,81838781699388696;0,2045;-1,6111077240284126
0,205;-0,85269426310469754;0,205;-1,6082103821333606
0,2055;-0,85488266869278418;0,2055;-1,6056349671509837
0,206;-0,87142444781757;0,206;-1,6017718447399056
0,2065;-0,86865675622295513;0,2065;-1,599840283562459
0,207;-0,84992657401323879;0,207;-1,5966210149749565
0,2075;-0,84052930680303428;0,2075;-1,5924359658888156
0,208;-0,83299862309048667;0,208;-1,5901824779556553
0,2085;-0,82019003042265537;0,2085;-1,5879289900478795
0,209;-0,83480083775223846;0,209;-1,5837439411435761
0,2095;-0,84001438817313634;0,2095;-1,5821343069728813
0,21;-0,84458429145334279;0,21;-1,5789150386702311
0,2105;-0,84870364174074442;0,2105;-1,5769834777134153
0,211;-0,84477738597999907;0,211;-1,5734422826741294
0,2115;-0,83782598413620823;0,2115;-1,571510721769884
0,212;-0,84773816894451104;0,212;-1,5666818195903145
0,2125;-0,84954038486683281;0,2125;-1,5637844783380839
0,213;-0,84593595317722137;0,213;-1,5608871371274358
0,2135;-0,8382121730674259;0,2135;-1,5570240155778503
0,214;-0,83113204378065486;0,214;-1,5541266744640656
0,2145;-0,83435028407244494;0,2145;-1,5509074066084656
0,215;-0,8289436406604902;0,215;-1,5473662120263323
0,2155;-0,82083367811241514;0,2155;-1,5457565781457854
0,216;-0,8245024703128524;0,216;-1,5415715301160333
0,2165;-0,8212842315067278;0,2165;-1,5367426286502122
0,217;-0,81581322664313771;0,217;-1,5341672145819072
0,2175;-0,7983703850736682;0,2175;-1,5319137272988164
0,218;-0,79695436164693245;0,218;-1,5280506062999566
0,2185;-0,79759800864775454;0,2185;-1,5254751923412839
0,219;-0,7983703850736682;0,219;-1,523543631893556
0,2195;-0,78961678716862593;0,2195;-1,5187147308539384
0,22;-0,77680822000246919;0,22;-1,5161393170126469
0,2205;-0,76644551525264193;0,2205;-1,5132419764798173
0,221;-0,75402314873545118;0,221;-1,5100227092690321
0,2215;-0,75041873277386273;0,2215;-1,5055157352585598
0,222;-0,76078143019566702;0,222;-1,5039061017072923
0,2225;-0,76457894161152795;0,2225;-1,4990772011288693
0,223;-0,76071706560087349;0,223;-1,4971456409291282
0,2235;-0,74005604002947156;0,2235;-1,4929605938916104
0,224;-0,72930716486889924;0,224;-1,488775546938724
0,2245;-0,7392836656009667;0,2245;-1,4862001334712664
0,225;-0,74584884906442994;0,225;-1,4842685733916567
0,2255;-0,74861652500540188;0,2255;-1,4791177466005292
0,226;-0,75691955483030082;0,226;-1,4762204065865956
0,2265;-0,7555035340269376;0,2265;-1,4723572866307328
0,227;-0,75479552365817904;0,227;-1,4694599467108187
0,2275;-0,73612980361775038;0,2275;-1,4675283867865589
0,228;-0,74333863163778868;0,228;-1,4620556337647996
0,2285;-0,7612319823643261;0,2285;-1,4588363673482934
0,229;-0,75820684654599257;0,229;-1,4562609542507101
0,2295;-0,75807811737115194;0,2295;-1,4511101281504113
0,23;-0,76638115064176304;0,23;-1,449500495019979
0,2305;-0,76663860908637815;0,2305;-1,4462812287960867
0,231;-0,76515822306987646;0,231;-1,4414523295525703
0,2315;-0,75968723210896005;0,2315;-1,4382330634516907
0,232;-0,78279413238318807;0,232;-1,4359795772102957
0,2325;-0,78253667375308955;0,2325;-1,4311506782025243
0,233;-0,79109717480529163;0,233;-1,4292191186302834
0,2335;-0,78157120391674184;0,2335;-1,423424440019232
0,234;-0,75827121113368556;0,234;-1,4214928805173974
0,2345;-0,73825383306960057;0,2345;-1,4179516881429934
0,235;-0,74288807982085048;0,235;-1,4140885692563627
0,2355;-0,74218006984053531;0,2355;-1,4118350832715376
0,236;-0,74443282894405816;0,236;-1,4086158176202654
0,2365;-0,75260712811149677;0,2365;-1,4031430661245601
0,237;-0,7289209778294059;0,237;-1,4015334333583829
0,2375;-0,6911390428213674;0,2375;-1,398314167862361
0,238;-0,70163044299465382;0,238;-1,3941291227898753
0,2385;-0,68508878956227004;0,2385;-1,390587930869253
0,239;-0,69023794117721926;0,239;-1,3880125186000265
0,2395;-0,68187057035202125;0,2395;-1,3847932533068812
0,24;-0,67762252163838121;0,24;-1,3802862819773656
0,2405;-0,66223944222635633;0,2405;-1,3761012372557619
0,241;-0,64820802235543917;0,241;-1,3732038986498722
0,2415;-0,64170722953214221;0,2415;-1,3690188540654773
0,242;-0,65187678735205734;0,242;-1,3667653685535539
0,2425;-0,65187678735205734;0,2425;-1,3622583976000051
0,243;-0,65972923351257862;0,243;-1,3593610591793024
0,2435;-0,645247265023418;0,2435;-1,3548540883794404
0,244;-0,64441052931775489;0,244;-1,3532444559735477
0,2445;-0,64254396514965795;0,2445;-1,3477717058824705
0,245;-0,63713736625476491;0,245;-1,3451962941224191
0,2455;-0,6379097374560494;0,2455;-1,3410112500770941
0,246;-0,6498171297450579;0,246;-1,3387577648550908
0,2465;-0,65200551595803069;0,2465;-1,3339288680288792
0,247;-0,66333363584665339;0,247;-1,3310315299841957
0,2475;-0,65451572390490897;0,2475;-1,3265245597684421
0,248;-0,65020331553367861;0,248;-1,3223395160793689
0,2485;-0,66468528685520278;0,2485;-1,3207298839124415
0,249;-0,68225675663501184;0,249;-1,3171886931865648
0,2495;-0,68270730730616025;0,2495;-1,3130036496746795
0,25;-0,67665705612352589;0,25;-1,310106311905177
0,2505;-0,67633523429360953;0,2505;-1,3068870477613257
0,251;-0,67530540446597376;0,251;-1,3023800780384953
0,2515;-0,67549849755539559;0,2515;-1,3001265932114074
0,252;-0,68084074029365449;0,252;-1,2956196236257882
0,2525;-0,6887575599769058;0,2525;-1,2924003596919535
0,253;-0,68940120396601712;0,253;-1,2891810958046321
0,2535;-0,68656917054063726;0,2535;-1,2840302736815221
0,254;-0,6816131128333931;0,254;-1,2824206417924027
0,2545;-0,67028498466796804;0,2545;-1,2756601879845135
0,255;-0,66964134117736629;0,255;-1,2737286297911459
0,2555;-0,67697887795762546;0,2555;-1,2708312925322629
0,256;-0,69313433943768321;0,256;-1,2666462498909421
0,2565;-0,70278900280191758;0,2565;-1,2637489127233223
0,257;-0,68019709652902904;0,257;-1,2589200175267423
0,2575;-0,64859420811969082;0,2575;-1,2557007541197651
0,258;-0,62954238400198592;0,258;-1,2518376380919238
0,2585;-0,60347487688804702;0,2585;-1,2473306694761104
0,259;-0,60070721713874076;0,259;-1,2444333325561237
0,2595;-0,609267654032279;0,2595;-1,2389605851414691
0,26;-0,62214049664824089;0,26;-1,2363851746389767
0,2605;-0,62439324475178282;0,2605;-1,234775543089714
0,261;-0,62362087395163934;0,261;-1,2293027959072427
0,2615;-0,60128649473712059;0,2615;-1,2254396803280256
0,262;-0,58725510750808241;0,262;-1,2231861962702952
0,2625;-0,56994115794485023;0,2625;-1,2183573019355645
0,263;-0,55829125741755803;0,263;-1,2144941865410084
0,2635;-0,534734014572116;0,2635;-1,2112749237618572
0,264;-0,54342315927758122;0,264;-1,2064460296776212
0,2645;-0,54252206266840852;0,2645;-1,2032267670110406
0,265;-0,55520178184149405;0,265;-1,1983978730953926
0,2655;-0,53164454152468976;0,2655;-1,1974320943243766
0,266;-0,54425989186845336;0,266;-1,1906716430401376
0,2665;-0,53666493539295224;0,2665;-1,1877743068358466
0,267;-0,53389728225615973;0,267;-1,1845550444290531
0,2675;-0,53814530810907224;0,2675;-1,1794042246709204
0,268;-0,55822689333962305;0,268;-1,1761849623799585
0,2685;-0,57521901502818595;0,2685;-1,1726437739112354
0,269;-0,59452825686304134;0,269;-1,1691025854962176
0,2695;-0,58809184140591586;0,2695;-1,1655613971348289
0,27;-0,56479203004456446;0,27;-1,1604105777956601
0,2705;-0,5679458707711218;0,2705;-1,1588009467753688
0,271;-0,57554083561445901;0,271;-1,154937832371677
0,2715;-0,58622528120742123;0,2715;-1,1501089394562924
0,272;-0,61551098191925113;0,272;-1,1465677513812522
0,2725;-0,59948429780529489;0,2725;-1,1443142680884473
0,273;-0,61435242611794538;0,273;-1,1398073015673225
0,2735;-0,5998061186771374;0,2735;-1,1359441874746943
0,274;-0,60424724710153488;0,274;-1,1324029996117755
0,2745;-0,60070721713874076;0,2745;-1,129505664126875
0,275;-0,59839010686974903;0,275;-1,1253206240443816
0,2755;-0,60115776638084772;0,2755;-1,1227452147994319
0,276;-0,59948429780529489;0,276;-1,1182382486877389
0,2765;-0,59053767910042054;0,2765;-1,1153409133751691
0,277;-0,57824412868671904;0,277;-1,1105120212655915
0,2775;-0,54876537546846682;0,2775;-1,1079366121803136
0,278;-0,52874816083897902;0,278;-1,1031077202199739
0,2785;-0,53190199759949996;0,2785;-1,1002103850903833
0,279;-0,53164454152468976;0,279;-1,0966691977571752
0,2795;-0,54985956444954498;0,2795;-1,0953814932852868
0,28;-0,56730222977769862;0,28;-1,0899087493564912
0,2805;-0,55867744188824109;0,2805;-1,0850798577576162
0,281;-0,55018138474605904;0,281;-1,0815386706463632
0,2815;-0,52012338448464623;0,2815;-1,0786413357756486
0,282;-0,50023491717104096;0,282;-1,0751001487584231
0,2825;-0,48839195253282713;0,2825;-1,0722028139645368
0,283;-0,49688799191837218;0,283;-1,0680177748787187
0,2835;-0,49972000556981444;0,2835;-1,0657642923238231
0,284;-0,52096011640884954;0,284;-1,061579253348518
0,2845;-0,51561790529745299;0,2845;-1,0583599926470624
0,285;-0,52231176033628079;0,285;-1,0532091756128046
0,2855;-0,51980156452007864;0,2855;-1,0515995453117977
0,286;-0,53248127377610832;0,286;-1,0445171721127033
0,2865;-0,56337602003768139;0,2865;-1,0425856158210736
0,287;-0,56916878869941445;0,287;-1,0390444293257484
0,2875;-0,5770212103594341;0,2875;-1,0351813168433648
0,288;-0,58558163978917566;0,288;-1,0319620564875185
0,2885;-0,58525981908572178;0,2885;-1,0284208701444617
0,289;-0,58474490596805206;0,289;-1,0242358318042664
0,2895;-0,58693328678496315;0,2895;-1,0213384976100837
0,29;-0,58506672666546278;0,29;-1,0168315333751359
0,2905;-0,58899293947838938;0,2905;-1,013290347247763
0,291;-0,6023163216094789;0,291;-1,0113587911994835
0,2915;-0,60630690111296981;0,2915;-1,0065299011441486
0,292;-0,60772291333778117;0,292;-1,0033106411590611
0,2925;-0,61982338451464114;0,2925;-0,9984817512589903
0,293;-0,61673390198674172;0,293;-0,99558441736355241
0,2935;-0,60946074662538019;0,2935;-0,99268708350151713
0,294;-0,59452825686304134;0,294;-0,98785819380557305
0,2945;-0,5977464651636738;0,2945;-0,9865704899022808
0,295;-0,59105259232721663;0,295;-0,9791661925857833
0,2955;-0,57933831881487785;0,2955;-0,97820041469091956
0,296;-0,57695684623844257;0,296;-0,97401537718905629
0,2965;-0,58693328678496315;0,2965;-0,969830339756237
0,297;-0,57438228152134152;0,297;-0,96532337644411759
0,2975;-0,56440584549015993;0,2975;-0,96274796887301817
0,298;-0,54438861996151322;0,298;-0,9598506353866304
0,2985;-0,5376303958514308;0,2985;-0,95405596851247743
0,299;-0,53409037432694229;0,299;-0,95115863512462884
0,2995;-0,52784706468394993;0,2995;-0,94793937584322119
0,3;-0,52115320839470902;0,3;-0,94311048699682465
0,3005;-0,52244048833258572;0,3005;-0,93989122781628687
0,301;-0,5126571622019267;0,301;-0,93667196867599711
0,3015;-0,50776550033640122;0,3015;-0,93248693185369691
0,302;-0,5277827006739334;0,302;-0,92958959870875035
0,3025;-0,56376220457794224;0,3025;-0,9254045620011091
0,303;-0,57251572225072189;0,303;-0,92089759946845851
0,3035;-0,55333522384376976;0,3035;-0,91800026645307153
0,304;-0,54805737085592499;0,304;-0,914137155816104
0,3045;-0,5400762291566269;0,3045;-0,91220560051911304
0,305;-0,52057393244090111;0,305;-0,90608900883966959
0,3055;-0,52359904032452831;0,3055;-0,90319167598885997
0,306;-0,5505675691066565;0,306;-0,90029434317012291
0,3065;-0,55365704417947192;0,3065;-0,89449967762869942
0,307;-0,5566821555130429;0,307;-0,89256812247663897
0,3075;-0,55784070887508441;0,3075;-0,88806116051031281
0,308;-0,55597415070397804;0,308;-0,88484190201013824
0,3085;-0,57071352721165181;0,3085;-0,87969108849151578
0,309;-0,57631320503675287;0,309;-0,87679375593138076
0,3095;-0,57863031343288607;0,3095;-0,87421834923786812
0,31;-0,58036814485746124;0,31;-0,86938946175492304
0,3105;-0,58255652532570112;0,3105;-0,86488250018333779
0,311;-0,57618447679820928;0,311;-0,86359479689118679
0,3115;-0,57779357982300883;0,3115;-0,8581220579689226
0,312;-0,57714993860186647;0,312;-0,85586857726882903
0,3125;-0,58249216119179947;0,3125;-0,84975198689281395
0,313;-0,57258008636141655;0,313;-0,8471765804604624
0,3135;-0,56562876326398859;0,3135;-0,8429915450605675
0,314;-0,55951417492613431;0,314;-0,84009421289878805
0,3145;-0,54747809436775852;0,3145;-0,83719688076817289
0,315;-0,54110605376795085;0,315;-0,83301184552332885
0,3155;-0,53891767651266287;0,3155;-0,82914873612407514
0,316;-0,52057393244090111;0,316;-0,82657332988853593
0,3165;-0,51259279822484083;0,3165;-0,82206636903520469
0,317;-0,51542481334750523;0,317;-0,81723748248961592
0,3175;-0,51143424666091075;0,3175;-0,81466207636700338
0,318;-0,52900561688834946;0,318;-0,81047704146964528
0,3185;-0,53254563779644004;0,3185;-0,80661393239054702
0,319;-0,53705111957249507;0,319;-0,803394674866303
0,3195;-0,52198994034796675;0,3195;-0,80114119462183964
0,32;-0,51420189769347435;0,32;-0,79631230844601897
0,3205;-0,50802295620424209;0,3205;-0,79277112530433336
0,321;-0,50589894536021784;0,321;-0,79019571941171296
0,3215;-0,51259279822484083;0,3215;-0,78568875915749414
0,322;-0,51156297461024969;0,322;-0,78214757615218844
0,3225;-0,49701671980592582;0,3225;-0,77860639319219027
0,323;-0,49218942439254981;0,323;-0,77570906171311105
0,3235;-0,48472320897538557;0,3235;-0,77152402740781212
0,324;-0,49058032608985536;0,324;-0,76605129033432606
0,3245;-0,5092458716065138;0,3245;-0,76379781039411965
0,325;-0,54921592386737572;0,325;-0,75929085056825085
0,3255;-0,56813896307203471;0,3255;-0,75574966789886067
0,326;-0,59504317016544461;0,326;-0,75220848527421036
0,3265;-0,60431161128699606;0,3265;-0,74834537700734616
0,327;-0,60901019724365257;0,327;-0,74576997152558433
0,3275;-0,56067272840410165;0,3275;-0,74029723495499922
0,328;-0,53898204054722376;0,328;-0,73739990387235277
0,3285;-0,5400762291566269;0,3285;-0,73321487013870501
0,329;-0,55166175815669105;0,329;-0,72902983646686847
0,3295;-0,56492075823054544;0,3295;-0,72709828248529507
0,33;-0,56221746644868587;0,33;-0,72194747193191255
0,3305;-0,53949695282885479;0,3305;-0,7193720666901553
0,331;-0,53466965054695936;0,331;-0,71486510757300858
0,3315;-0,51761318885340801;0,3315;-0,71068007417070611
0,332;-0,52340594832271992;0,332;-0,70810466903045266
0,3325;-0,5459333571231334;0,3325;-0,70424156136341731
0,333;-0,55944981084541756;0,333;-0,70134423064722273
0,3335;-0,56627240421898073;0,3335;-0,69715919744197774
0,334;-0,54709191004881186;0,334;-0,69329608992180913
0,3345;-0,53370419018665483;0,3345;-0,69072068493706162
0,335;-0,50705749671116562;0,335;-0,6858918006524255
0,3355;-0,51143424666091075;0,3355;-0,68106291644818961
0,336;-0,52186121235362015;0,336;-0,67913136278896435
0,3365;-0,5338329182328494;0,3365;-0,67365862749074212
0,337;-0,5505675691066565;0,337;-0,67204899948139973
0,3375;-0,56047963615447416;0,3375;-0,66689818991108774
0,338;-0,54052677741957178;0,338;-0,6646447107525838
0,3385;-0,53808094407636764;0,3385;-0,65917197572544717
0,339;-0,52906998090104485;0,339;-0,65595271987474868
0,3395;-0,5420715143743714;0,3395;-0,65208961290037148
0,34;-0,5524341269231402;0,34;-0,64822650597658538
0,3405;-0,57863031343288607;0,3405;-0,64468532467413997
0,341;-0,57167898882522938;0,341;-0,63953451558252872
0,3415;-0,570842255424864;0,3415;-0,63631525994566895
0,342;-0,56067272840410165;0,342;-0,63373985546127765
0,3425;-0,55854871373076131;0,3425;-0,62955482322163991
0,343;-0,57554083561445901;0,343;-0,62633556769263643
0,3435;-0,57380300449291;0,3435;-0,6231163121983081
0,344;-0,60141522309400919;0,344;-0,61925320565080455
0,3445;-0,59987048285196698;0,3445;-0,61442432253637558
0,345;-0,60495525315010534;0,345;-0,61088314163508772
0,3455;-0,57714993860186647;0,3455;-0,60766388630640311
0,346;-0,57097098363867027;0,346;-0,60283500337775175
0,3465;-0,55996472349525472;0,3465;-0,60025959918066674
0,347;-0,55983599533191608;0,347;-0,59768419500547731
0,3475;-0,57200080937052067;0,3475;-0,59317723775149322
0,348;-0,58088305789317174;0,348;-0,58931413158697243
0,3485;-0,59163186971900017;0,3485;-0,58577295097919557
0,349;-0,58268525359395662;0,349;-0,58030021739341486
0,3495;-0,57109971185307085;0,3495;-0,57740288788763194
0,35;-0,56904006049391764;0,35;-0,57289593093304769
0,3505;-0,56170255375775768;0,3505;-0,56871089953441056
0,351;-0,54773555058327716;0,351;-0,56549164465108714
0,3515;-0,5271390605815155;0,3515;-0,56034083690762049
0,352;-0,52578741643324323;0,352;-0,55905313498516385
0,3525;-0,5120135224372836;0,3525;-0,5519707745073047
0,353;-0,51799937278289021;0,353;-0,55003922167774921
0,3535;-0,50976078336969344;0,3535;-0,54521033965631094
0,354;-0,49643744431619852;0,354;-0,5423130104793521
0,3545;-0,50885968778990798;0,3545;-0,53748412857746064
0,355;-0,51426626167401857;0,355;-0,53426487401758138
0,3555;-0,53486274262285582;0,3555;-0,52943599223969207
0,356;-0,52366340432541136;0,356;-0,52589481231637358
0,3565;-0,53248127377610832;0,3565;-0,52364133420407799
0,357;-0,52739651661679288;0,357;-0,5194563034667905
0,3575;-0,51761318885340801;0,3575;-0,5152712727848936
0,358;-0,51317207402359055;0,358;-0,51140816758912022
0,3585;-0,53466965054695936;0,3585;-0,50786698786761031
0,359;-0,53679366345223001;0,359;-0,50336003191540257
0,3595;-0,56170255375775768;0,3595;-0,50014077770282206
0,36;-0,57727866684489726;0,36;-0,49595574727494468
0,3605;-0,58075432963334239;0,3605;-0,49241456772484288
0,361;-0,60334614852129353;0,361;-0,48822953739782371
0,3615;-0,62027393408019815;0,3615;-0,48468835793288212
0,362;-0,63128021872826345;0,362;-0,48211295471009591
0,3625;-0,61068366641417804;0,3625;-0,47664022292987623
0,363;-0,59085949986602737;0,363;-0,47438674516492924
0,3635;-0,56949060921575079;0,3635;-0,46923593890385179
0,364;-0,56582185554893594;0,364;-0,4656947596467213
0,3645;-0,55848434965224103;0,3645;-0,46311935657481396
0,365;-0,58197724812600604;0,365;-0,45925625200507275
0,3655;-0,57360991215278301;0,3655;-0,45571507285625329
0,366;-0,57058479899903369;0,366;-0,45313966986298265
0,3665;-0,57772921570022084;0,3665;-0,44831078930508184
0,367;-0,5789521340588144;0,367;-0,44348190881808075
0,3675;-0,57470410209791234;0,3675;-0,44122843128168932
0,368;-0,5682676912733835;0,368;-0,436721476255023
0,3685;-0,55751888849199016;0,3685;-0,43285837199529364
0,369;-0,5322238176961992;0,369;-0,42931719313005812
0,3695;-0,52804015671484472;0,3695;-0,4267417903426739
0,37;-0,51246407027108332;0,37;-0,42094713414385337
0,3705;-0,49875454634095151;0,3705;-0,4193375074398123
0,371;-0,51909356061030032;0,371;-0,41547440338171582
0,3715;-0,535828203021533;0,3715;-0,4109674487035509
0,372;-0,51555354131399833;0,372;-0,407104344741823
0,3725;-0,5419427862916516;0,3725;-0,40388509147424373
0,373;-0,52643105649611366;0,373;-0,39841236098983396
0,3735;-0,52520814038867503;0,3735;-0,39583695843957656
0,374;-0,51349389391662426;0,374;-0,39165192933713472
0,3745;-0,52121757239027511;0,3745;-0,38811075090610803
0,375;-0,51561790529745299;0,375;-0,38489149781895798
0,3755;-0,53531329080492296;0,3755;-0,38135031945818404
0,376;-0,53235254573587043;0,376;-0,37748721583372546
0,3765;-0,5258517804388978;0,3765;-0,37426796284662489
0,377;-0,52392086033034513;0,377;-0,37072678459568731
0,3775;-0,52507941238031608;0,3775;-0,36589790522133331
0,378;-0,54220024245766474;0,378;-0,36364442820311554
0,3785;-0,55829125741755803;0,3785;-0,3604251753454476
0,379;-0,5794026829414135;0,379;-0,35624014667524445
0,3795;-0,56955497331946292;0,3795;-0,35334281916391802
0,38;-0,54631954142650174;0,38;-0,3478700894861767
0,3805;-0,55121120971924775;0,3805;-0,34529468731462976
0,381;-0,53698675554221509;0,381;-0,34175350935976229
0,3815;-0,56376220457794224;0,3815;-0,33917810723328118
0,382;-0,57303063514044805;0,382;-0,33467115355746146
0,3825;-0,57541210737950177;0,3825;-0,33145190096727462
0,383;-0,57489719444564547;0,383;-0,32726687264402698
0,3835;-0,56118764107623154;0,3835;-0,32404762012145288
0,384;-0,55745452441580989;0,384;-0,31921874139251599
0,3845;-0,54709191004881186;0,3845;-0,31889681614625964
0,385;-0,56144509741581961;0,385;-0,31278023652282483
0,3855;-0,55191921440985114;0,3855;-0,30891713365691559
0,386;-0,56421275321494757;0,386;-0,30601980653492578
0,3865;-0,56768841437197703;0,3865;-0,30312247943641146
0,387;-0,56279674323722595;0,387;-0,29893745144658379
0,3875;-0,56344038412735686;0,3875;-0,29443049828130391
0,388;-0,56736659387637522;0,388;-0,29153317127627421
0,3885;-0,56858951177934691;0,3885;-0,28734814342118542
0,389;-0,55829125741755803;0,389;-0,28284119040061967
0,3895;-0,55739016033977573;0,3895;-0,28058771391134563
0,39;-0,55990035941351213;0,39;-0,27608076097471695
0,3905;-0,56073709248760428;0,3905;-0,27286150891127414
0,391;-0,57058479899903369;0,391;-0,268676481271237
0,3915;-0,56768841437197703;0,3915;-0,26513530407474467
0,392;-0,55751888849199016;0,392;-0,26191605210760355
0,3925;-0,563826568668501;0,3925;-0,25837487497631512
0,393;-0,57463973798229984;0,393;-0,25483369787907023
0,3935;-0,59768210099390973;0,3935;-0,25193637118841111
0,394;-0,61589716719761567;0,394;-0,24742941860359502
0,3945;-0,64827238664907527;0,3945;-0,24421016679083585
0,395;-0,63713736625476491;0,395;-0,23938128912396067
0,3955;-0,65245606608407125;0,3955;-0,23744973807473396
0,396;-0,62580925794450437;0,396;-0,2322989353256259
0,3965;-0,61036184541168281;0,3965;-0,22875775847672089
0,397;-0,60547016665172337;0,397;-0,22521658166122255
0,3975;-0,61332259878151352;0,3975;-0,22135347971868963
0,398;-0,63057221197392477;0,398;-0,21910000360382414
0,3985;-0,64865857241430092;0,3985;-0,21362727595222661
0,399;-0,66623003095419409;0,399;-0,21008609927860813
0,3995;-0,65548118856600379;0,3995;-0,20686684778577966
0,4;-0,66063033404770566;0,4;-0,20332567117510494
0,4005;-0,65773393958508719;0,4005;-0,19946256945547905
0,401;-0,67672142049001094;0,401;-0,19559946777486012
0,4015;-0,67002752726973347;0,4015;-0,19077059072878941
0,402;-0,67047807771838908;0,402;-0,18851711479470709
0,4025;-0,65438699528620836;0,4025;-0,18433208809492965
0,403;-0,65953614054495724;0,403;-0,18079091169206291
0,4035;-0,64898039388978712;0,4035;-0,17789358556834695
0,404;-0,66584384492051607;0,404;-0,17177700826704179
0,4045;-0,67685014922348352;0,4045;-0,16984545756027955
0,405;-0,69989260338809256;0,405;-0,16533850594833271
0,4055;-0,69834785717609504;0,4055;-0,16179732971822328
0,406;-0,72235579912886949;0,406;-0,15632460287999442
0,4065;-0,71321604358281765;0,4065;-0,15471497735382825
0,407;-0,69731802642288865;0,407;-0,15052995101654107
0,4075;-0,69583764479184107;0,4075;-0,1457010745285682
0,408;-0,68148438407508827;0,408;-0,14312567375903701
0,4085;-0,67562722628251248;0,4085;-0,13926257263603534
0,409;-0,66397727917497795;0,409;-0,13507754646172668
0,4095;-0,67208718653011157;0,4095;-0,13121444541666813
0,41;-0,68193493473209899;0,41;-0,12638556916273061
0,4105;-0,69287688180058438;0,4105;-0,1241320935974293
0,411;-0,6874702720495186;0,411;-0,11962514250465858
0,4115;-0,68689099250428853;0,4115;-0,1164058917549203
0,412;-0,67807307222487645;0,412;-0,11415241624534603
0,4125;-0,69178268687328937;0,4125;-0,10835776499250188
0,413;-0,69422853442575561;0,413;-0,10578236446218978
0,4135;-0,70471993593788484;0,4135;-0,099987713328433203
0,414;-0,68283603607086107;0,414;-0,097412312850894245
0,4145;-0,68772772962957673;0,4145;-0,092261511944313868
0,415;-0,66964134117736629;0,415;-0,089686111515213912
0,4155;-0,67337447365441838;0,4155;-0,083891460608515156
0,416;-0,66655185265347638;0,416;-0,08195991032432326
0,4165;-0,69989260338809256;0,4165;-0,077774884739432421
0,417;-0,71012654954467991;0,417;-0,073911784236924155
0,4175;-0,72377181790945733;0,4175;-0,070048683770209591
0,418;-0,72602457523571562;0,418;-0,067151358443603815
0,4185;-0,70233845175914178;0,4185;-0,061678632881315927
0,419;-0,68708408568450907;0,419;-0,058137457555444756
0,4195;-0,68347967990447311;0,4195;-0,05363050718369828
0,42;-0,67665705612352589;0,42;-0,050411256947569774
0,4205;-0,69802603506101246;0,4205;-0,045904306658034674
0,421;-0,71064146518994264;0,421;-0,041719281431933972
0,4215;-0,70574976700713055;0,4215;-0,038500031285944196
0,422;-0,69088158520535681;0,422;-0,033349231102729679
0,4225;-0,68611861979862743;0,4225;-0,030129981019612034
0,423;-0,69596637362573577;0,423;-0,026266880951649585
0,4235;-0,70645777589285197;0,4235;-0,022725705919725656
0,424;-0,71817210777278562;0,424;-0,01757490592499578
0,4245;-0,71579062225383161;0,4245;-0,013389880974256078
0,425;-0,71328040804620019;0,425;-0,011458331010554421
0,4255;-0,69957078125245353;0,4255;-0,005341756181838811
0,426;-0,71282985680617283;0,426;-0,0024444312927814765
0,4265;-0,72093978043320484;0,4265;0,0030282934455676206
0,427;-0,71823647224958787;0,427;0,0056036932989313466
0,4275;-0,73053009053593876;0,4275;0,011720267890591432
0,428;-0,7146964262846186;0,428;0,013651817744122299
0,4285;-0,72390054689372607;0,4285;0,018158767369761707
0,429;-0,72621766873085492;0,429;0,022343791981386082
0,4295;-0,71109201638864972;0,4295;0,025563041656011153
0,43;-0,70986909172620771;0,43;0,030391916124675213
0,4305;-0,69384234795375466;0,4305;0,033933090702123754
0,431;-0,68965866156640998;0,431;0,039727739950837365
0,4315;-0,68952993276587426;0,4315;0,041981214638669696
0,432;-0,69899150141910138;0,432;0,047775863784706885
0,4325;-0,72248452810541186;0,4325;0,051317038226622556
0,433;-0,73329776464992424;0,433;0,05550206253176989
0,4335;-0,7393480301356935;0,4335;0,060009011740838565
0,434;-0,73304030657898556;0,434;0,065159810782982497
0,4345;-0,75144856584791375;0,4345;0,068379060155207061
0,435;-0,75756320067906091;0,435;0,070954459636907982
0,4355;-0,76193999293313242;0,4355;0,0770710333488481
0,436;-0,76110325317236893;0,436;0,079968357710752086
0,4365;-0,76760407827981592;0,4365;0,086728781152249801
0,437;-0,77442672842580551;0,437;0,089304180532983973
0,4375;-0,77288197726808261;0,4375;0,097030378590993088
0,438;-0,77848170072144918;0,438;0,096708453674423989
0,4385;-0,78343777897146971;0,4385;0,10379080178863134
0,439;-0,77204523710201745;0,439;0,10636620107681843
0,4395;-0,77912534718519355;0,4395;0,11280469923672287
0,44;-0,78485380153128959;0,44;0,11570202338054514
0,4405;-0,7993358556443293;0,4405;0,12085282181550472
0,441;-0,81523394385659675;0,441;0,12407207080952584
0,4415;-0,84458429145334279;0,4415;0,12857901936532048
0,442;-0,82836435751925885;0,442;0,13308596787944982
0,4425;-0,81916019415914754;0,4425;0,13662714168285273
0,443;-0,82019003042265537;0,443;0,1420998647833403
0,4435;-0,81986820658500803;0,4435;0,14660681317341553
0,444;-0,81793726366028952;0,444;0,15143568640296137
0,4445;-0,80030132625754746;0,4445;0,15497686007479961
0,445;-0,79920712623244983;0,445;0,15980573322314692
0,4455;-0,79296375066261426;0,4455;0,16624423068185007
0,446;-0,79991513800715086;0,446;0,17042925398581638
0,4465;-0,8086043752936124;0,4465;0,17397042752362735
0,447;-0,81626377993231392;0,447;0,17815545076368805
0,4475;-0,82154169059343884;0,4475;0,18298432369020579
0,448;-0,82044748949624446;0,448;0,18910089599827998
0,4485;-0,84175223859944626;0,4485;0,19264206940647086
0,449;-0,85160006039678671;0,449;0,19843671674921592
0,4495;-0,83917764542635387;0,4495;0,20229981494166283
0,45;-0,85320918204592655;0,45;0,20777253733181525
0,4505;-0,86144788683920981;0,4505;0,21227948513944142
0,451;-0,87129571796768701;0,451;0,21646450806896561
0,4515;-0,87438523458802497;0,4515;0,22064953096520387
0,452;-0,85874456146855627;0,452;0,22515647866253338
0,4525;-0,88378251718104817;0,4525;0,22966342632156181
0,453;-0,87869768565091722;0,453;0,2344922987710539
0,4535;-0,89157067933860545;0,4535;0,23932117117695129
0,454;-0,86653271408907251;0,454;0,24543774282880726
0,4545;-0,88249521793926944;0,4545;0,24962276549805179
0,455;-0,90090360489788657;0,455;0,25380778813500632
0,4555;-0,91454899356589958;0,4555;0,25863666036845595
0,456;-0,9163512154126946;0,456;0,26249975812451337
0,4565;-0,8882237001926041;0,4565;0,26700670547222999
0,457;-0,90302765063244583;0,457;0,27312327681380211
0,4575;-0,91010780471583652;0,4575;0,2773082992717707
0,458;-0,89343726410363522;0,458;0,28213717129957522
0,4585;-0,87090952842288372;0,4585;0,28567834409345838
0,459;-0,86904294572540197;0,459;0,29340453920266069
0,4595;-0,86228463047784232;0,4595;0,29469223837724251
0,46;-0,86041804856117854;0,46;0,30145265899583018
0,4605;-0,85765035844253734;0,4605;0,30499383166876498
0,461;-0,86936477031631643;0,461;0,31143232738161108
0,4615;-0,85835837215866828;0,4615;0,31465157521099363
0,462;-0,85295172257372265;0,462;0,32012429647977758
0,4625;-0,82868618148466611;0,4625;0,32463124336825699
0,463;-0,83222624542515222;0,463;0,329460114995832
0,4635;-0,81896709986523208;0,4635;0,33525476089640699
0,464;-0,81967511228473322;0,464;0,33879593336313413
0,4645;-0,81806599318321205;0,4645;0,34555635346807739
0,465;-0,81619941517614092;0,465;0,34909752587333992
0,4655;-0,83196878620961467;0,4655;0,35585794586155689
0,466;-0,8373110655722259;0,466;0,35778949441564872
0,4665;-0,8561699662049802;0,4665;0,36519376381580049
0,467;-0,86453740198097029;0,467;0,36970071036298685
0,4675;-0,87747475167487921;0,4675;0,37517343112557761
0,468;-0,87219682693383616;0,468;0,38000230234617766
0,4685;-0,87586562813385138;0,4685;0,38483117352900198
0,469;-0,87747475167487921;0,469;0,39094774363998536
0,4695;-0,87393468005186647;0,4695;0,39384506630320198
0,47;-0,88429743690061935;0,47;0,40092741053473702
0,4705;-0,88899607994628305;0,4705;0,40414665788640314
0,471;-0,89189250428575351;0,471;0,41122900200256146
0,4715;-0,91191002615810035;0,4715;0,41573594821734983
0,472;-0,90727574278011203;0,472;0,42281829220525002
0,4725;-0,90682518750936714;0,4725;0,42700331361614224
0,473;-0,88152974356147029;0,473;0,43118833500007248
0,4735;-0,88249521793926944;0,4735;0,43730490466680833
0,474;-0,93958701905311315;0,474;0,44181185070058215
0,4745;-0,95072219242549749;0,4745;0,44889419440586636
0,475;-0,90244836540971118;0,475;0,45275729094059386
0,4755;-0,84175223859944626;0,4755;0,45951770982273227
0,476;-0,76477203542933025;0,476;0,46370273100146991
0,4765;-0,76110325317236893;0,4765;0,46949737566782623
0,477;-0,82244279742126147;0,477;0,47368239678510587
0,4775;-0,85533322281299295;0,4775;0,47883319197129798
0,478;-0,83538012106890258;0,478;0,48494976120493644
0,4785;-0,83550885069697856;0,4785;0,49010055630724986
0,479;-0,79804856155956494;0,479;0,49686097482144909
0,4795;-0,79553833831153686;0,4795;0,50136792046150402
0,48;-0,85018403344813853;0,48;0,50619679075831348
0,4805;-0,92124296125582839;0,4805;0,51263528443651385
0,481;-0,89459583404485565;0,481;0,51939570273650293
0,4815;-0,86646834917934523;0,4815;0,5235807235572143
0,482;-0,82624031946933185;0,482;0,52744381967805043
0,4825;-0,78614109484584516;0,4825;0,53484808718604171
0,483;-0,82681960255289622;0,483;0,54096465594095222
0,4835;-0,84992657401323879;0,4835;0,5438619779651781
0,484;-0,84657960164775781;0,484;0,55126624530945312
0,4845;-0,85829400727438565;0,4845;0,55673896460410077
0,485;-0,87959879494336479;0,485;0,56124590987594658
0,4855;-0,85938821033434698;0,4855;0,56639670443978762
0,486;-0,88030680941539774;0,486;0,57380097156492738
0,4865;-0,87277611129013222;0,4865;0,57798599208264778
0,487;-0,8754794385028668;0,487;0,58281486188292686
0,4875;-0,85520449306336654;0,4875;0,58796565630386477
0,488;-0,8528229928388128;0,488;0,59536992322530025
0,4885;-0,82321517473239803;0,4885;0,5985891696914537
0,489;-0,81774416937734895;0,489;0,60567151187164847
0,4895;-0,87535070862749331;0,4895;0,61146615542759641
0,49;-0,85784345308999643;0,49;0,6169388743038321
0,4905;-0,81040658790599696;0,4905;0,62241159314371719
0,491;-0,81742234557629623;0,491;0,62885008585036506
0,4915;-0,77404054062640626;0,4915;0,63400087998004595
0,492;-0,80956984631734319;0,492;0,63979552333838752
0,4925;-0,85102077663346554;0,4925;0,64752171442155415
0,493;-0,86382938805351395;0,493;0,6517067345626093
0,4935;-0,86530978083862398;0,4935;0,6555698300594861
0,494;-0,85584814181946323;0,494;0,66361794562309584
0,4945;-0,83904891577594687;0,4945;0,66844681492595892
0,495;-0,84670833134423529;0,495;0,67424145805477353
0,4955;-0,88899607994628305;0,4955;0,68003610114613477
0,496;-0,87972752484553962;0,496;0,68583074420037615
0,4965;-0,90103233493597823;0,4965;0,69033768877267021
0,497;-0,90148289007582671;0,497;0,69838580402548145
0,4975;-0,89723479916032023;0,4975;0,7028927485366121
0,498;-0,87670237235936055;0,498;0,70900931605281881
0,4985;-0,8866145758005346;0,4985;0,71448203432329993
0,499;-0,88957536478092136;0,499;0,72027667716377275
0,4995;-0,90682518750936714;0,4995;0,72735901836601069
0,5;-0,8819159333070864;0,5;0,73122211354553657
0,5005;-0,86891421589044704;0,5005;0,7376606054777114
0,501;-0,85069895232745163;0,501;0,74442102196159143
0,5015;-0,85565504719054319;0,5015;0,7492498908507742
0,502;-0,88880298500509558;0,502;0,75536645807739855
0,5025;-0,8646017668846705;0,5025;0,76148302526749756
0,503;-0,86331446884879248;0,503;0,76727766783530726
0,5035;-0,84207406276819441;0,5035;0,77242846120196074
0,504;-0,86633961936049353;0,504;0,7791888774576009
0,5045;-0,86202717089311987;0,5045;0,78337389702296722
0,505;-0,85623433108268132;0,505;0,79174393610505212
0,5055;-0,88938226983419566;0,5055;0,7968947293544475
0,506;-0,87193936722518162;0,506;0,80268937173132693
0,5065;-0,89260051918757322;0,5065;0,80977171237339518
0,507;-0,94409257975820915;0,507;0,81524443011189951
0,5075;-0,93907209789653689;0,5075;0,82103907239474405
0,508;-0,93070463101737966;0,508;0,82586794094161431
0,5085;-0,94267654628048414;0,5085;0,83423797970905156
0,509;-0,88938226983419566;0,509;0,83906684820186062
0,5095;-0,88867425504532926;0,5095;0,84614918862291
0,51;-0,86820620181260022;0,51;0,85323152900279831
0,5105;-0,86981532475206369;0,5105;0,85870424654126942
0,511;-0,86807747198288276;0,511;0,86449888861474722
0,5115;-0,86884985097327183;0,5115;0,87190315344789815
0,512;-0,83145386778789609;0,512;0,87673202179436804
0,5125;-0,84136604960343886;0,5125;0,88317051289516513
0,513;-0,80989167000146645;0,513;0,89186247583154088
0,5135;-0,80467812690561835;0,5135;0,89636941955418159
0,514;-0,80171734990066257;0,514;0,90216406146139105
0,5145;-0,77938280577588603;0,5145;0,90956832608524407
0,515;-0,78272976772538405;0,515;0,91632874157727073
0,5155;-0,76161816994457476;0,5155;0,92244530794722723
0,516;-0,74668558826732745;0,516;0,92920572337875151
0,5165;-0,75891485702061967;0,5165;0,93628806332139958
0,517;-0,75376569043367114;0,517;0,94047308236267724
0,5175;-0,812530624391536;0,5175;0,94852119587127204
0,518;-0,82739888565217701;0,518;0,95528161118616672
0,5185;-0,76580186915210002;0,5185;0,96139817739849232
0,519;-0,77288197726808261;0,519;0,966870894516069
0,5195;-0,75041873277386273;0,5195;0,97556285695926848
0,52;-0,75653336732976262;0,52;0,98071364949678674
0,5205;-0,81806599318321205;0,5205;0,98715214014670638
0,521;-0,83003784219245302;0,521;0,99584410248612354
0,5215;-0,82501738856671403;0,5215;1,0022825930803856
0,522;-0,8047424916275806;0,522;1,0061456874259131
0,5225;-0,77217396635630731;0,5225;1,015159574200615
0,523;-0,77313943578698785;0,523;1,0222419137789935
0,5235;-0,81632814468867887;0,5235;1,0261050080834699
0,524;-0,78910186975303231;0,524;1,0331873476219033
0,5245;-0,78446761355147954;0,5245;1,0418793097485046
0,525;-0,7993358556443293;0,525;1,0457424040151675
0,5255;-0,76071706560087349;0,5255;1,052502818964711
0,526;-0,72621766873085492;0,526;1,060872856491794
0,5265;-0,73999167549278078;0,5265;1,0679551959129945
0,527;-0,75717701316762498;0,527;1,0721402146514676
0,5275;-0,7625836389239361;0,5275;1,0801883275888617
0,528;-0,77320380041717529;0,528;1,0882364404991016
0,5285;-0,78800767028469487;0,5285;1,09370915726301
0,529;-0,78067009877390658;0,529;1,1004695720726685
0,5295;-0,7649651292487798;0,5295;1,1069080623512382
0,53;-0,7539587841597345;0,53;1,1136684771270848
0,5305;-0,78736402356388013;0,5305;1,1213946654221205
0,531;-0,76335601413700627;0,531;1,1271893066296996
0,5315;-0,78124938064726046;0,5315;1,1339497213575278
0,532;-0,78910186975303231;0,532;1,1416759095996321
0,5325;-0,78459634287733682;0,5325;1,146504777241385
0,533;-0,81214443592412144;0,533;1,1532651919279149
0,5335;-0,81619941517614092;0,5335;1,1619571536480757
0,534;-0,7576919298509931;0,534;1,1683956437975054
0,5345;-0,73271848399430284;0,5345;1,1757999074556453
0,535;-0,77519910404455572;0,535;1,1815945485696104
0,5355;-0,75440933619355433;0,5355;1,1906084347306392
0,536;-0,75865739866366322;0,536;1,197046924834152
0,5365;-0,74926017062077044;0,5365;1,2028415659195446
0,537;-0,73439196148308905;0,537;1,2102458295184952
0,5375;-0,73638726172279922;0,5375;1,2182939421138743
0,538;-0,73773891682103598;0,538;1,2237666586719296
0,5385;-0,72242016361705297;0,5385;1,2298832242306967
0,539;-0,70439811373779482;0,539;1,2369655632911727
0,5395;-0,73522870027249121;0,5395;1,2469452228637286
0,54;-0,74835906676429864;0,54;1,2533837129033893
0,5405;-0,73773891682103598;0,5405;1,2591783539347392
0,541;-0,67273083008393286;0,541;1,265616843965166
0,5415;-0,70336828272644114;0,5415;1,2736649564973519
0,542;-0,68817828040119733;0,542;1,2810692200219407
0,5425;-0,67363193108728103;0,5425;1,2875077100399674
0,543;-0,73761018776067699;0,543;1,2933023510539214
0,5435;-0,63192386124893118;0,5435;1,3029600860733324
0,544;-0,62201176819101911;0,544;1,3087547270832154
0,5445;-0,65940741190069774;0,5445;1,3155151415936126
0,545;-0,64009812265189536;0,545;1,3229194051041986
0,5455;-0,74713614015839414;0,5455;1,328714046112335
0,546;-0,70916108273969958;0,546;1,3367621586240968
0,5465;-0,68579679784511982;0,5465;1,342556799633347
0,547;-0,63681554492771075;0,547;1,3493172141454661
0,5475;-0,63359733187728962;0,5475;1,3580091756639638
0,548;-0,68489569639776626;0,548;1,3647695901812824
0,5485;-0,64132104387170552;0,5485;1,371851929202808
0,549;-0,64505417216583949;0,549;1,377968494724644
0,5495;-0,65760521095001878;0,5495;1,3856946827571663
0,55;-0,62040266252891585;0,55;1,3930989462941881
0,5505;-0,66108088432735723;0,5505;1,3992155118295957
0,551;-0,61975902029161922;0,551;1,405975926374313
0,5515;-0,55397886451881106;0,5515;1,4140240389359038
0,552;-0,55230539879394658;0,552;1,4217502270043605
0,5525;-0,5903445866428807;0,5525;1,4265790945521442
0,553;-0,58023941660003608;0,553;1,4368806786679509
0,5535;-0,57270881458325262;0,5535;1,4423533952376622
0,554;-0,56337602003768139;0,554;1,4491138098321545
0,5545;-0,59967739032793943;0,5545;1,45748384696272
0,555;-0,70890362493161829;0,555;1,4648881105914926
0,5555;-0,65155496583997508;0,5555;1,469716978182535
0,556;-0,57908086231023559;0,556;1,4774431663403507
0,5565;-0,55404322858711541;0,5565;1,4854912790213874
0,557;-0,61531788928218134;0,557;1,4932174672119813
0,5575;-0,71263676342019655;0,5575;1,4980463348398159
0,558;-0,71836520120371672;0,558;1,5067382965875227
0,5585;-0,70240281619330824;0,5585;1,5138206358067507
0,559;-0,66384855050799263;0,559;1,5196152769981959
0,5595;-0,57843722105912809;0,5595;1,5286291633184388
0,56;-0,58043250898639909;0,56;1,5357115025899359
0,5605;-0,62271977471354412;0,5605;1,5424719173660209
0,561;-0,65001022263863661;0,561;1,5505200302169986
0,5615;-0,65258479469297859;0,5615;1,5572804450311732
0,562;-0,68541061150648652;0,562;1,5643627843798751
0,5625;-0,6458909078925289;0,5625;1,5720889727838165
0,563;-0,64653455077782673;0,563;1,5788493876580187
0,5635;-0,64743565084445998;0,5635;1,5859317270714193
0,564;-0,6291561985230032;0,564;1,5946236891095571
0,5645;-0,65477318114427108;0,5645;1,6017060285738525
0,565;-0,70684396256659432;0,565;1,6100760661533402
0,5655;-0,68862883118111784;0,5655;1,6152268585269292
0,566;-0,59182496218566771;0,566;1,6239188206874633
0,5665;-0,69905586584434398;0,5665;1,6303573112016851
0,567;-0,67755815726955193;0,567;1,6371177262650172
0,5675;-0,6048265247762471;0,5675;1,6442000658814528
0,568;-0,66204634923948424;0,568;1,653213952705844
0,5685;-0,52308412832250784;0,5685;1,6602962923856361
0,569;-0,57908086231023559;0,569;1,6660909339632783
0,5695;-0,61621898826722432;0,5695;1,6738171227641117
0,57;-0,63906829430130474;0,57;1,6808994625295914
0,5705;-0,59343406612788485;0,5705;1,6883037268626431
0,571;-0,61332259878151352;0,571;1,6944202930765746
0,5715;-0,62001647718465047;0,5715;1,7015026329328984
0,572;-0,55539487405514654;0,572;1,7079411237394904
0,5725;-0,58976530927846837;0,5725;1,7156673127434103
0,573;-0,61679826620238631;0,573;1,7250031245099631
0,5735;-0,57283754280568411;0,5735;1,7295100681427342
0,574;-0,54799300680110652;0,574;1,7372362572603848
0,5745;-0,58661146606562864;0,5745;1,7443185973219839
0,575;-0,60398979036123512;0,575;1,7530105601742598
0,5755;-0,52649542050317399;0,5755;1,7604148248699323
0,576;-0,50306693113350975;0,576;1,7668533159429267
0,5765;-0,47461807544358126;0,5765;1,7745795052720583
0,577;-0,49038723429917475;0,577;1,7816618455308737
0,5775;-0,5226335803280926;0,5775;1,7909976577503872
0,578;-0,59105259232721663;0,578;1,7987238472260878
0,5785;-0,57972450357634286;0,5785;1,80451848936467
0,579;-0,5205095684467318;0,579;1,8109569806621859
0,5795;-0,53106526536464715;0,5795;1,8196489439687593
0,58;-0,46129475146383309;0,58;1,8267312844881507
0,5805;-0,45556636749732676;0,5805;1,8341355496227958
0,581;-0,491223965400853;0,581;1,8421836639539391
0,5815;-0,48980795893438045;0,5815;1,8483002308840086
0,582;-0,46843914188929942;0,582;1,8560264207384869
0,5825;-0,42447863828303589;0,5825;1,8631087614861941
0,583;-0,40825896490370972;0,583;1,871156876028484
0,5835;-0,41624007306605249;0,5835;1,8766295939518634
0,584;-0,46966205572625841;0,584;1,8862873315330484
0,5845;-0,40542695922489402;0,5845;1,8914381249463168
0,585;-0,37330945618151312;0,585;1,9007739380737587
0,5855;-0,39886185603669883;0,5855;1,9062466561539311
0,586;-0,43773758340427582;0,586;1,9155824694186194
0,5865;-0,45041725917976644;0,5865;1,9216990367777731
0,587;-0,44185686839969052;0,587;1,9294252271809831
0,5875;-0,44578306238978355;0,5875;1,9374733422501755
0,588;-0,45427909034133851;0,588;1,9455214573874424
0,5885;-0,45608127837405804;0,5885;1,9519599495468709
0,589;-0,44636233695263611;0,589;1,9590422909737701
0,5895;-0,49000105072143768;0,5895;1,9664465570693426
0,59;-0,52855506880343217;0,59;1,9754604463106831
0,5905;-0,45691800856623949;0,5905;1,9822208633011329
0,591;-0,44224305139434195;0,591;1,9899470542105029
0,5915;-0,43580666873893348;0,5915;1,9957416974371842
0,592;-0,45202635544132708;0,592;2,0044336623497707
0,5925;-0,48987232286326537;0,5925;2,0124817780880813
0,593;-0,47210788354164079;0,593;2,0208518185369897
0,5935;-0,44958052915516739;0,5935;2,0256806880647296
0,594;-0,42267645197112591;0,594;2,0337288040066896
0,5945;-0,42209717781979883;0,5945;2,041133070742839
0,595;-0,44616924543054803;0,595;2,0491811868368219
0,5955;-0,43619285166302563;0,5955;2,0559416044179279
0,596;-0,42132481230007879;0,596;2,062702022056353
0,5965;-0,44842197992576022;0,5965;2,0717159123309989
0,597;-0,43953977052665527;0,597;2,0781544054479784
0,5975;-0,44642670079358493;0,5975;2,0862025219195872
0,598;-0,41624007306605249;0,598;2,0942506384757924
0,5985;-0,4454612431926202;0,5985;2,1019768304501669
0,599;-0,47210788354164079;0,599;2,1080933991529451
0,5995;-0,48729776581237777;0,5995;2,1151757419242503
0,6;-0,478222453908967;0,6;2,1238677081456756
0,6005;-0,46798859469807375;0,6005;2,1309500510692749
0,601;-0,52334158432239741;0,601;2,1377104693792237
0,6015;-0,53022853315370166;0,6015;2,1457585864980131
0,602;-0,47802936219498249;0,602;2,1521970802586741
0,6025;-0,46374057863689688;0,6025;2,1605671222355567
0,603;-0,48021773502313281;0,603;2,168293314918722
0,6035;-0,491223965400853;0,6035;2,1740879594877316
0,604;-0,54265079075371048;0,604;2,1821360770259086
0,6045;-0,54284388288273988;0,6045;2,1905061193666699
0,605;-0,52913434491388134;0,605;2,1988761618114618
0,6055;-0,50538403366293649;0,6055;2,2056365807858107
0,606;-0,50892405175899846;0,606;2,2127189245472958
0,6065;-0,48658976266091319;0,6065;2,2226985908864672
0,607;-0,49695235586208131;0,607;2,2288151606539248
0,6075;-0,50242329157341714;0,6075;2,2365413541273682
0,608;-0,53363982616377048;0,608;2,2449113971623045
0,6085;-0,58519545494548431;0,6085;2,2513498918797485
0,609;-0,53717984763348281;0,609;2,2581103114039793
0,6095;-0,44584742622959517;0,6095;2,2664803547258825
0,61;-0,43979722583785907;0,61;2,2754942476606645
0,6105;-0,41057606063133772;0,6105;2,2822546674486315
0,611;-0,42151790367836151;0,611;2,2886931625545639
0,6115;-0,43606412402116335;0,6115;2,2967412815334134
0,612;-0,44108450242395081;0,612;2,3031797767941979
0,6125;-0,4701769668295992;0,6125;2,3125155950460252
0,613;-0,50216583575319929;0,613;2,3173444666134433
0,6135;-0,38470183371480665;0,6135;2,3250706612039642
0,614;-0,34318725457073701;0,614;2,3331187806780087
0,6145;-0,35882762545549524;0,6145;2,3424545994083044
0,615;-0,39068766064385785;0,615;2,3492150199630646
0,6155;-0,47030569460674065;0,6155;2,3562973653922885
0,616;-0,48935741143594108;0,616;2,3640235605072224
0,6165;-0,52617360046927841;0,6165;2,3707839813200478
0,617;-0,48807013290515172;0,617;2,3788321014422715
0,6175;-0,49354106703179546;0,6175;2,3868802216815967
0,618;-0,42171099505774229;0,618;2,3936406427737804
0,6185;-0,37556218591834972;0,6185;2,4007229887697541
0,619;-0,43297466076575108;0,619;2,4081272596827104
0,6195;-0,45865583288084227;0,6195;2,4161753803558366
0,62;-0,53956131686470199;0,62;2,4232577266484565
0,6205;-0,51658336506592539;0,6205;2,430661997873615
0,621;-0,4366433984134695;0,621;2,4367785698336704
0,6215;-0,42666700750522951;0,6215;2,444504766095783
0,622;-0,40735787216264563;0,622;2,4522309624725405
0,6225;-0,41533898011620624;0,6225;2,4602790838210913
0,623;-0,44359469191126771;0,623;2,4680052804343697
0,6235;-0,47442498375172792;0,6235;2,4747657025669789
0,624;-0,47796499829058492;0,624;2,4824918994003755
0,6245;-0,58815620555296388;0,6245;2,4898961714769317
0,625;-0,46618640599695549;0,625;2,4969785187830995
0,6255;-0,33842434454763082;0,6255;2,5053485657295451
0,626;-0,36442726599697162;0,626;2,5101774390323435
0,6265;-0,26575785495490906;0,6265;2,5188694110969809
0,627;-0,27998219767739013;0,627;2,5262736837184883
0,6275;-0,35889198913509901;0,6275;2,5333560315491148
0,628;-0,35026725705151157;0,628;2,5394726047592182
0,6285;-0,3410632540821929;0,6285;2,5462330278716108
0,629;-0,32226907300437063;0,629;2,5536373009141116
0,6295;-0,32613089029841419;0,6295;2,5626511986870968
0,63;-0,25945022934679696;0,63;2,5681239224190633
0,6305;-0,22205503840265908;0,6305;2,5755281958052034
0,631;-0,22070340555557502;0,631;2,5819666944974218
0,6315;-0,2516622438601252;0,6315;2,5906586678737904
0,632;-0,26775312446798666;0,632;2,5974190917243138
0,6325;-0,27541238570477633;0,6325;2,604179515674597
0,633;-0,21851504769332367;0,633;2,610296089811257
0,6335;-0,17416864002621998;0,6335;2,6173784389146793
0,634;-0,11102817194232256;0,634;2,6247827130962595
0,6345;-0,16200395718263244;0,6345;2,6318650624277962
0,635;-0,19116058264957297;0,635;2,639913186804709
0,6355;-0,16502903678702602;0,6355;2,6444201365195408
0,636;-0,15775597333996275;0,636;2,6534340360872872
0,6365;-0,27129311898948127;0,6365;2,6608383108706781
0,637;-0,08167849678496629;0,637;2,6666329607887551
0,6375;0,0011570340167123491;0,6375;2,6733933857908725
0,638;-0,0037345722437112979;0,638;2,6811195859227706
0,6385;0,34640106515594543;0,6385;2,6865923111001715
0,639;0,17834889170485085;0,639;2,6943185114697794
0,6395;0,18948371691724447;0,6395;2,7026885620284458
0,64;0,25828791926144101;0,64;2,7084832125121432
0,6405;0,16180756089761258;0,6405;2,7145997881091724
0,641;0,24515783814829201;0,641;2,7210382888339768
0,6415;0,29703453125790652;0,6415;2,7287644898348238
0,642;0,47628595031563892;0,642;2,7345591406797483
0,6425;0,44410435269306442;0,6425;2,7409976417137907
0,643;0,38649931189406833;0,643;2,7487238430875958
0,6435;0,43316261138717377;0,6435;2,7567719696736814
0,644;0,48137064356263515;0,644;2,7609569955612594
0,6445;0,60089319782420203;0,6445;2,7680393471616633
0,645;0,65753292479013337;0,645;2,7744778487243051
0,6455;0,70728582018918862;0,6455;2,7805944253042787
0,646;0,69531422677648647;0,646;2,7860671517971118
0,6465;0,73663554473222881;0,6465;2,79347142893636
0,647;0,78767578768709579;0,647;2,7979783803060805
0,6475;0,80177140077663078;0,6475;2,8050607325622554
0,648;0,82513537233686085;0,648;2,8121430849457791
0,6485;0,86246626344408661;0,6485;2,8160061862997763
0,649;0,84167681464827226;0,649;2,8227666137611758
0,6495;0,78207616181286754;0,6495;2,8308147418445588
0,65;0,82346191939867142;0,65;2,8343559182541984
0,6505;0,89445500364758124;0,6505;2,8407944209004121
0,651;1,0503442154243721;0,651;2,8478767739357598
0,6515;1,1145795531338898;0,6515;2,8527056510804045
0,652;1,0822044099276071;0,652;2,8575345282861564
0,6525;1,053819871319374;0,6525;2,8626853307065288
0,653;1,0023930776381929;0,653;2,8694457589895044
0,6535;1,0102454736182613;0,6535;2,8742746364085878
0,654;1,0648904817189946;0,654;2,8794254390572518
0,6545;1,1217239735292113;0,6545;2,8858639424675898
0,655;1,1400677642563846;0,655;2,8906928200981561
0,6555;1,1462467281749267;0,6555;2,8964874733375194
0,656;1,1601494022854368;0,656;2,9016382762929305
0,6565;1,1273880198599737;0,6565;2,9064671541287894
0,657;1,1026721899355192;0,657;2,9109741068326587
0,6575;1,1304775001766108;0,6575;2,9183783863947692
0,658;1,1455387218195521;0,658;2,9209537880166785
0,6585;1,1372357396067536;0,6585;2,9248168904835978
0,659;1,1412906840844914;0,659;2,9306115442607958
0,6595;1,1604068592830654;0,6595;2,9341527216145886
0,66;1,1403252210576327;0,66;2,9380158242218419
0,6605;1,1137428193357393;0,6605;2,9431666277624275
0,661;1,0898637346688189;0,661;2,9479955061486041
0,6615;1,1146439172732661;0,6615;2,9525024593676013
0,662;1,1386517518939874;0,662;2,9566874874074434
0,6625;1,1556439052384009;0,6625;2,9618382912160954
0,663;1,1488856611211578;0,663;2,9660233193654655
0,6635;1,1638181647423422;0,6635;2,9689206465746709
0,664;1,1383299309130201;0,664;2,9727837495571081
0,6645;1,1395528506613539;0,6645;2,9763249273280619
0,665;1,1166392056688921;0,665;2,9808318809061127
0,6655;1,1102671561391393;0,6655;2,982441507197962
0,666;1,0637319292718037;0,666;2,9882361619096609
0,6665;1,0189346026164954;0,6665;2,9911334893014141
0,667;0,97986572287698515;0,667;2,9949965925277451
0,6675;0,94678272139150754;0,6675;2,9998254716207877
0,668;0,87012553682584681;0,668;3,0020789485537884
0,6685;0,88557281552716827;0,6685;3,0072297530269623
0,669;0,98643083606405135;0,669;3,0101270805767513
0,6695;1,0618010086286798;0,6695;3,0120586322900884
0,67;1,1189563149560833;0,67;3,0172094369118039
0,6705;1,0953990462773957;0,6705;3,0188190633718719
0,671;0,96248748843728016;0,671;3,0220383163145996
0,6715;0,90707028899566777;0,6715;3,0255794945864456
0,672;0,89142991035429719;0,672;3,0284768222906151
0,6725;0,88827608994872775;0,6725;3,0300864488035275
0,673;0,90668410672651467;0,673;3,0329837765458709
0,6735;0,89992591767887831;0,6735;3,0355591790041547
0,674;0,88686008903692237;0,674;3,0387784321043809
0,6745;0,83929536145146288;0,6745;3,0403880586659149
0,675;0,79533504720717962;0,675;3,0442511624447142
0,6755;0,75111732306692014;0,6755;3,0461827143506119
0,676;0,7798234389566957;0,676;3,049080042230115
0,6765;0,7798234389566957;0,6765;3,0516554448105131
0,677;0,77930853089104468;0,677;3,0539089220844753
0,6775;0,77544672058477571;0,6775;3,055840474045572
0,678;0,75073114225512882;0,678;3,057128175359122
0,6785;0,69692331175702182;0,6785;3,0593816526696922
0,679;0,6570823813045481;0,679;3,0622789806626272
0,6795;0,62921305503895031;0,6795;3,0648543833440129
0,68;0,62863378511001466;0,68;3,0658201593546344
0,6805;0,64562570523666563;0,6805;3,0671078607064626
0,681;0,63899628130442554;0,681;3,0693613380840867
0,6815;0,62605925215576508;0,6815;3,071292890134143
0,682;0,61041896663935502;0,682;3,0741902182301861
0,6825;0,59072379742377146;0,6825;3,0757998449610908
0,683;0,53665865392293921;0,683;3,0761217703082053
0,6835;0,49688217763378983;0,6835;3,0770875463514162
0,684;0,48137064356263515;0,684;3,0803067998490405
0,6845;0,4625765886630438;0,6845;3,0828822026696043
0,685;0,45066939791488975;0,685;3,0848137547981502
0,6855;0,43657386005187326;0,6855;3,0838479787324702
0,686;0,43206843730505395;0,686;3,0867453069379578
0,6865;0,42196341823936273;0,6865;3,0867453069379578
0,687;0,40600135129098813;0,687;3,0889987844486511
0,6875;0,40278319282453134;0,6875;3,0896426351688131
0,688;0,40600135129098813;0,688;3,0918961126992652
0,6885;0,40452099838871625;0,6885;3,0925399634250783
0,689;0,38694985403473436;0,689;3,0944715156100582
0,6895;0,37864700618053759;0,6895;3,0957592170730024
0,69;0,36435838506592622;0,69;3,0954372917067938
0,6905;0,34337599704516508;0,6905;3,097368843908765
0,691;0,3250324995437387;0,691;3,0989784707524044
0,6915;0,28834550688139937;0,6915;3,1005880976039277
0,692;0,27869103543988721;0,692;3,1009100229751789
0,6925;0,26266461295020027;0,6925;3,1018757990908279
0,693;0,23331501976700011;0,693;3,102841575209319
0,6935;0,19340986906108434;0,6935;3,1031635005827818
0,694;0,1881320907579595;0,694;3,1034854259565603
0,6945;0,16856569229643639;0,6945;3,1054169782058731
0,695;0,13194305383153832;0,695;3,1057389035818659
0,6955;0,11411445566683062;0,6955;3,1060608289581757
0,696;0,10960903343211187;0,696;3,1079923812226831
0,6965;0,097058213624359402;0,6965;3,108636231980054
0,697;0,069575132325961395;0,697;3,1096020081184883
0,6975;0,05007308255948667;0,6975;3,1105677842597781
0,698;0,052711973980017611;0,698;3,111211635022225
0,6985;0,038423341608179284;0,6985;3,1121774111682767
0,699;0,025550698136833271;0,699;3,111855485785942
0,6995;0,013192958804788255;0,6995;3,1128212619338997
0,7;0,00038467515161493882;0,7;3,1128212619338997
0,7005;-0,0050218370947118741;0,7005;3,1134651127007937
0,701;-0,024459538729468884;0,701;3,1147528142383982
0,7015;-0,045441963648272035;0,7015;3,1144308888535197
0,702;-0,048788854044399026;0,702;3,1153966650091087
0,7025;-0,058314619848481013;0,7025;3,1163624411675621
0,703;-0,078717784669356194;0,703;3,1166843665543498
0,7035;-0,094808612970629272;0,7035;3,1160405157810929
0,704;-0,080455593938870404;0,704;3,1170062919414567
0,7045;-0,080970500397679376;0,7045;3,1179720681046872
0,705;-0,097061329247555894;0,705;3,117650142716625
0,7055;-0,11283034541994652;0,7055;3,1173282173288817
0,706;-0,10478492851256571;0,706;3,1189378442707869
0,7065;-0,11218671202905213;0,7065;3,1199036204397568
0,707;-0,12550992460385801;0,707;3,119581695049781
0,7075;-0,1275695519313344;0,7075;3,1199036204397568
0,708;-0,13136699000388902;0,708;3,120225545830051
0,7085;-0,1347138847794791;0,7085;3,1208693966115977
0,709;-0,142115671986692;0,709;3,1205474712206649
0,7095;-0,15273562922021464;0,7095;3,1211913220028498
0,71;-0,16168214021332553;0,71;3,1205474712206649
0,7105;-0,17288137186991626;0,7105;3,1215132473944212
0,711;-0,19154676322859535;0,711;3,1211913220028498
0,7115;-0,21439578610403498;0,7115;3,122479023571052
0,712;-0,19244785125767541;0,712;3,1211913220028498
0,7125;-0,17313882549868437;0,7125;3,1228009489639015
0,713;-0,17198028417902622;0,713;3,122479023571052
0,7135;-0,17294573527699153;0,7135;3,1221570981785223
0,714;-0,14597747438650538;0,714;3,122479023571052
0,7145;-0,14713601515759811;0,7145;3,124088650538495
0,715;-0,16940574800308794;0,715;3,1234447997505588
0,7155;-0,17738681055373559;0,7155;3,1244105759329428
0,716;-0,17281700846291875;0,716;3,1244105759329428
0,7165;-0,17918898613488832;0,7165;3,125698277513933
0,717;-0,2005576442400594;0,717;3,1247325013277103
0,7175;-0,22984301888738581;0,7175;3,125698277513933
0,718;-0,23467028016338964;0,718;3,125054426722798
0,7185;-0,2496026115602939;0,7185;3,1263421283063488
0,719;-0,27367457001146944;0,719;3,125054426722798
0,7195;-0,29774654185119886;0,7195;3,1263421283063488
0,72;-0,3028956285322647;0,72;3,1260202029099813
0,7205;-0,31460980314687748;0,7205;3,1263421283063488
0,721;-0,32683889017660089;0,721;3,1269859791000454
0,7215;-0,345053800551752;0,7215;3,126664053703037
0,722;-0,33893925371092798;0,722;3,126664053703037
0,7225;-0,33958289017470861;0,7225;3,1276298298950231
0,723;-0,3556094416164059;0,723;3,126664053703037
0,7235;-0,36429853861872386;0,7235;3,1276298298950231
0,724;-0,3542578044862843;0,724;3,126664053703037
0,7245;-0,34305852726505498;0,7245;3,128273680691283
0,725;-0,36095162694101668;0,725;3,126664053703037
0,7255;-0,36552144873014958;0,7255;3,1269859791000454
0,726;-0,34988107506404181;0,726;3,1269859791000454
0,7265;-0,33797379903537539;0,7265;3,1289175314888249
0,727;-0,34814325616906799;0,727;3,1263421283063488
0,7275;-0,34878689278756309;0,7275;3,1276298298950231
0,728;-0,34312289091784193;0,728;3,1273079044973739
0,7285;-0,34260798169857054;0,7285;3,1285956060898932
0,729;-0,34074143583659405;0,729;3,1273079044973739
0,7295;-0,34112761773163575;0,7295;3,128273680691283
0,73;-0,34286543630734212;0,73;3,1273079044973739
0,7305;-0,33855307183781153;0,7305;3,128273680691283
0,731;-0,34241489074312559;0,731;3,127951755292993
0,7315;-0,35335671309316941;0,7315;3,127951755292993
0,732;-0,34344470918339814;0,732;3,128273680691283
0,7325;-0,33745888988494049;0,7325;3,1285956060898932
0,733;-0,3592781712150499;0,733;3,127951755292993
0,7335;-0,37620582301160671;0,7335;3,1285956060898932
0,734;-0,35959998961805956;0,734;3,1276298298950231
0,7345;-0,35548071426858641;0,7345;3,1285956060898932
0,735;-0,36996254368606329;0,735;3,127951755292993
0,7355;-0,37601273188243378;0,7355;3,1285956060898932
0,736;-0,36294690117411094;0,736;3,1269859791000454
0,7365;-0,36320435592166866;0,7365;3,127951755292993
0,737;-0,37736436980818994;0,737;3,128273680691283
0,7375;-0,3814836476071321;0,7375;3,128273680691283
0,738;-0,36693744996233618;0,738;3,1285956060898932
0,7385;-0,36738799582033294;0,7385;3,127951755292993
0,739;-0,36951199779654925;0,739;3,1285956060898932
0,7395;-0,36854654233761797;0,7395;3,1289175314888249
0,74;-0,36307562854766656;0,74;3,128273680691283
0,7405;-0,35670362409069117;0,7405;3,1285956060898932
0,741;-0,36082289957481389;0,741;3,1285956060898932
0,7415;-0,36410544755219093;0,7415;3,128273680691283
0,742;-0,35290616740469011;0,742;3,1295613822876494
0,7425;-0,35013852972191783;0,7425;3,1285956060898932
0,743;-0,36243199168435075;0,743;3,1289175314888249
0,7435;-0,37131418138779337;0,7435;3,1292394568880768
0,744;-0,35985744434246503;0,744;3,1292394568880768
0,7445;-0,34872252912522295;0,7445;3,1295613822876494
0,745;-0,36899708821529803;0,745;3,1289175314888249
0,7455;-0,38026073696159601;0,7455;3,1285956060898932
0,746;-0,36256071905612158;0,746;3,1285956060898932
0,7465;-0,35264871272797488;0,7465;3,1295613822876494
0,747;-0,36610072195493726;0,747;3,1295613822876494
0,7475;-0,36468472075480923;0,7475;3,128273680691283
0,748;-0,36178835483218408;0,748;3,129883307687543
0,7485;-0,36062980852634363;0,7485;3,1292394568880768
0,749;-0,35882762545549524;0,749;3,129883307687543
0,7495;-0,36565017611265116;0,7495;3,1295613822876494
0,75;-0,36223890062753056;0,75;3,129883307687543
0,7505;-0,35921380753478088;0,7505;3,1289175314888249
0,751;-0,36313999223461185;0,751;3,1292394568880768
0,7515;-0,36938327040056018;0,7515;3,1292394568880768
0,752;-0,35721853350139882;0,752;3,1295613822876494
0,7525;-0,346276710037004;0,7525;3,1292394568880768
0,753;-0,36256071905612158;0,753;3,129883307687543
0,7535;-0,37517600366786003;0,7535;3,1302052330877568
0,754;-0,35548071426858641;0,754;3,1295613822876494
0,7545;-0,34357343649037742;0,7545;3,129883307687543
0,755;-0,36198144588666403;0,755;3,1292394568880768
0,7555;-0,36552144873014958;0,7555;3,1292394568880768
0,756;-0,34943052941696495;0,756;3,1295613822876494
0,7565;-0,34704907394262485;0,7565;3,129883307687543
0,757;-0,35972871698004028;0,757;3,1302052330877568
0,7575;-0,36758108690401692;0,7575;3,1295613822876494
0,758;-0,35503016855469061;0,758;3,1292394568880768
0,7585;-0,35573816896466659;0,7585;3,1302052330877568
0,759;-0,36526399396649084;0,759;3,1302052330877568
0,7595;-0,36371926542214317;0,7595;3,1292394568880768
0,76;-0,36082289957481389;0,76;3,1289175314888249
0,7605;-0,36320435592166866;0,7605;3,1308490838891485
0,761;-0,36680872257534786;0,761;3,1292394568880768
0,7615;-0,37330945618151312;0,7615;3,1295613822876494
0,762;-0,36680872257534786;0,762;3,1302052330877568
0,7625;-0,36024362643240448;0,7625;3,1302052330877568
0,763;-0,36938327040056018;0,763;3,1289175314888249
0,7635;-0,37408182064703682;0,7635;3,1289175314888249
0,764;-0,3586345344173491;0,764;3,1302052330877568
0,7645;-0,34814325616906799;0,7645;3,129883307687543
0,765;-0,36976945258988059;0,765;3,1305271584882925
0,7655;-0,3824491034092139;0,7655;3,1292394568880768
0,766;-0,36391235648666415;0,766;3,129883307687543
0,7665;-0,35464398651850554;0,7665;3,1295613822876494
0,767;-0,36610072195493726;0,767;3,129883307687543
0,7675;-0,36661563149570747;0,7675;3,1292394568880768
0,768;-0,35760471556407297;0,768;3,1292394568880768
0,7685;-0,3565748967391193;0,7685;3,1295613822876494
0,769;-0,35721853350139882;0,769;3,1305271584882925
0,7695;-0,36030799011444981;0,7695;3,1295613822876494
0,77;-0,36211017325687445;0,77;3,129883307687543
0,7705;-0,35013852972191783;0,7705;3,1292394568880768
0,771;-0,35625307836212211;0,771;3,1295613822876494
0,7715;-0,36610072195493726;0,7715;3,1292394568880768
0,772;-0,3538716224580245;0,772;3,1295613822876494
0,7725;-0,33887489006514027;0,7725;3,129883307687543
0,773;-0,36223890062753056;0,773;3,129883307687543
0,7735;-0,37324509247679033;0,7735;3,1292394568880768
0,774;-0,35406471347165941;0,774;3,1305271584882925
0,7745;-0,34299416361237595;0,7745;3,1289175314888249
0,775;-0,3636549017341929;0,775;3,1308490838891485
0,7755;-0,36565017611265116;0,7755;3,1295613822876494
0,776;-0,35335671309316941;0,776;3,1305271584882925
0,7765;-0,34897998377523792;0,7765;3,1289175314888249
0,777;-0,36867526973067777;0,777;3,129883307687543
0,7775;-0,37395309323498116;0,7775;3,129883307687543
0,778;-0,36133780904229507;0,778;3,1292394568880768
0,7785;-0,35966435329899443;0,7785;3,1295613822876494
0,779;-0,36423417492976773;0,779;3,129883307687543
0,7795;-0,36519963027585617;0,7795;3,1295613822876494
0,78;-0,35985744434246503;0,78;3,1302052330877568
0,7805;-0,35515889590096689;0,7805;3,1308490838891485
0,781;-0,35638180571258971;0,781;3,1295613822876494
0,7815;-0,3675167232093432;0,7815;3,1292394568880768
0,782;-0,35239125805301569;0,782;3,1302052330877568
0,7825;-0,35290616740469011;0,7825;3,1302052330877568
0,783;-0,36378362911020512;0,783;3,129883307687543
0,7835;-0,37285891025083501;0,7835;3,1292394568880768
0,784;-0,35477271386345999;0,784;3,1302052330877568
0,7845;-0,34280107265498722;0,7845;3,129883307687543
0,785;-0,35805526130889359;0,785;3,1305271584882925
0,7855;-0,37594836817293731;0,7855;3,1289175314888249
0,786;-0,35258434905907049;0,786;3,129883307687543
0,7865;-0,34286543630734212;0,7865;3,1289175314888249
0,787;-0,35651053306349895;0,787;3,129883307687543
0,7875;-0,35503016855469061;0,7875;3,1295613822876494
0,788;-0,35457962284619349;0,788;3,1292394568880768
0,7885;-0,34859380180086991;0,7885;3,1295613822876494
0,789;-0,35400034980033784;0,789;3,1295613822876494
0,7895;-0,35818398866555279;0,7895;3,1305271584882925
0,79;-0,35065343904291729;0,79;3,1295613822876494
0,7905;-0,34383089110563364;0,7905;3,1289175314888249
0,791;-0,35959998961805956;0,791;3,1302052330877568
0,7915;-0,35992180802384394;0,7915;3,1295613822876494
0,792;-0,35149016670447697;0,792;3,1305271584882925
0,7925;-0,33494870787457681;0,7925;3,1305271584882925
0,793;-0,35786217027473494;0,793;3,1295613822876494
0,7935;-0,37266581913938773;0,7935;3,1295613822876494
0,794;-0,35013852972191783;0,794;3,1305271584882925
0,7945;-0,33630034432150363;0,7945;3,1302052330877568
0,795;-0,36133780904229507;0,795;3,1295613822876494
0,7955;-0,35766907924157249;0,7955;3,1292394568880768
0,796;-0,34370216379778917;0,796;3,1305271584882925
0,7965;-0,3353348897117539;0,7965;3,1295613822876494
0,797;-0,35149016670447697;0,797;3,129883307687543
0,7975;-0,36391235648666415;0,7975;3,129883307687543
0,798;-0,34878689278756309;0,798;3,129883307687543
0,7985;-0,34608361906304352;0,7985;3,1295613822876494
0,799;-0,35406471347165941;0,799;3,1295613822876494
0,7995;-0,35174762137329574;0,7995;3,129883307687543
0,8;-0,35058907537740958;0,8;3,1292394568880768
0,8005;-0,34531125517697137;0,8005;3,129883307687543
0,801;-0,35406471347165941;0,801;3,1305271584882925
0,8015;-0,35773344291918269;0,8015;3,1295613822876494
0,802;-0,34447452765134889;0,802;3,129883307687543
0,8025;-0,34125634503084451;0,8025;3,1295613822876494
0,803;-0,34917307476389464;0,803;3,1302052330877568
0,8035;-0,35721853350139882;0,8035;3,1292394568880768
0,804;-0,34466761861717476;0,804;3,129883307687543
0,8045;-0,33340398056422232;0,8045;3,1302052330877568
0,805;-0,35290616740469011;0,805;3,1302052330877568
0,8055;-0,36571453980406998;0,8055;3,1302052330877568
0,806;-0,34659852832911064;0,806;3,129883307687543
0,8065;-0,34254361804664757;0,8065;3,129883307687543
0,807;-0,35490144120885503;0,807;3,129883307687543
0,8075;-0,35219816704794832;0,8075;3,129883307687543
0,808;-0,3485294381388569;0,808;3,1302052330877568
0,8085;-0,34859380180086991;0,8085;3,129883307687543
0,809;-0,34820761983042708;0,809;3,1292394568880768
0,8095;-0,35168325770592668;0,8095;3,1305271584882925
0,81;-0,35129707570401325;0,81;3,1295613822876494
0,8105;-0,34202870883514952;0,8105;3,1305271584882925
0,811;-0,35078216637426091;0,811;3,1305271584882925
0,8115;-0,35760471556407297;0,8115;3,1295613822876494
0,812;-0,34531125517697137;0,812;3,1292394568880768
0,8125;-0,32941343529557093;0,8125;3,1305271584882925
0,813;-0,35503016855469061;0,813;3,129883307687543
0,8135;-0,36236762799863259;0,8135;3,1305271584882925
0,814;-0,34576180077528096;0,814;3,129883307687543
0,8145;-0,3325672532966969;0,8145;3,1305271584882925
0,815;-0,35348544043372376;0,815;3,129883307687543
0,8155;-0,35612435101209611;0,8155;3,1302052330877568
0,816;-0,33823125361316392;0,816;3,1302052330877568
0,8165;-0,33140870787897403;0,8165;3,129883307687543
0,817;-0,34878689278756309;0,817;3,1295613822876494
0,8175;-0,35715416982467352;0,8175;3,1302052330877568
0,818;-0,34511816420789421;0,818;3,1292394568880768
0,8185;-0,33938979923444684;0,8185;3,129883307687543
0,819;-0,34904434743801444;0,819;3,1295613822876494
0,8195;-0,34782143786390696;0,8195;3,129883307687543
0,82;-0,34402398206821178;0,82;3,129883307687543
0,8205;-0,33893925371092798;0,8205;3,1302052330877568
0,821;-0,34486070958397574;0,821;3,1302052330877568
0,8215;-0,35503016855469061;0,8215;3,1295613822876494
0,822;-0,34048398124205242;0,822;3,1295613822876494
0,8225;-0,34080579948549844;0,8225;3,1305271584882925
0,823;-0,3477570742032014;0,823;3,1289175314888249
0,8235;-0,35258434905907049;0,8235;3,1292394568880768
0,824;-0,34344470918339814;0,824;3,129883307687543
0,8245;-0,33192361694927436;;
