Timestamp,23.07.2020 14:10:55,Timestamp,23.07.2020 14:10:55
Interval,0.0005,Interval,0.0005
Channel name,"F",Channel name,"x"
Unit,"V",Unit,"V"
0,-0.33294803005513596,0,-1.911143810125578
0.0005,-0.34421030977566358,0.0005,-1.9108218827351462
0.001,-0.33584404475725971,0.001,-1.9098561005673016
0.0015,-0.33745294183881447,0.0015,-1.9117876649081664
0.002,-0.3364876035877517,0.002,-1.90953417317917
0.0025,-0.33857916980647085,0.0025,-1.9108218827351462
0.003,-0.33713116242108326,0.003,-1.9104999553452897
0.0035,-0.3360049344646166,0.0035,-1.9108218827351462
0.004,-0.33809650067640878,0.004,-1.9104999553452897
0.0045,-0.33697027271248409,0.0045,-1.9104999553452897
0.005,-0.33729205212986008,0.005,-1.9108218827351462
0.0055,-0.33777472125725622,0.0055,-1.90953417317917
0.006,-0.33568315505008017,0.006,-1.911143810125578
0.0065,-0.33680938300406243,0.0065,-1.9108218827351462
0.007,-0.33616582417215091,0.007,-1.9108218827351462
0.0075,-0.32409909659739389,0.0075,-1.9104999553452897
0.008,-0.34018806691824194,0.008,-1.9104999553452897
0.0085,-0.33970539778284153,0.0085,-1.9104999553452897
0.009,-0.33970539778284153,0.009,-1.9104999553452897
0.0095,-0.33085646391702317,0.0095,-1.9124315196930557
0.01,-0.33439603739902529,0.01,-1.9101780279560081
0.0105,-0.33536137563625307,0.0105,-1.9114657375165847
0.011,-0.34517564807806045,0.011,-1.9101780279560081
0.0115,-0.33230447124022866,0.0115,-1.9108218827351462
0.012,-0.33552226534307794,0.012,-1.9104999553452897
0.0125,-0.33874005951684716,0.0125,-1.9104999553452897
0.013,-0.3422796331901789,0.013,-1.9108218827351462
0.0135,-0.33745294183881447,0.0135,-1.9101780279560081
0.014,-0.33809650067640878,0.014,-1.911143810125578
0.0145,-0.33841828009627234,0.0145,-1.9101780279560081
0.015,-0.34083162576793635,0.015,-1.9104999553452897
0.0155,-0.32828222871104973,0.0155,-1.9108218827351462
0.016,-0.34018806691824194,0.016,-1.911143810125578
0.0165,-0.33777472125725622,0.0165,-1.9098561005673016
0.017,-0.34179696404782589,0.017,-1.9108218827351462
0.0175,-0.34517564807806045,0.0175,-1.9104999553452897
0.018,-0.32796044931347368,0.018,-1.90953417317917
0.0185,-0.33536137563625307,0.0185,-1.911143810125578
0.019,-0.34002717720626369,0.019,-1.9098561005673016
0.0195,-0.33568315505008017,0.0195,-1.9104999553452897
0.02,-0.33520048592960544,0.02,-1.9108218827351462
0.0205,-0.34292319204914862,0.0205,-1.9104999553452897
0.021,-0.33552226534307794,0.021,-1.9104999553452897
0.0215,-0.33552226534307794,0.0215,-1.9108218827351462
0.022,-0.3360049344646166,0.022,-1.9108218827351462
0.0225,-0.33809650067640878,0.0225,-1.9104999553452897
0.023,-0.33697027271248409,0.023,-1.9101780279560081
0.0235,-0.33729205212986008,0.0235,-1.9114657375165847
0.024,-0.33729205212986008,0.024,-1.911143810125578
0.0245,-0.33777472125725622,0.0245,-1.9114657375165847
0.025,-0.33664849329581831,0.025,-1.9104999553452897
0.0255,-0.33214358153694373,0.0255,-1.9104999553452897
0.026,-0.33536137563625307,0.026,-1.9108218827351462
0.0265,-0.34002717720626369,0.0265,-1.9104999553452897
0.027,-0.34018806691824194,0.027,-1.9104999553452897
0.0275,-0.32683422142749857,0.0275,-1.911143810125578
0.028,-0.34018806691824194,0.028,-1.9104999553452897
0.0285,-0.34179696404782589,0.0285,-1.9101780279560081
0.029,-0.33841828009627234,0.029,-1.9108218827351462
0.0295,-0.3319826918338355,0.0295,-1.9108218827351462
0.03,-0.33841828009627234,0.03,-1.9104999553452897
0.0305,-0.33005201541030904,0.0305,-1.90953417317917
0.031,-0.34662365554374119,0.031,-1.9104999553452897
0.0315,-0.33407425798803309,0.0315,-1.9104999553452897
0.032,-0.33326980946365053,0.032,-1.9101780279560081
0.0325,-0.33793561096674363,0.0325,-1.911143810125578
0.033,-0.34244052290465349,0.033,-1.9104999553452897
0.0335,-0.33664849329581831,0.0335,-1.9101780279560081
0.034,-0.33809650067640878,0.034,-1.9104999553452897
0.0345,-0.3360049344646166,0.0345,-1.9108218827351462
0.035,-0.33857916980647085,0.035,-1.9108218827351462
0.0355,-0.33375247857774915,0.0355,-1.911143810125578
0.036,-0.33697027271248409,0.036,-1.911143810125578
0.0365,-0.33825739038625163,0.0365,-1.911143810125578
0.037,-0.34453208920908018,0.037,-1.90953417317917
0.0375,-0.34565831723167517,0.0375,-1.9108218827351462
0.038,-0.33793561096674363,0.038,-1.9108218827351462
0.0385,-0.34018806691824194,0.0385,-1.9098561005673016
0.039,-0.34324497147970512,0.039,-1.9108218827351462
0.0395,-0.34517564807806045,0.0395,-1.9108218827351462
0.04,-0.33697027271248409,0.04,-1.9104999553452897
0.0405,-0.35322013418257642,0.0405,-1.9092122457916127
0.041,-0.34308408176433758,0.041,-1.911143810125578
0.0415,-0.34726721442203695,0.0415,-1.9108218827351462
0.042,-0.34646276582461549,0.042,-1.9104999553452897
0.0425,-0.35064589858022133,0.0425,-1.9104999553452897
0.043,-0.34517564807806045,0.043,-1.9101780279560081
0.0435,-0.3487152219086993,0.0435,-1.911143810125578
0.044,-0.35338102390925619,0.044,-1.9101780279560081
0.0445,-0.35112856775214962,0.0445,-1.911143810125578
0.045,-0.35241568555188368,0.045,-1.9101780279560081
0.0455,-0.34887611163033738,0.0455,-1.9104999553452897
0.046,-0.35450725200106942,0.046,-1.9104999553452897
0.0465,-0.35772504659792265,0.0465,-1.9108218827351462
0.047,-0.36576953340773649,0.047,-1.9117876649081664
0.0475,-0.35305924445607711,0.0475,-1.911143810125578
0.048,-0.36866554877088037,0.048,-1.911143810125578
0.0485,-0.36995266672909727,0.0485,-1.9098561005673016
0.049,-0.37671003620266663,0.049,-1.911143810125578
0.0495,-0.37880160301038857,0.0495,-1.9104999553452897
0.05,-0.383950075285798,0.05,-1.911143810125578
0.0505,-0.38121494936584316,0.0505,-1.9108218827351462
0.051,-0.40164795019025762,0.051,-1.9104999553452897
0.0515,-0.39376435108890628,0.0515,-1.9108218827351462
0.052,-0.39987816259750064,0.052,-1.9101780279560081
0.0525,-0.40470485608619411,0.0525,-1.9108218827351462
0.053,-0.41468002317109098,0.053,-1.9101780279560081
0.0535,-0.41371468438889869,0.0535,-1.9114657375165847
0.054,-0.41693248035634206,0.054,-1.9098561005673016
0.0545,-0.42127650503411046,0.0545,-1.9098561005673016
0.055,-0.43318235116845327,0.055,-1.9104999553452897
0.0555,-0.42948188536442533,0.0555,-1.9104999553452897
0.056,-0.44460552886676746,0.056,-1.9104999553452897
0.0565,-0.44750154590517205,0.0565,-1.9108218827351462
0.057,-0.45731582634480028,0.057,-1.9117876649081664
0.0575,-0.46117718278590797,0.0575,-1.9098561005673016
0.058,-0.46439497990798606,0.058,-1.9104999553452897
0.0585,-0.47050879466074874,0.0585,-1.911143810125578
0.059,-0.48498888339537333,0.059,-1.9101780279560081
0.0595,-0.48386265421261515,0.0595,-1.9114657375165847
0.06,-0.48836757100362355,0.06,-1.9104999553452897
0.0605,-0.51153571704602785,0.0605,-1.911143810125578
0.061,-0.51008770779254931,0.061,-1.9104999553452897
0.0615,-0.51877576356726496,0.0615,-1.9108218827351462
0.062,-0.52746381995396063,0.062,-1.9101780279560081
0.0625,-0.53776077647018428,0.0625,-1.9098561005673016
0.063,-0.54274836509626845,0.063,-1.9098561005673016
0.0635,-0.55288443293906009,0.0635,-1.9098561005673016
0.064,-0.5630205016388854,0.064,-1.9092122457916127
0.0645,-0.57203034120843943,0.0645,-1.90953417317917
0.065,-0.58248819157168563,0.065,-1.9088903184046306
0.0655,-0.59214159273628619,0.0655,-1.9092122457916127
0.066,-0.5960029534264728,0.066,-1.9088903184046306
0.0665,-0.60983949696004269,0.0665,-1.9088903184046306
0.067,-0.62222803154188711,0.067,-1.9088903184046306
0.0675,-0.62608939324602886,0.0675,-1.90953417317917
0.068,-0.64555709385425342,0.068,-1.9069587540948043
0.0685,-0.65971542370360781,0.0685,-1.9088903184046306
0.069,-0.67178218353312891,0.069,-1.9069587540948043
0.0695,-0.68384894469613278,0.0695,-1.9079245362471322
0.07,-0.7021904242448942,0.07,-1.9072806814783392
0.0705,-0.70959137302288833,0.0705,-1.9076026088624485
0.071,-0.73259867361786279,0.071,-1.9072806814783392
0.0715,-0.7406431855071145,0.0715,-1.9063148993294576
0.072,-0.75528419874745889,0.072,-1.9072806814783392
0.0725,-0.77233856845025695,0.0725,-1.9059929719476458
0.073,-0.78697958623366249,0.073,-1.9066368267118439
0.0735,-0.79663300571769868,0.0735,-1.9053491171857442
0.074,-0.81175669812151108,0.074,-1.905671044566408
0.0745,-0.82913285821013538,0.0745,-1.9050271898056548
0.075,-0.83653381622156164,0.075,-1.9043833350471975
0.0755,-0.84666991180443674,0.0755,-1.9047052624261391
0.076,-0.85809313191186654,0.076,-1.9034175529138162
0.0765,-0.87144703883530683,0.0765,-1.9040614076688298
0.077,-0.87852621916964546,0.077,-1.9034175529138162
0.0775,-0.88737519533329756,0.0775,-1.9047052624261391
0.078,-0.89075389554255102,0.078,-1.9030956255371698
0.0785,-0.90040732538338542,0.0785,-1.902773698161097
0.079,-0.90877363205387429,0.079,-1.9021298434106726
0.0795,-0.90426869759929207,0.0795,-1.901164061289337
0.08,-0.91665726787645185,0.08,-1.9021298434106726
0.0805,-0.92566713821308633,0.0805,-1.9005202065446465
0.081,-0.92470179492049331,0.081,-1.9008421339167052
0.0815,-0.92952851148510762,0.0815,-1.8989105696929505
0.082,-0.93789482080063813,0.082,-1.9001982791731611
0.0825,-0.94593934971371751,0.0825,-1.899876351802249
0.083,-0.94529578737442588,0.083,-1.8992324970621435
0.0835,-0.94851359911662869,0.0835,-1.8979447875888085
0.084,-0.95816703503114586,0.084,-1.8966570781246377
0.0845,-0.95945415989793936,0.0845,-1.8973009328555781
0.085,-0.96428087831280329,0.085,-1.8956912960325214
0.0855,-0.9658897845088632,0.0855,-1.8956912960325214
0.086,-0.96910759698781201,0.086,-1.8944035865843789
0.0865,-0.99678078911764623,0.0865,-1.8940816592237735
0.087,-1.0056297768066047,0.087,-1.8927939497870727
0.0875,-0.98551844243911813,0.0875,-1.8921500950721537
0.088,-0.98937981828105137,0.088,-1.891828167715552
0.0885,-1.0027337443735675,0.0885,-1.8915062403595218
0.089,-1.0099738256362749,0.089,-1.889574676235342
0.0895,-1.012065404779642,0.0895,-1.8879650394809024
0.09,-1.0201099404156231,0.09,-1.8879650394809024
0.0905,-1.0326594175015547,0.0905,-1.8866773300876289
0.091,-1.0427955349465783,0.091,-1.8850676933588786
0.0915,-1.0492311656941395,0.0915,-1.8841019113284743
0.092,-1.0600108482874446,0.092,-1.8837799839861471
0.0925,-1.0751345843929978,0.0925,-1.8834580566443897
0.093,-1.0767434926494681,0.093,-1.8812045652680516
0.0935,-1.094119703794483,0.0935,-1.8802387832581686
0.094,-1.1058647374616168,0.094,-1.8779852919217088
0.0945,-1.1180924455244459,0.0945,-1.8776633645902061
0.095,-1.1282285733297048,0.095,-1.8763756552698865
0.0955,-1.1420651942785058,0.0955,-1.8754098732856201
0.096,-1.156223599564858,0.096,-1.8741221639812278
0.0965,-1.1629810211507474,0.0965,-1.8728344546859319
0.097,-1.1711864624173327,0.097,-1.8734783093324432
0.0975,-1.1732780456206775,0.0975,-1.8699371088047552
0.098,-1.2003077412304437,0.098,-1.8699371088047552
0.0985,-1.1990206126573082,0.0985,-1.8676836175956377
0.099,-1.2017557609005427,0.099,-1.8647862717961921
0.0995,-1.2044909092395104,0.0995,-1.8647862717961921
0.1,-1.2093176418363598,0.1,-1.86414241718033
0.1005,-1.212535463733845,0.1005,-1.8618889260426621
0.101,-1.2202582368319821,0.101,-1.8586696530369853
0.1015,-1.2152706124514812,0.1015,-1.8589915803350061
0.102,-1.2081914042036825,0.102,-1.8560942346731828
0.1025,-1.2200973457179198,0.1025,-1.8554503800878863
0.103,-1.2173621968300237,0.103,-1.8528749617693041
0.1035,-1.215592394659893,0.1035,-1.8522311071953075
0.104,-1.2157532857645992,0.104,-1.8499776162041011
0.1045,-1.2073869487617426,0.1045,-1.8477241252405419
0.105,-1.2188102168174642,0.105,-1.8480460525193583
0.1055,-1.2141443747325493,0.1055,-1.8448267797565587
0.106,-1.215592394659893,0.106,-1.8425732888561195
0.1065,-1.2300725954234688,0.1065,-1.8409636525155513
0.107,-1.236508241080392,0.107,-1.8390320889254359
0.1075,-1.2311988333745372,0.1075,-1.8383882343998965
0.108,-1.2379562614275383,0.108,-1.8367785980958844
0.1085,-1.2480924046246111,0.1085,-1.8338812527840562
0.109,-1.2717434106701888,0.109,-1.832271616519358
0.1095,-1.2836493620964751,0.1095,-1.8296961985250142
0.11,-1.3007038363603987,0.11,-1.822935726460496
0.1105,-1.3163102926582342,0.1105,-1.8255111443607175
0.111,-1.3240330763781296,0.111,-1.822935726460496
0.1115,-1.3185627711593784,0.1115,-1.8206822358271728
0.112,-1.3344910139624322,0.112,-1.8164971818665168
0.1125,-1.3517063914086545,0.1125,-1.8155314001966918
0.113,-1.3597509617114092,0.113,-1.8135998368721089
0.1135,-1.3803450657884917,0.1135,-1.8113463463521398
0.114,-1.371335144526503,0.114,-1.8081270742281261
0.1145,-1.3782534768228278,0.1145,-1.8065174381870026
0.115,-1.3914465774808278,0.115,-1.8036200933480353
0.1155,-1.4052832466614,0.1155,-1.8023323845451746
0.116,-1.4229813158557132,0.116,-1.7968596222321762
0.1165,-1.4297387616379824,0.1165,-1.7965376950422898
0.117,-1.4268427133654014,0.117,-1.7936403503582683
0.1175,-1.4339219426888541,0.1175,-1.7917087872605293
0.118,-1.4406793895339749,0.118,-1.78237289923566
0.1185,-1.4532289354255281,0.1185,-1.7855921709158427
0.119,-1.4416447391370442,0.119,-1.7843044622371393
0.1195,-1.4466323789674651,0.1195,-1.7794755547707115
0.12,-1.4472759454234134,0.12,-1.7759343560409018
0.1205,-1.4595037092281871,0.1205,-1.7743247202766719
0.121,-1.4559640931665412,0.121,-1.7711054487895139
0.1215,-1.4776844673365959,0.1215,-1.7678861773573769
0.122,-1.5050360594926513,0.122,-1.7662765416619237
0.1225,-1.5291698265166178,0.1225,-1.762091488918001
0.123,-1.5142068899356684,0.123,-1.7591941447649901
0.1235,-1.5006919823514735,0.1235,-1.7566187277773633
0.124,-1.4850854853001094,0.124,-1.7521117481333344
0.1245,-1.5124370804542349,0.1245,-1.7495363312420211
0.125,-1.5349619319026004,0.125,-1.7463170601770497
0.1255,-1.5681056558291304,0.1255,-1.7418100807777728
0.126,-1.5854819838159617,0.126,-1.7389127369346553
0.1265,-1.6158905690258993,0.1265,-1.7366592473093909
0.127,-1.6202346538033876,0.127,-1.7350496118790972
0.1275,-1.6184648414509695,0.1275,-1.7295768515177472
0.128,-1.6342322623229921,0.128,-1.7234602371818737
0.1285,-1.6509650397807916,0.1285,-1.721528674800668
0.129,-1.6704329883827944,0.129,-1.7170216959869631
0.1295,-1.6797647344896096,0.1295,-1.7144462795695716
0.13,-1.6908662963373273,0.13,-1.7102612279650269
0.1305,-1.6733290473698921,0.1305,-1.7051103953460984
0.131,-1.6823390095238573,0.131,-1.7031788331495528
0.1315,-1.6792820579325538,0.1315,-1.699637635839526
0.132,-1.7080817657523661,0.132,-1.693521022457172
0.1325,-1.7288368708083079,0.1325,-1.6903017523337394
0.133,-1.7553841085205304,0.133,-1.6857947742509434
0.1335,-1.7642331903509878,0.1335,-1.6822535772594664
0.134,-1.7713124567543324,0.134,-1.6767808183998034
0.1345,-1.7658421144601704,0.1345,-1.6745273295024148
0.135,-1.7462132432676256,0.135,-1.6680887899394454
0.1355,-1.7857927770080524,0.1355,-1.66519144720555
0.136,-1.7857927770080524,0.136,-1.6584309809937752
0.1365,-1.7816095730181529,0.1365,-1.6561774923085013
0.137,-1.7822531428436303,0.137,-1.6497389533506941
0.1375,-1.8020429183790174,0.1375,-1.6468416108886956
0.138,-1.7931938309417197,0.138,-1.645875830077538
0.1385,-1.7981814982437434,0.1385,-1.637505729913044
0.139,-1.7832184975948804,0.139,-1.6323548992195429
0.1395,-1.7832184975948804,0.1395,-1.6284917762877227
0.14,-1.7980206057435755,0.14,-1.6275259955665808
0.1405,-1.8062261238102411,0.1405,-1.6185120423967676
0.141,-1.8013993483389648,0.141,-1.6140050659657281
0.1415,-1.8149143206540008,0.1415,-1.6101419433920345
0.142,-1.8123400399740741,0.142,-1.6037034059360762
0.1425,-1.8377610666403479,0.1425,-1.598552576121224
0.143,-1.8781451255242922,0.143,-1.5927578927384836
0.1435,-1.8519196179398194,0.1435,-1.5888947705766763
0.144,-1.8668826361422746,0.144,-1.5808465996456249
0.1445,-1.8705831681243779,0.1445,-1.5779492581895016
0.145,-1.8660781726993789,0.145,-1.572154575402573
0.1455,-1.8707440608246511,0.1455,-1.5670037463986863
0.146,-1.9050142162883372,0.146,-1.5621748443270371
0.1465,-1.9296308195910739,0.1465,-1.5560582352019814
0.147,-1.951834039659075,0.147,-1.5496196994805389
0.1475,-1.9769333425672306,0.1475,-1.5438250175059631
0.148,-1.9569826136893389,0.148,-1.5412496033480814
0.1485,-1.9436285007812131,0.1485,-1.5315918005461204
0.149,-1.9619702952356903,0.149,-1.5248313388566821
0.1495,-1.9753244125523959,0.1495,-1.5219339982010376
0.15,-1.9629356530060795,0.15,-1.5180708773905844
0.1505,-1.9830472770515983,0.1505,-1.5084130756825358
0.151,-2.0081465941708387,0.151,-1.498755274427658
0.1515,-1.9949533619444146,0.1515,-1.4971456409291282
0.152,-2.0058940908823288,0.152,-1.4884536202535426
0.1525,-1.9738763755791229,0.1525,-1.4845905000703432
0.153,-1.9901265704606337,0.153,-1.4758984799208703
0.1535,-2.0025153361237984,0.1535,-1.4701038000228774
0.154,-1.993827110560213,0.154,-1.4643091202858201
0.1545,-1.9915746078611882,0.1545,-1.4585144407093644
0.155,-2.0044460531030825,0.155,-1.4507882015233384
0.1555,-1.9980103301039167,0.1555,-1.4440277424686678
0.156,-1.9740372685742789,0.156,-1.438554990059568
0.1565,-1.9927008591991409,0.1565,-1.4301848984142005
0.157,-2.0153867839428683,0.157,-1.4214928805173974
0.1575,-1.9857824584879735,0.1575,-1.4179516881429934
0.158,-1.9748417335570871,0.158,-1.4140885692563627
0.1585,-2.011042669964183,0.1585,-1.4041088457900839
0.159,-2.0157085701773045,0.159,-1.4005676537044913
0.1595,-2.0126516010269868,0.1595,-1.3918756370154464
0.16,-2.0391989704478184,0.16,-1.3844713267802162
0.1605,-2.0153867839428683,0.1605,-1.3761012372557619
0.161,-2.0009064053598231,0.161,-1.3657995890556205
0.1615,-2.0422559410966854,0.1615,-1.3603268386485745
0.162,-2.0536793592691431,0.162,-1.3522786765357238
0.1625,-2.0583452631656307,0.1625,-1.3468059264688905
0.163,-2.0728256571607613,0.163,-1.337148132567862
0.1635,-2.0758826297290249,0.1635,-1.3310315299841957
0.164,-2.0723429772976072,0.164,-1.3239491482580583
0.1645,-2.1011428834816859,0.1645,-1.3165448403334208
0.165,-2.0984076961871758,0.165,-1.3068870477613257
0.1655,-2.0987294829203447,0.1655,-1.3020581516332255
0.166,-2.1165886496949811,0.166,-1.292722286083243
0.1665,-2.1156232891735738,0.1665,-1.2837083473027713
0.167,-2.102751817250629,0.167,-1.2740505561555522
0.1675,-2.1185193707911374,0.1675,-1.2695435870958667
0.168,-2.1116009538589391,0.168,-1.2589200175267423
0.1685,-2.153272362738794,0.1685,-1.2531253434272058
0.169,-2.0942244688344847,0.169,-1.2418579219916301
0.1695,-2.081835682076794,0.1695,-1.2360632483282141
0.17,-2.0972814426365387,0.17,-1.2280150907069125
0.1705,-2.1265640427916805,0.1705,-1.2170695967968193
0.171,-2.0620458079243558,0.171,-1.2119187763140797
0.1715,-2.0474045236344458,0.1715,-1.1990417256116455
0.172,-2.0454738051250501,0.172,-1.1926032005297798
0.1725,-2.0181219669962731,0.1725,-1.1829454132423838
0.173,-2.0250403718049883,0.173,-1.1742534050267202
0.1735,-2.0454738051250501,0.1735,-1.1655613971348289
0.174,-2.014260532137329,0.174,-1.1568693895655842
0.1745,-2.0178001807475536,0.1745,-1.1472116037545772
0.175,-2.0129733872452515,0.175,-1.1372318921652349
0.1755,-2.0326023501642054,0.1755,-1.1298275902901185
0.176,-2.0604368753891129,0.176,-1.1221013624925456
0.1765,-2.0976032293628397,0.1765,-1.1121216519579544
0.177,-2.1066132584966333,0.177,-1.1027857940927388
0.1775,-2.1194847313658989,0.1775,-1.0944157149358866
0.178,-2.1135316747714854,0.178,-1.0850798577576162
0.1785,-2.1333215682295279,0.1785,-1.0741343704899577
0.179,-2.0673552856343207,0.179,-1.0693054792051562
0.1795,-2.1436187515350364,0.1795,-1.056106510181247
0.18,-2.1276902969705507,0.18,-1.0448390981627818
0.1805,-2.1547204045745705,0.1805,-1.0374347991174093
0.181,-2.1383092661385463,0.181,-1.027777018087527
0.1815,-2.1757974625633816,0.1815,-1.0181192374339338
0.182,-2.1132098879477956,0.182,-1.0091053091620472
0.1825,-2.1317126335220569,0.1825,-0.99880367724943575
0.183,-2.1144970352543937,0.183,-0.98689241587748744
0.1835,-2.1048434312237219,0.1835,-0.97948811855155671
0.184,-2.0837664019004567,0.184,-0.96822070999274124
0.1845,-2.1206109853922817,0.1845,-0.95952870944572932
0.185,-2.0409687955391838,0.185,-0.94954900547887255
0.1855,-1.9949533619444146,0.1855,-0.93828159824111457
0.186,-1.9920572870031947,0.186,-0.92830189509919336
0.1865,-2.0173175013780464,0.1865,-0.91800026645307153
0.187,-1.965831726418044,0.187,-0.90737671233922401
0.1875,-1.835508570160433,0.1875,-0.89449967762869942
0.188,-1.9410542143228378,0.188,-0.88741730880713354
0.1885,-1.8662390653870595,0.1885,-0.87614990425565609
0.189,-1.8100875444714948,0.189,-0.86327287106912143
0.1895,-1.8924645795056572,0.1895,-0.8542589482089612
0.19,-1.8980958264374799,0.19,-0.84588887725355266
0.1905,-1.8150752132002372,0.1905,-0.83268991973795004
0.191,-1.8670435288322018,0.191,-0.8207786659479952
0.1915,-1.8541721150559807,0.1915,-0.81047704146964528
0.192,-1.8734792367981901,0.192,-0.79985349163331676
0.1925,-1.8784669109676662,0.1925,-0.78890801647442566
0.193,-1.8630212117187916,0.193,-0.77667483886944233
0.1935,-1.8306817922820555,0.1935,-0.76637321604155573
0.194,-1.8791104818598325,0.194,-0.75607159359422804
0.1945,-1.9803120957510858,0.1945,-0.74480419447599677
0.195,-1.9161158203710442,0.195,-0.73257101880055631
0.1955,-1.9135415351724177,0.1955,-0.72098169496352715
0.196,-1.855298363646926,0.196,-0.71035814852690893
0.1965,-1.8956824348270893,0.1965,-0.6984468999601946
0.197,-1.8874769041162529,0.197,-0.68717950312045906
0.1975,-1.8747663784778519,0.1975,-0.67398055309367588
0.198,-1.8321298256036669,0.198,-0.66625433872117479
0.1985,-1.8507933694145844,0.1985,-0.65144576174289648
0.199,-1.8433923082212873,0.199,-0.63695911107025083
0.1995,-1.8025255959136557,0.1995,-0.62601364214164423
0.2,-1.8100875444714948,0.2,-0.61506817361381494
0.2005,-1.7994686382608307,0.2005,-0.60283500337775175
0.201,-1.8273030480044818,0.201,-0.5902799081235065
0.2015,-1.8820065509640334,0.2015,-0.57901251538746157
0.202,-1.9291481409916369,0.202,-0.56388201722202647
0.2025,-1.7560276780643183,0.2025,-0.55229269998006436
0.203,-1.8266594776880263,0.203,-0.53973760678906479
0.2035,-1.7172526252578897,0.2035,-0.52653866320856002
0.204,-1.6852350690648921,0.204,-0.51366164561427097
0.2045,-1.7330200711312105,0.2045,-0.50207233022647479
0.205,-1.7919066910609185,0.205,-0.48983916444022629
0.2055,-1.7397775491839835,0.2055,-0.47599637213829149
0.206,-1.6733290473698921,0.206,-0.4656947596467213
0.2065,-1.8295555441678353,0.2065,-0.45378352060940336
0.207,-1.611707376556162,0.207,-0.44251613272917145
0.2075,-1.6466209528993674,0.2075,-0.42931719313005812
0.208,-1.6551482348387332,0.208,-0.41483055270969893
0.2085,-1.5885389308871569,0.2085,-0.40324124082441631
0.209,-1.592400337920354,0.209,-0.38939845214948832
0.2095,-1.4799369509793072,0.2095,-0.37813106643477401
0.21,-1.4064094872954507,0.21,-0.36267865234266705
0.2105,-1.3497756946692692,0.2105,-0.35302089388637364
0.211,-1.5169420501354072,0.211,-0.33789040617713956
0.2115,-1.442127413943626,0.2115,-0.32597917163147738
0.212,-1.5304569610031713,0.212,-0.31406793748743572
0.2125,-1.516781158355855,0.2125,-0.30215670374211623
0.213,-1.5673011963123615,0.213,-0.29024547039262077
0.2135,-1.4871770774795039,0.2135,-0.27511498535269946
0.214,-1.4773626839651521,0.214,-0.26352567808764576
0.2145,-1.3940208413094952,0.2145,-0.25000482007391694
0.215,-1.4614344089750775,0.215,-0.23680588772721337
0.2155,-1.3414093427262848,0.2155,-0.22425080617187446
0.216,-1.3031172056757974,0.216,-0.20976417412809878
0.2165,-1.2482532957973143,0.2165,-0.19946256945547905
0.217,-1.2785008423290778,0.217,-0.1830443875810456
0.2175,-1.2978077932855177,0.2175,-0.17081123291246461
0.218,-1.4014218503384208,0.218,-0.15632460287999442
0.2185,-1.4712488001964446,0.2185,-0.14409144904565313
0.219,-1.4693181001727782,0.219,-0.13282407084757536
0.2195,-1.4586992510163439,0.2195,-0.11865936727704443
0.22,-1.4780062507095606,0.22,-0.10159733863512227
0.2205,-1.3761618879184474,0.2205,-0.09065188667423954
0.221,-1.3724613846221692,0.221,-0.079706435004140097
0.2215,-1.3861371586291482,0.2215,-0.063288258039290335
0.222,-1.4068921618584151,0.222,-0.050733181970081913
0.2225,-1.3280553598874767,0.2225,-0.036568481209983135
0.223,-1.4379442323983205,0.223,-0.023369555923372545
0.2235,-1.2945899677791184,0.2235,-0.010170631039503428
0.224,-1.4455061376839837,0.224,0.0039940683923391394
0.2245,-1.3788970426518863,0.2245,0.017514917426031895
0.225,-1.4438972215965611,0.225,0.031679615974236547
0.2255,-1.2859018396060073,0.2255,0.044878539220900203
0.226,-1.3417311254754931,0.226,0.059365161856529597
0.2265,-1.1579934004012149,0.2265,0.073529859104348422
0.227,-1.215592394659893,0.227,0.086728781152249801
0.2275,-1.0352336694375492,0.2275,0.10153732740007698
0.228,-1.1843795266242836,0.228,0.11602394828433918
0.2285,-0.92679337206728496,0.2285,0.12825709446986164
0.229,-1.1095652278674903,0.229,0.14821643758848896
0.2295,-1.124045409320926,0.2295,0.15497686007479961
0.23,-0.985196661126576,0.23,0.16914155451137125
0.2305,-1.0315331823038107,0.2305,0.18330624855034822
0.231,-1.0131916397238174,0.231,0.19908056644995603
0.2315,-0.91166966146164852,0.2315,0.21356718450592477
0.232,-0.79727656704975058,0.232,0.22869765182641505
0.2325,-0.92759782482875486,0.2325,0.24093079530259612
0.233,-0.84827881596289967,0.233,0.25638318666482945
0.2335,-0.80934334279610531,0.2335,0.27022595355517565
0.234,-0.78826670877783134,0.234,0.28374679529956953
0.2345,-0.83701648741576617,0.2345,0.29694571192571528
0.235,-0.61901023022221857,0.235,0.31207617694892642
0.2355,-0.91134788041186821,0.2355,0.32463124336825699
0.236,-0.79196718618426143,0.236,0.339439782900259
0.2365,-0.91215233303841692,0.2365,0.35392639730126629
0.237,-0.80548197439780356,0.237,0.3674472370935617
0.2375,-0.90523404067830793,0.2375,0.38064615183939932
0.238,-0.70251220461585739,0.238,0.39609853947643747
0.2385,-0.7753954840760946,0.2385,0.41122900200256146
0.239,-0.82189279113292957,0.239,0.4266813888931863
0.2395,-0.8061255357870768,0.2395,0.43859260353674812
0.24,-0.8030686192251818,0.24,0.44857226969362873
0.2405,-0.9720036283180078,0.2405,0.46595620393314791
0.241,-0.55883736207114365,0.241,0.48076474015618587
0.2415,-0.92035775022937316,0.2415,0.49557327606185808
0.242,-0.70170775369026783,0.242,0.50780641418330064
0.2425,-0.91907062591584798,0.2425,0.52325879887955384
0.243,-0.50139965262531094,0.243,0.53710155989109398
0.2435,-0.90217712096246339,0.2435,0.55158816997494109
0.244,-0.55433244270068271,0.244,0.56543093046170245
0.2445,-0.74241297820626606,0.2445,0.57927369069896717
0.245,-0.67467820609018136,0.245,0.59279452604304816
0.2455,-0.62303248188606142,0.2455,0.60760305972821493
0.246,-0.67162129339332399,0.246,0.62015812068461951
0.2465,-0.69848995004846959,0.2465,0.63528857850754705
0.247,-0.41371468438889869,0.247,0.65041903605982798
0.2475,-0.63204232613174904,0.2475,0.66361794562309584
0.248,-0.40068261150046591,0.248,0.67874840268460745
0.2485,-0.47549638059531735,0.2485,0.69194731182884062
0.249,-0.34758899386226105,0.249,0.70868739144769088
0.2495,-0.37397491042425246,0.2495,0.71834512955416518
0.25,-0.38041050057606085,0.25,0.73733868088209753
0.2505,-0.20568432709226983,0.2505,0.74570872033430091
0.251,-0.53776077647018428,0.251,0.76051725150305205
0.2515,-0.31010169384499436,0.2515,0.77275038578653987
0.252,-0.27776287176589221,0.252,0.78916853947127663
0.2525,-0.46761277711014593,0.2525,0.80075782427572317
0.253,-0.14116762035391775,0.253,0.8149225055397733
0.2535,-0.36271262836640289,0.2535,0.82908718662843472
0.254,-0.36528686418630463,0.254,0.84325186754658121
0.2545,-0.37896249276612282,0.2545,0.85612885005557549
0.255,-0.30125276174639287,0.255,0.87093737977643781
0.2555,-0.27808465105643754,0.2555,0.88542398477300588
0.256,-0.34823255274486276,0.256,0.89862289140989737
0.2565,-0.1484076486108617,0.2565,0.91214372246696629
0.257,-0.24284982266201266,0.257,0.92791802520372402
0.2575,-0.18702113763775713,0.2575,0.94079500690383433
0.258,-0.15934813630894623,0.258,0.95656930933808637
0.2585,-0.33294803005513596,0.2585,0.96848051719419914
0.259,0.014895145027078855,0.259,0.98779598921037126
0.2595,-0.05734420246973277,0.2595,0.99680987607674199
0.26,-0.1797811077950307,0.26,1.0116184044014802
0.2605,0.098074944208580303,0.2605,1.0248173099828317
0.261,-0.010847158637121141,0.261,1.0389819890437639
0.2615,-0.050104177659080415,0.2615,1.0505712718384697
0.262,0.14569818248953756,0.262,1.0650578752433886
0.2625,0.011355578450484542,0.2625,1.0814760256563016
0.263,0.0074942330303512175,0.263,1.0927433837173077
0.2635,0.18028938088697236,0.2635,1.1069080623512382
0.264,0.01006846331786114,0.264,1.1194631183503432
0.2645,-0.0066640340864427931,0.2645,1.1339497213575278
0.265,0.059783280067131149,0.265,1.1468267017505798
0.2655,0.14038883539033697,0.2655,1.1619571536480757
0.266,0.038384994548371888,0.266,1.1764437564687253
0.2665,0.10274073482163633,0.2665,1.188676887697748
0.267,0.21536324312918353,0.267,1.2034854149285936
0.2675,0.04771657794405617,0.2675,1.2166843195957722
0.268,0.17755426302197858,0.268,1.2298832242306967
0.2685,0.16516578767271684,0.2685,1.2424382798327067
0.269,0.028731632022447509,0.269,1.2572468069247247
0.2695,0.065575296871595287,0.2695,1.2701237869839406
0.27,0.23129128022333659,0.27,1.2830007670276531
0.2705,0.10338429214099851,0.2705,1.2965215960608727
0.271,0.040154777634657433,0.271,1.3100424250852758
0.2715,0.19637830900831146,0.2715,1.3232413296046501
0.272,0.28148872568095801,0.272,1.3351525361216652
0.2725,0.13073547676876002,0.2725,1.3486733651442369
0.273,0.45943218715468642,0.273,1.3602626471694199
0.2735,0.29291186135666564,0.2735,1.3747492497127498
0.274,0.34359196649323875,0.274,1.3856946827571663
0.2745,0.36096800120214262,0.2745,1.3982497383236969
0.275,0.36981690752473234,0.275,1.414667887941248
0.2755,0.45476640092150283,0.2755,1.4230379250167153
0.276,0.40472986371024844,0.276,1.4391341501959412
0.2765,0.42451923421364912,0.2765,1.4504015078512429
0.277,0.35131464866544743,0.277,1.4623127145452421
0.2775,0.45444462255945955,0.2775,1.4767993173266127
0.278,0.28872874128898962,0.278,1.4864570525442948
0.2785,0.72216419071622706,0.2785,1.5028752024745851
0.279,0.1284830263750372,0.279,1.5138206358067507
0.2795,0.5572528029662861,0.2795,1.5263756917357627
0.28,0.38687116290740503,0.28,1.5376430496671061
0.2805,0.2169721357998228,0.2805,1.5498761811880086
0.281,0.44961794711097114,0.281,1.5640408598635824
0.2815,0.10434962811706361,0.2815,1.5749862934417833
0.282,0.41599210716759094,0.282,1.5859317270714193
0.2825,0.2510806586012056,0.2825,1.599452556923566
0.283,0.41920989097275818,0.283,1.6139391604323015
0.2835,0.3429484096397119,0.2835,1.6255284433140063
0.284,0.34391374491966242,0.284,1.6371177262650172
0.2845,0.18447250227973533,0.2845,1.6490289338174735
0.285,0.14585907179400862,0.285,1.6612620659805586
0.2855,0.49257535749751818,0.2855,1.671885575560583
0.286,0.12349545757982151,0.286,1.6831529342795508
0.2865,0.46345441664171816,0.2865,1.6947422176148037
0.287,0.14408928943977464,0.287,1.7079411237394904
0.2875,0.34761419680733652,0.2875,1.7185646336301585
0.288,0.38831916569712677,0.288,1.7285442945059586
0.2885,0.22035081038245105,0.2885,1.742708974577563
0.289,0.26652602632072697,0.289,1.7546201829307386
0.2895,0.51799584649280972,0.2895,1.7636340704025284
0.29,0.66343964807026845,0.29,1.778442599953848
0.2905,0.52330518904662504,0.2905,1.7874564875900276
0.291,0.67647166981119211,0.291,1.8003334700396079
0.2915,0.47165976472733884,0.2915,1.8093473578345836
0.292,0.38960627928468167,0.292,1.819970868536894
0.2925,0.57285905172494123,0.2925,1.831238228477486
0.293,0.75080246125871486,0.293,1.8428275131029019
0.2935,0.67486277823763641,0.2935,1.8550606470037183
0.294,0.74855001299779189,0.294,1.8643964598089175
0.2945,0.73020864869263491,0.2945,1.8743761218623483
0.295,0.73278287525131069,0.295,1.8856434823581913
0.2955,0.73777043921800778,0.2955,1.8991643151146467
0.296,0.7924727547260314,0.296,1.9081782037187571
0.2965,0.77767095148874354,0.2965,1.920733262981686
0.297,0.79729942973605139,0.297,1.9284594533772121
0.2975,0.79552964889657296,0.2975,1.9394048898768776
0.298,0.68773391083486068,0.298,1.9490626280696366
0.2985,0.77010916077300418,0.2985,1.960651914032927
0.299,0.68853835662300544,0.299,1.9709535016787554
0.2995,0.57993817482245802,0.2995,1.9838304864016738
0.3,0.40424719612856724,0.3,1.9938101496906799
0.3005,0.69980059767101666,0.3005,2.0044336623497707
0.301,0.66569209627186277,0.301,2.0128037027191974
0.3015,0.67711522644068456,0.3015,2.0250368387927487
0.302,0.72731264381782579,0.302,2.0346945779250003
0.3025,0.60584132957049086,0.3025,2.0478934882563995
0.303,0.59924487404284976,0.303,2.0546539058266475
0.3035,0.4898402415501561,0.3035,2.0678528164863343
0.304,0.58492573880587218,0.304,2.0765447821637291
0.3045,0.56401014780960346,0.3045,2.0871682959018476
0.305,0.6006928764772852,0.305,2.0968260357917905
0.3055,0.61275956339854665,0.3055,2.1055180017983028
0.306,0.61372489834995891,0.306,2.1167853652908271
0.3065,0.57655950243868082,0.3065,2.1254773315313438
0.307,0.53054520157693386,0.307,2.1367446953310565
0.3075,0.60262354638849558,0.3075,2.1454366618115164
0.308,0.49788470019414433,0.308,2.156704025926115
0.3085,0.49804558936626819,0.3085,2.1624986703982945
0.309,0.72924331373393736,0.309,2.1779510558942259
0.3095,0.68435523852585756,0.3095,2.1837457005449461
0.31,0.7284388679353514,0.31,2.1934034417395818
0.3105,0.76833937997342905,0.3105,2.202739258359808
0.311,0.67872411801460697,0.311,2.2104654515240201
0.3115,0.67759789391283176,0.3115,2.2223766661634636
0.312,0.78587629891259114,0.312,2.2294590101064986
0.3125,0.7244166389467751,0.3125,2.2413702250956269
0.313,0.78072784562058972,0.313,2.2481306445128202
0.3135,0.80116076975960715,0.3135,2.2593980103692544
0.314,0.76286914842538966,0.314,2.2690557526938022
0.3145,0.84315284351936937,0.3145,2.2771038714129248
0.315,0.81017056320397052,0.315,2.2861177645039925
0.3155,0.74082733326845063,0.3155,2.2951316577290335
0.316,0.67856322885720188,0.316,2.3047894006202458
0.3165,0.78104962395069732,0.3165,2.3128375198159552
0.317,0.85055374562087294,0.317,2.3212075638959511
0.3175,0.70301838083320123,0.3175,2.3298995328749985
0.318,0.64316761424868585,0.318,2.3392353515531568
0.3185,0.85184085903698858,0.3185,2.3472834712249617
0.319,0.87340000908927995,0.319,2.3534000422514598
0.3195,0.84685329456143343,0.3195,2.3624139365161958
0.32,0.72940420289369023,0.32,2.3736813045506144
0.3205,0.59200486185669288,0.3205,2.37979787586479
0.321,0.64381117087845885,0.321,2.3862363720581201
0.3215,0.71942907501051223,0.3215,2.3975037405783275
0.322,0.8732391199073728,0.322,2.4026545376937869
0.3225,0.74774556719105378,0.3225,2.412312282417659
0.323,0.73117398365176856,0.323,2.4181069293353952
0.3235,0.80116076975960715,0.3235,2.4271208246660425
0.324,0.73149576197157784,0.324,2.436134720150311
0.3245,0.71878551837430704,0.3245,2.4441828412492455
0.325,0.77927984313614651,0.325,2.4519090376212098
0.3255,0.74983712628937382,0.3255,2.4606010086776515
0.326,0.75128512874359787,0.326,2.4660737312701078
0.3265,0.76238648093686778,0.3265,2.4741218528361886
0.327,0.76142114596030452,0.327,2.4812041999199326
0.3275,0.64139783351652768,0.3275,2.4895742466017645
0.328,0.50689449378898332,0.328,2.4976223685431971
0.3285,0.46667220021543881,0.3285,2.5037389413057811
0.329,0.59586620169228122,0.329,2.5111432136985861
0.3295,0.90573873545390249,0.3295,2.5182255613091229
0.33,0.78635896640985714,0.33,2.5253079090223345
0.3305,0.6838725710532918,0.3305,2.5311025572281207
0.331,0.72586464138184104,0.331,2.5368972055033816
0.3315,0.56240125618310932,0.3315,2.5452672531354192
0.332,0.58219062307471781,0.332,2.5517057514136514
0.3325,0.66553120711460279,0.3325,2.5565346251795491
0.333,0.69770903861705025,0.333,2.5645827482322798
0.3335,0.71621129183108145,0.3335,2.5723089464924715
0.334,0.7358397692939278,0.334,2.5781035952713935
0.3345,0.73197842945138436,0.3345,2.5832543942465773
0.335,0.69674370366943084,0.335,2.5916244427034916
0.3355,0.67952856380167759,0.3355,2.5983848665682343
0.336,0.65990008661068822,0.336,2.6016041160626924
0.3365,0.70575349652333919,0.3365,2.6090083899861711
0.337,0.70478816157362967,0.337,2.6167345889916005
0.3375,0.75949047600907948,0.3375,2.6212415384724692
0.338,0.72554286306285887,0.338,2.6260704129663841
0.3385,0.70334015914957615,0.3385,2.6354062371356948
0.339,0.7060752748399709,0.339,2.6408789617397388
0.3395,0.72087707744257357,0.3395,2.6460297614288288
0.34,0.73230020777131732,0.34,2.6518244111509319
0.3405,0.71862462921528103,0.3405,2.6572971359586428
0.341,0.70977572548354262,0.341,2.6650233358037738
0.3415,0.65507341189272139,0.3415,2.6698522107766127
0.342,0.70044415430323159,0.342,2.6740372357965794
0.3425,0.69046902651503983,0.3425,2.6811195859227706
0.343,0.78394562892550002,0.343,2.6878800111520684
0.3435,0.84878396467721207,0.3435,2.6920650363475276
0.344,0.75932958684659069,0.344,2.6985035367284791
0.3445,0.73696599341607505,0.3445,2.7042981871548317
0.345,0.61629912488556382,0.345,2.7088051375413489
0.3455,0.60391065966178781,0.3455,2.7139559380421345
0.346,0.5931310859761294,0.346,2.7187848135690262
0.3465,0.64011072025649951,0.3465,2.7258671644427035
0.347,0.57414616501761007,0.347,2.7281206397459403
0.3475,0.56803237686827801,0.3475,2.7364906909794153
0.348,0.55741369212959557,0.348,2.7403537916058629
0.3485,0.54019855154417318,0.3485,2.7461484426135012
0.349,0.57382438669453717,0.349,2.7522650187659314
0.3495,0.59232664017659364,0.3495,2.7570938947404278
0.35,0.5464732289806844,0.35,2.7596692952835693
0.3505,0.48404823127931174,0.3505,2.7664297217870537
0.351,0.53247587157691523,0.351,2.7725462982447104
0.3515,0.5649754827846617,0.3515,2.7751216988862306
0.352,0.53617632240098601,0.352,2.7825259758226073
0.3525,0.51252561474152458,0.3525,2.7857452267072227
0.353,0.5049638237403975,0.353,2.7892864027102955
0.3535,0.51606517646638184,0.3535,2.7947591293224812
0.354,0.53022342324327776,0.354,2.7983003054058799
0.3545,0.53955499488218439,0.3545,2.8028072568305968
0.355,0.56207947785759893,0.355,2.8079580585219062
0.3555,0.59827953908605835,0.3555,2.8121430849457791
0.356,0.6006928764772852,0.356,2.8153623360714621
0.3565,0.60503688377537568,0.3565,2.8201912128096827
0.357,0.60165821143308362,0.357,2.8221227635217061
0.3575,0.60728933200107138,0.3575,2.828883191089322
0.358,0.56610170692144501,0.358,2.8295270413399973
0.3585,0.53231498241037745,0.3585,2.8353216936442767
0.359,0.52057007318898718,0.359,2.8395067203625612
0.3595,0.53151053657734215,0.3595,2.8443355974017455
0.36,0.55403501969614577,0.36,2.8478767739357598
0.3605,0.62321735869001404,0.3605,2.8527056510804045
0.361,0.65941741913891971,0.361,2.8572126031372012
0.3615,0.66714009868723545,0.3615,2.861397630094884
0.362,0.64702895402658267,0.362,2.863651106168132
0.3625,0.54759945313259939,0.3625,2.8684799835131072
0.363,0.4912882441116172,0.363,2.8716992351107105
0.3635,0.49933270274221198,0.3635,2.8762061873935618
0.364,0.49933270274221198,0.364,2.8800692893933042
0.3645,0.45653618191011291,0.3645,2.8826446907485757
0.365,0.44334326897702064,0.365,2.8881174186874063
0.3655,0.43690770159871739,0.3655,2.8903708949208391
0.366,0.42612812609570455,0.366,2.8939120718866476
0.3665,0.39443295521053173,0.3665,2.8974532488862041
0.367,0.36869068309250042,0.367,2.9016382762929305
0.3675,0.35260176234835922,0.3675,2.9048575281764841
0.368,0.35404976523742837,0.368,2.9071110045116795
0.3685,0.34150040671595605,0.3685,2.9112960320279053
0.369,0.34648797232292911,0.369,2.9090425556671002
0.3695,0.34327018806658866,0.3695,2.9183783863947692
0.37,0.32380259282420432,0.37,2.9187003115965156
0.3705,0.31624079939632427,0.3705,2.9225634140395909
0.371,0.3072310027941153,0.371,2.9235291896567461
0.3715,0.32090658684640033,0.3715,2.9293238434134383
0.372,0.32895104784786894,0.372,2.933508871184054
0.3725,0.34037418221651206,0.3725,2.9341527216145886
0.373,0.36466845295646239,0.373,2.937693899002995
0.3735,0.36016355516486104,0.3735,2.9405912259829443
0.374,0.34729241838349995,0.374,2.9428447025389861
0.3745,0.35163642708650611,0.3745,2.9457420295603214
0.375,0.36000266595724389,0.375,2.9505709079810969
0.3755,0.37335647000950967,0.3755,2.9541120855309781
0.376,0.38333160051580989,0.376,2.9553997864668924
0.3765,0.38477960331525213,0.3765,2.9573313378794595
0.377,0.37576980805305538,0.377,2.960550590256958
0.3775,0.37560891885050957,0.3775,2.9631259921798887
0.378,0.35630221416717467,0.378,2.9660233193654655
0.3785,0.34568352626095611,0.3785,2.9673110203444146
0.379,0.32235458983774745,0.379,2.9711741233093054
0.3795,0.30739189202087408,0.3795,2.9708521980606228
0.38,0.29516431060547377,0.38,2.9763249273280619
0.3805,0.29355541828620524,0.3805,2.9763249273280619
0.381,0.29226830442607632,0.381,2.9792222546216225
0.3815,0.28486739964825891,0.3815,2.9817976566803388
0.382,0.28036250101857568,0.382,2.9843730587579049
0.3825,0.2494717660921443,0.3825,2.9866265355912605
0.383,0.23643973649600367,0.383,2.9882361619096609
0.3835,0.23129128022333659,0.3835,2.9917773398361716
0.384,0.22662549165854071,0.384,2.99274311564053
0.3845,0.22324681713999617,0.3845,2.9962842936126841
0.385,0.2052272191204367,0.385,2.9985377705227676
0.3855,0.19010362714101339,0.3855,3.0014350980000124
0.386,0.18270272015905964,0.386,3.0017570232767516
0.3865,0.1428021749933375,0.3865,3.0027227991087564
0.387,0.11657721684044023,0.387,3.0078736035914875
0.3875,0.10354518147059076,0.3875,3.0081955288741984
0.388,0.089226030744804799,0.388,3.0117367070037826
0.3885,0.088260694712029228,0.3885,3.0117367070037826
0.389,0.088099805372876525,0.389,3.0133463334383102
0.3895,0.081020674348763519,0.3895,3.0159217357491643
0.39,0.082629567780802535,0.39,3.0197848392515256
0.3905,0.06460996074709506,0.3905,3.0191409886647889
0.391,0.075389547255116443,0.391,3.0194629139580069
0.3915,0.085525575932540787,0.3915,3.0220383163145996
0.392,0.084238461202543483,0.392,3.024935643988846
0.3925,0.088582473390028699,0.3925,3.0259014198856984
0.393,0.078929112871670065,0.393,3.02783297168757
0.3935,0.067827747813931485,0.3935,3.0294425981974533
0.394,0.054795709929951586,0.394,3.0304083741070187
0.3945,0.061070394924509309,0.3945,3.0320180006290256
0.395,0.060909505567711179,0.395,3.0336276271586189
0.3955,0.063161956553175372,0.3955,3.0365249549310271
0.396,0.057691718409273944,0.396,3.0384565067929881
0.3965,0.06460996074709506,0.3965,3.0384565067929881
0.397,0.059944169424677764,0.397,3.0394222827280801
0.3975,0.058174386485772986,0.3975,3.0410319092926628
0.398,0.051738812052726818,0.398,3.0429634611802294
0.3985,0.041120113857900986,0.3985,3.0442511624447142
0.399,0.043855233135536444,0.399,3.0468265649883581
0.3995,0.045464126813421386,0.3995,3.0481142662675245
0.4,0.050612586509151951,0.4,3.0471484903076904
0.4005,0.057691718409273944,0.4005,3.0506896688405631
0.401,0.045142348078722007,0.401,3.0526212207832257
0.4015,0.051899701415660554,0.4015,3.0542308474105564
0.402,0.052704148228703097,0.402,3.0551966233906427
0.4025,0.037741437059126533,0.4025,3.0561623993734974
0.403,0.03178853019920589,0.403,3.0568062500302728
0.4035,0.031144972691676487,0.4035,3.0564843247017315
0.404,0.02647918070831929,0.404,3.0590597273386861
0.4045,0.011838246623309328,0.4045,3.0593816526696922
0.405,0.0099075739257620671,0.405,3.06034742866456
0.4055,0.00234577236586896,0.4055,3.0626009059967192
0.406,0.012160025404614656,0.406,3.0635666820008476
0.4065,-0.002320020215000467,0.4065,3.0651763086805777
0.407,-0.011812495083355872,0.407,3.0635666820008476
0.4075,-0.0029635778201392744,0.4075,3.0667859353680411
0.408,-0.011008048044527775,0.408,3.0664640100299296
0.4085,-0.018087182089252682,0.4085,3.0687174874032159
0.409,-0.031119224921699482,0.409,3.0671078607064626
0.4095,-0.026453431716747543,0.4095,3.0706490394495498
0.41,-0.035624128804095274,0.41,3.0722586661633615
0.4105,-0.043829489697267097,0.4105,3.0732244421953756
0.411,-0.056700644698339769,0.411,3.0729025168510602
0.4115,-0.059435765240897914,0.4115,3.0754779196142876
0.412,-0.06748023764020554,0.412,3.0767656210033683
0.4125,-0.070698026690490648,0.4125,3.0764436956556311
0.413,-0.079225167926288989,0.413,3.0754779196142876
0.4135,-0.089682983155129278,0.4135,3.0774094716997764
0.414,-0.10303680957669777,0.414,3.0796629491470213
0.4145,-0.10368036750006186,0.4145,3.0793410237964798
0.415,-0.10721993611753641,0.415,3.0796629491470213
0.4155,-0.10818527302468324,0.4155,3.0822383519625891
0.416,-0.12169999024501194,0.416,3.0848137547981502
0.4165,-0.11381640508146017,0.4165,3.0838479787324702
0.417,-0.11848220034213237,0.417,3.0844918294426105
0.4175,-0.12346977471533119,0.4175,3.0848137547981502
0.418,-0.1202519847818346,0.418,3.0886768590890403
0.4185,-0.12845734922269658,0.4185,3.0851356801540022
0.419,-0.12877912822779908,0.419,3.0809506505523081
0.4195,-0.12990535475008677,0.4195,3.0870672322956882
0.42,-0.12620489620270206,0.42,3.0886768590890403
0.4205,-0.12652667520387542,0.4205,3.088033008370759
0.421,-0.13441026090830585,0.421,3.0902864858902301
0.4215,-0.12636578570321866,0.4215,3.0909303366129026
0.422,-0.12266532722673054,0.422,3.0928618887884554
0.4225,-0.12797468071609649,0.4225,3.0915741873368305
0.423,-0.12507866970300688,0.423,3.0928618887884554
0.4235,-0.12169999024501194,0.4235,3.0928618887884554
0.424,-0.1200910952866216,0.424,3.0935057395161532
0.4245,-0.12089554276407735,0.4245,3.0938276648804739
0.425,-0.1255613382020363,0.425,3.0947934409753222
0.4255,-0.12475689070435347,0.4255,3.095115366340901
0.426,-0.11429907355131229,0.426,3.096724993173515
0.4265,-0.13183602880434586,0.4265,3.0957592170730024
0.427,-0.13585826648270086,0.427,3.095115366340901
0.4275,-0.12974446524648081,0.4275,3.0970469185409821
0.428,-0.14325918404278201,0.428,3.1009100229751789
0.4285,-0.14695964293622121,0.4285,3.0980126946452753
0.429,-0.16642727576685798,0.429,3.0944715156100582
0.4295,-0.17286285733954207,0.4295,3.0996223214920673
0.43,-0.18428601521695204,0.43,3.1041292767050659
0.4305,-0.20182297738116728,0.4305,3.1002661722329923
0.431,-0.20954567689220513,0.431,3.0976907692768627
0.4315,-0.19393938866184143,0.4315,3.1009100229751789
0.432,-0.18846914364288933,0.432,3.1018757990908279
0.4325,-0.17109307238346325,0.4325,3.1021977244633425
0.433,-0.16996684560256242,0.433,3.101553873718629
0.4335,-0.16433571180655066,0.4335,3.102841575209319
0.434,-0.16916239790635582,0.434,3.1041292767050659
0.4345,-0.17656331685122667,0.4345,3.1034854259565603
0.435,-0.18348156745440641,0.435,3.102841575209319
0.4355,-0.19281316173183488,0.4355,3.1041292767050659
0.436,-0.18734291674895165,0.436,3.1047731274548367
0.4365,-0.20552343751920304,0.4365,3.1047731274548367
0.437,-0.21887727261119505,0.437,3.1067046797117444
0.4375,-0.23641423840907289,0.4375,3.1057389035818659
0.438,-0.25234230990532891,0.438,3.1096020081184883
0.4385,-0.27888909928572547,0.4385,3.1063827543348017
0.439,-0.29867852705153031,0.439,3.1115335604039243
0.4395,-0.31718083989996593,0.4395,3.10734853046658
0.44,-0.33037379481246548,0.44,3.1144308888535197
0.4405,-0.35547259037252665,0.4405,3.1083143066012098
0.441,-0.36866554877088037,0.441,3.1079923812226831
0.4415,-0.37526202843098644,0.4415,3.108636231980054
0.442,-0.38089316984937416,0.442,3.1102458588790305
0.4425,-0.38893765798412966,0.4425,3.1099239334986009
0.443,-0.38942032728702947,0.443,3.1092800827386933
0.4435,-0.38024961081866032,0.4435,3.1115335604039243
0.444,-0.37815804398930103,0.444,3.111855485785942
0.4445,-0.37542291818265749,0.4445,3.1121774111682767
0.445,-0.3733313514253056,0.445,3.1099239334986009
0.4455,-0.35997750285884283,0.4455,3.1115335604039243
0.446,-0.34179696404782589,0.446,3.1128212619338997
0.4465,-0.34501475836054696,0.4465,3.111855485785942
0.447,-0.33423514769344065,0.447,3.1124993365509295
0.4475,-0.31074525256340535,0.4475,3.1115335604039243
0.448,-0.29771318905223276,0.448,3.1170062919414567
0.4485,-0.28645091284588126,0.4485,3.1108897096408428
0.449,-0.28339400944710119,0.449,3.108636231980054
0.4495,-0.26247835623051524,0.4495,3.1128212619338997
0.45,-0.25861700517297931,0.45,3.1170062919414567
0.4505,-0.26103034957286902,0.4505,3.1128212619338997
0.451,-0.26440903179475106,0.451,3.108636231980054
0.4515,-0.257008108926846,0.4515,3.113143187317188
0.452,-0.26633970738269808,0.452,3.111855485785942
0.4525,-0.26601792811639152,0.4525,3.1134651127007937
0.453,-0.27728020283132693,0.453,3.111855485785942
0.4535,-0.28017621646128377,0.4535,3.1124993365509295
0.454,-0.29481717509116068,0.454,3.1134651127007937
0.4545,-0.3033443274682362,0.4545,3.1124993365509295
0.455,-0.31042347320385422,0.455,3.1124993365509295
0.4555,-0.32828222871104973,0.4555,3.1134651127007937
0.456,-0.32747778021842916,0.456,3.1147528142383982
0.4565,-0.35257657527766151,0.4565,3.11410896346896
0.457,-0.36946999749339104,0.457,3.1102458588790305
0.4575,-0.37606647719118597,0.4575,3.1147528142383982
0.458,-0.37944516203443596,0.458,3.1205474712206649
0.4585,-0.3968212568092343,0.4585,3.1150747396235943
0.459,-0.3989128239201703,0.459,3.1115335604039243
0.4595,-0.39714303636269127,0.4595,3.1166843665543498
0.46,-0.4053484152308956,0.46,3.1228009489639015
0.4605,-0.40888799058105979,0.4605,3.1163624411675621
0.461,-0.4156453619601726,0.461,3.1089581573592144
0.4615,-0.41580625175902314,0.4615,3.1166843665543498
0.462,-0.40969243953711587,0.462,3.1166843665543498
0.4625,-0.42047205600913595,0.4625,3.1157185903949416
0.463,-0.41966760698897132,0.463,3.1163624411675621
0.4635,-0.40550930501754517,0.4635,3.1170062919414567
0.464,-0.39923460347852585,0.464,3.1179720681046872
0.4645,-0.38958121705503646,0.4645,3.1170062919414567
0.465,-0.38555897291085983,0.465,3.1166843665543498
0.4655,-0.37606647719118597,0.4655,3.1173282173288817
0.466,-0.3585294952584549,0.466,3.1189378442707869
0.4665,-0.36770021030991246,0.4665,3.1179720681046872
0.467,-0.3683437692831586,0.467,3.1157185903949416
0.4675,-0.34823255274486276,0.4675,3.117650142716625
0.468,-0.34726721442203695,0.468,3.1186159188817686
0.4685,-0.34791077330320286,0.4685,3.1173282173288817
0.469,-0.3508067883040174,0.469,3.1089581573592144
0.4695,-0.34308408176433758,0.4695,3.117650142716625
0.47,-0.3411534051938529,0.47,3.1231228743570703
0.4705,-0.35177212665057517,0.4705,3.1179720681046872
0.471,-0.35563348010173568,0.471,3.1144308888535197
0.4715,-0.34919789107415267,0.4715,3.1179720681046872
0.472,-0.35627703902038066,0.472,3.1211913220028498
0.4725,-0.35820771579369803,0.4725,3.117650142716625
0.473,-0.36721754108189963,0.473,3.117650142716625
0.4735,-0.36737843082438759,0.4735,3.1182939934930682
0.474,-0.3770318157095145,0.474,3.1189378442707869
0.4745,-0.38073228009141774,0.4745,3.1186159188817686
0.475,-0.37992783130441504,0.475,3.1192597696601245
0.4755,-0.38218028791970104,0.4755,3.1208693966115977
0.476,-0.37992783130441504,0.476,3.120225545830051
0.4765,-0.38684609102431389,0.4765,3.119581695049781
0.477,-0.39762570569428857,0.477,3.1205474712206649
0.4775,-0.39360346131603041,0.4775,3.1199036204397568
0.478,-0.39826926480572183,0.478,3.1215132473944212
0.4785,-0.40502663565816555,0.4785,3.119581695049781
0.479,-0.40550930501754517,0.479,3.1182939934930682
0.4795,-0.40325684802170442,0.4795,3.1189378442707869
0.48,-0.40164795019025762,0.48,3.124088650538495
0.4805,-0.3989128239201703,0.4805,3.120225545830051
0.481,-0.40904888037189024,0.481,3.1163624411675621
0.4815,-0.39102922497551357,0.4815,3.1205474712206649
0.482,-0.38877676821687002,0.482,3.125054426722798
0.4825,-0.39617769770457867,0.4825,3.1205474712206649
0.483,-0.39038566589787554,0.483,3.120225545830051
0.4835,-0.3852371933843588,0.4835,3.1211913220028498
0.484,-0.38282384695931787,0.484,3.1211913220028498
0.4845,-0.37510113867949973,0.4845,3.1205474712206649
0.485,-0.37976694154757018,0.485,3.1205474712206649
0.4855,-0.36979177698367849,0.4855,3.1208693966115977
0.486,-0.3557943698311255,0.486,3.1218351727863123
0.4865,-0.37059622571260686,0.4865,3.1208693966115977
0.487,-0.36657398211377679,0.487,3.122479023571052
0.4875,-0.3557943698311255,0.4875,3.1215132473944212
0.488,-0.356598818480789,0.488,3.1260202029099813
0.4885,-0.36013839259312708,0.4885,3.1215132473944212
0.489,-0.36995266672909727,0.489,3.1205474712206649
0.4895,-0.35836860552598571,0.4895,3.1218351727863123
0.49,-0.36078195153208131,0.49,3.1285956060898932
0.4905,-0.36995266672909727,0.4905,3.1218351727863123
0.491,-0.36979177698367849,0.491,3.1192597696601245
0.4915,-0.36480419496651612,0.4915,3.1221570981785223
0.492,-0.36560864366707657,0.492,3.1215132473944212
0.4925,-0.36255173862920842,0.4925,3.1218351727863123
0.493,-0.36979177698367849,0.493,3.1208693966115977
0.4935,-0.37365313092441088,0.4935,3.1211913220028498
0.494,-0.37365313092441088,0.494,3.1231228743570703
0.4945,-0.38298473671968619,0.4945,3.1215132473944212
0.495,-0.38427185480932219,0.495,3.1205474712206649
0.4955,-0.383950075285798,0.4955,3.1218351727863123
0.496,-0.37831893374429554,0.496,3.1221570981785223
0.4965,-0.38507630362138756,0.4965,3.1221570981785223
0.497,-0.38378918552431479,0.497,3.1231228743570703
0.4975,-0.38362829576301744,0.4975,3.1231228743570703
0.498,-0.38169761864193735,0.498,3.1234447997505588
0.4985,-0.38314562648024031,0.4985,3.1228009489639015
0.499,-0.37831893374429554,0.499,3.120225545830051
0.4995,-0.38041050057606085,0.4995,3.1231228743570703
0.5,-0.3791233825220422,0.5,3.126664053703037
0.5005,-0.38234117767932679,0.5005,3.1231228743570703
0.501,-0.38346740600190593,0.501,3.1205474712206649
0.5015,-0.3734922411747662,0.5015,3.122479023571052
0.502,-0.37236601293240534,0.502,3.125054426722798
0.5025,-0.3773535952171011,0.5025,3.1215132473944212
0.503,-0.37622736694377934,0.503,3.1231228743570703
0.5035,-0.36850465902692786,0.5035,3.1218351727863123
0.504,-0.36850465902692786,0.504,3.1231228743570703
0.5045,-0.36705665133959459,0.5045,3.122479023571052
0.505,-0.36721754108189963,0.505,3.1221570981785223
0.5055,-0.36399974627051823,0.5055,3.1228009489639015
0.506,-0.35788593632966648,0.506,3.1244105759329428
0.5065,-0.36786110005294942,0.5065,3.122479023571052
0.507,-0.36721754108189963,0.507,3.1208693966115977
0.5075,-0.35692059794192155,0.5075,3.1234447997505588
0.508,-0.3541854725453627,0.508,3.1244105759329428
0.5085,-0.36046017206224074,0.5085,3.1231228743570703
0.509,-0.36882643851501595,0.509,3.1221570981785223
0.5095,-0.35450725200106942,0.5095,3.1234447997505588
0.51,-0.36303440784133839,0.51,3.1263421283063488
0.5105,-0.37172245394081588,0.5105,3.1234447997505588
0.511,-0.371239784699053,0.511,3.1244105759329428
0.5115,-0.37317046167602902,0.5115,3.124088650538495
0.512,-0.37043533596645428,0.512,3.125698277513933
0.5125,-0.37075711545894308,0.5125,3.1234447997505588
0.513,-0.37864071325483928,0.513,3.1234447997505588
0.5135,-0.37413580017444942,0.5135,3.124088650538495
0.514,-0.37494024892819733,0.514,3.1247325013277103
0.5145,-0.38298473671968619,0.5145,3.124088650538495
0.515,-0.3784798234994749,0.515,3.1234447997505588
0.5155,-0.38057139033364668,0.5155,3.1234447997505588
0.516,-0.37043533596645428,0.516,3.125698277513933
0.5165,-0.38604164220200787,0.5165,3.1231228743570703
0.517,-0.3876505398512804,0.517,3.125054426722798
0.5175,-0.38057139033364668,0.5175,3.1247325013277103
0.518,-0.3796060517909105,0.518,3.1276298298950231
0.5185,-0.38588075243810566,0.5185,3.1244105759329428
0.519,-0.37767537472542667,0.519,3.1253763521182054
0.5195,-0.37896249276612282,0.5195,3.124088650538495
0.52,-0.37896249276612282,0.52,3.129883307687543
0.5205,-0.38185850840100638,0.5205,3.1253763521182054
0.521,-0.38652431149483241,0.521,3.122479023571052
0.5215,-0.37526202843098644,0.5215,3.125054426722798
0.522,-0.37606647719118597,0.522,3.1273079044973739
0.5225,-0.38362829576301744,0.5225,3.1244105759329428
0.523,-0.37542291818265749,0.523,3.1260202029099813
0.5235,-0.37220512318423227,0.5235,3.1247325013277103
0.524,-0.37783626447986662,0.524,3.1253763521182054
0.5245,-0.36432152574837007,0.5245,3.1253763521182054
0.525,-0.37027444622048511,0.525,3.1244105759329428
0.5255,-0.36705665133959459,0.5255,3.125698277513933
0.526,-0.37011355647469951,0.526,3.125054426722798
0.5265,-0.36979177698367849,0.5265,3.125698277513933
0.527,-0.3796060517909105,0.527,3.125698277513933
0.5275,-0.36593042314857904,0.5275,3.1247325013277103
0.528,-0.36609131288960439,0.528,3.125698277513933
0.5285,-0.3733313514253056,0.5285,3.124088650538495
0.529,-0.38024961081866032,0.529,3.1244105759329428
0.5295,-0.36593042314857904,0.5295,3.124088650538495
0.53,-0.37236601293240534,0.53,3.1276298298950231
0.5305,-0.37574469768655283,0.5305,3.1244105759329428
0.531,-0.38121494936584316,0.531,3.124088650538495
0.5315,-0.3733313514253056,0.5315,3.1247325013277103
0.532,-0.37783626447986662,0.532,3.127951755292993
0.5325,-0.37831893374429554,0.5325,3.1253763521182054
0.533,-0.38330651624098022,0.533,3.1263421283063488
0.5335,-0.38089316984937416,0.5335,3.125698277513933
0.534,-0.37815804398930103,0.534,3.1260202029099813
0.5345,-0.3852371933843588,0.5345,3.125698277513933
0.535,-0.38411096504746711,0.535,3.1247325013277103
0.5355,-0.38153672888305379,0.5355,3.125698277513933
0.536,-0.36914821800383701,0.536,3.1263421283063488
0.5365,-0.38282384695931787,0.5365,3.1247325013277103
0.537,-0.38250206743913817,0.537,3.1231228743570703
0.5375,-0.3755838079345129,0.5375,3.1247325013277103
0.538,-0.3770318157095145,0.538,3.1289175314888249
0.5385,-0.38105405960751598,0.5385,3.124088650538495
0.539,-0.37542291818265749,0.539,3.1253763521182054
0.5395,-0.37654914644951959,0.5395,3.1244105759329428
0.54,-0.37043533596645428,0.54,3.1253763521182054
0.5405,-0.3796060517909105,0.5405,3.125054426722798
0.541,-0.38218028791970104,0.541,3.125054426722798
0.5415,-0.3683437692831586,0.5415,3.125698277513933
0.542,-0.37156156419337788,0.542,3.1263421283063488
0.5425,-0.38008872106144509,0.5425,3.1253763521182054
0.543,-0.37751448497117157,0.543,3.125054426722798
0.5435,-0.37671003620266663,0.5435,3.125054426722798
0.544,-0.37477935917707922,0.544,3.1253763521182054
0.5445,-0.371239784699053,0.5445,3.1253763521182054
0.545,-0.37751448497117157,0.545,3.125698277513933
0.5455,-0.37107889495216612,0.5455,3.1247325013277103
0.546,-0.37896249276612282,0.546,3.1260202029099813
0.5465,-0.3733313514253056,0.5465,3.1253763521182054
0.547,-0.37317046167602902,0.547,3.1260202029099813
0.5475,-0.37043533596645428,0.5475,3.125054426722798
0.548,-0.36818287953957241,0.548,3.1269859791000454
0.5485,-0.37654914644951959,0.5485,3.125054426722798
0.549,-0.38732876031993424,0.549,3.124088650538495
0.5495,-0.36914821800383701,0.5495,3.1260202029099813
0.55,-0.37429668992483056,0.55,3.125698277513933
0.5505,-0.38008872106144509,0.5505,3.1253763521182054
0.551,-0.37896249276612282,0.551,3.1244105759329428
0.5515,-0.37365313092441088,0.5515,3.125698277513933
0.552,-0.37445757967539589,0.552,3.125698277513933
0.5525,-0.37654914644951959,0.5525,3.1253763521182054
0.553,-0.38266295719913518,0.553,3.1253763521182054
0.5535,-0.37606647719118597,0.5535,3.125054426722798
0.554,-0.3791233825220422,0.554,3.1253763521182054
0.5545,-0.383950075285798,0.5545,3.1247325013277103
0.555,-0.38185850840100638,0.555,3.1247325013277103
0.5555,-0.37638825669655712,0.5555,3.1244105759329428
0.556,-0.35997750285884283,0.556,3.1253763521182054
0.5565,-0.38282384695931787,0.5565,3.1260202029099813
0.557,-0.37896249276612282,0.557,3.1247325013277103
0.5575,-0.37043533596645428,0.5575,3.125698277513933
0.558,-0.37204423343624299,0.558,3.1244105759329428
0.5585,-0.38089316984937416,0.5585,3.1253763521182054
0.559,-0.37156156419337788,0.559,3.1247325013277103
0.5595,-0.37172245394081588,0.5595,3.125698277513933
0.56,-0.3730095719269364,0.56,3.125698277513933
