l1,case 1 - const vel (T=0.049111111),case 1 - const vel (T=0.049111111),case 1 - const vel (T=0.049111111),case2 - const acc (T=0.002),case2 - const acc (T=0.002),case2 - const acc (T=0.002),case3 - smooth (T=0.002444444),case3 - smooth (T=0.002444444),case3 - smooth (T=0.002444444)
l2,servo_x[m],potent._x[m],encoder_x[m],servo_x[m],potent._x[m],encoder_x[m],servo_x[m],potent._x[m],encoder_x[m]
1,0.0,-5.8109964069350505e-06,0.0,0.0,0.0,0.0,0.0,0.0,0.0
2,0.0,3.2283428246606827e-06,0.0,0.0,0.0,0.0,0.0,6.45668538386183e-07,0.0
3,0.0,7.102315442646821e-06,0.0,0.0,0.0,0.0,0.0,8.393659893752285e-06,0.0
4,0.0,5.8110028653011215e-06,0.0,0.0,0.0,0.0,0.0,1.4204723143706584e-05,0.0
5,0.0,7.10238517956849e-06,0.0,0.0,0.0,0.0,0.0,-1.9370262502910435e-06,0.0
6,0.0,3.874028173195063e-06,0.0,0.0,0.0,0.0,0.0,7.102405485509867e-06,0.0
7,0.0,1.4850376913777235e-05,0.0,0.0,0.0,0.0,0.0,6.45668538386183e-07,0.0
8,0.0,7.10231544818398e-06,0.0,0.0,0.0,0.0,0.0,7.102498448673504e-06,0.0
9,0.0,1.7433071806986207e-05,0.0,0.0,0.0,0.0,0.0,-5.81097545867673e-06,0.0
10,0.0,3.2283428246606827e-06,0.0,0.0,0.0,0.0,0.0,6.457150265205336e-07,0.0
11,0.0,-2.0015609312780936e-05,0.0,0.0,0.0,0.0,0.0,-6.457718338603454e-07,0.0
12,0.0,1.0330672461109242e-05,0.0,0.0,0.0,0.0,0.0,-5.165348248003154e-06,0.0
13,0.0,9.039359876589716e-06,0.0,0.0,0.0,0.0,0.0,1.6141837191829886e-05,0.0
14,0.0,-1.2268001209310577e-05,0.0,0.0,-2.3889735654500575e-05,0.0,0.0,3.873944039769831e-06,0.0
15,0.0,7.102524620094505e-06,0.0,0.0,-5.294482054518296e-05,0.0,0.0,-4.519535092985602e-06,0.0
16,0.0,1.2913193010380512e-05,0.0,0.0,-2.970075260311869e-05,0.0,0.0,-3.2279552907374223e-06,0.0
17,0.0,-4.519741923218219e-06,0.0,0.0,-8.781092290105336e-05,0.0,0.0,-1.2915850036211424e-06,0.0
18,0.0,8.393755873714117e-06,0.0,0.0,-8.199990580483547e-05,0.0,0.0,-2.0661656523100052e-05,0.0
19,0.0,1.2267635524200834e-05,0.0,0.0,-2.9700752603118508e-05,0.0,0.0,-5.165255271734218e-06,0.0
20,0.0,-3.16376203367418e-05,0.0,0.0,-6.456685460476765e-05,0.0,0.0,-5.165348248003154e-06,0.0
21,0.0,0.0001220322582874775,0.0,0.0,-4.1322786544627134e-05,0.0,0.0,-6.457718322213764e-07,0.0
22,0.0,-9.362306861824416e-05,0.0,0.0,-6.456685460476764e-05,0.0,0.0,2.5827826012463087e-06,0.0
23,0.0,2.647299165800611e-05,0.0,0.0,-1.8078718720631775e-05,0.0,0.0,3.22845629677673e-06,0.0
24,0.0,1.2267182161709798e-05,0.0,0.0,-8.781092290105143e-05,0.0,0.0,-1.549556961063102e-05,0.0
25,0.0,5.8115954288044716e-06,0.0,0.0,-5.875583756757946e-05,0.0,0.0,-9.039855346769547e-06,0.0
26,0.0,1.2913797484615985e-06,0.0,0.0,-5.294482054518195e-05,0.0,0.0,-1.291724468024315e-06,0.0
27,0.0,9.684940621784005e-06,0.0,0.0,-3.551176956650977e-05,0.0,0.0,1.5496581887866774e-05,0.0
28,0.0,9.039359876589716e-06,0.0,0.0,-8.781092290105045e-05,0.0,0.0,1.2267841531342687e-05,0.0
29,0.0,4.390518295912399e-05,0.0,0.0,-5.875583756757918e-05,0.0,0.0,-9.684738724357387e-06,0.0
30,0.0,-4.132350535134536e-05,0.0,0.0,-4.713380353753386e-05,0.0,0.0,2.5822247338000237e-06,0.0
31,0.0,5.810968000893967e-06,0.0,0.0,-4.713380353753362e-05,0.0,0.0,-5.165348248003154e-06,0.0
32,0.0,-6.457239790294164e-06,0.0,0.0,-4.713380353753362e-05,0.0,0.0,-3.227862289899948e-06,0.0
33,0.0,1.420558622169642e-05,0.0,0.0,-2.9700752603117783e-05,0.0,0.0,-1.355887389838413e-05,0.0
34,0.0,1.1621822333658797e-05,0.0,0.0,-6.4566848971522475e-06,0.0,0.0,-3.2285131090330518e-06,0.0
35,0.0,-2.1952351676586116e-05,0.0,0.0,-4.132278654462693e-05,0.0,0.0,2.583200984623978e-06,0.0
36,0.0,5.811072595977485e-06,0.0,0.0,-3.551176956650929e-05,0.0,0.0,1.8079375478461089e-10,0.0
37,0.0,4.842457342546686e-05,0.0,0.0,-9.943295713778032e-05,0.0,0.0,6.464123485329571e-07,0.0
38,0.0,9.039417985660396e-06,0.0,0.0,-8.199990580483291e-05,0.0,0.0,-9.684645748088413e-06,0.0
39,0.0,9.039359876589716e-06,0.0,0.0,-8.781092290104981e-05,0.0,0.0,-7.74841495158726e-06,0.0
40,0.0,1.0976183464509862e-05,0.0,0.0,-5.8755837567577485e-05,0.0,0.0,-7.102555296966025e-06,0.0
41,0.0,7.102664071516293e-06,0.0,0.0,-4.713380353753265e-05,0.0,0.0,2.5832939559852743e-06,0.0
42,0.0,2.2599158804289277e-05,0.0,0.0,-3.551176956650905e-05,0.0,0.0,6.45668538386183e-07,0.0
43,0.0,1.2909497109240044e-06,0.0,0.0,-8.781092290104933e-05,0.0,0.0,-5.165348248003154e-06,0.0
44,0.0,7.102815121556821e-06,0.0,0.0,-4.1322786544623786e-05,0.0,4.074073333333333e-07,7.747800257143352e-06,0.0
45,0.0,1.2267635525263796e-05,0.0,0.0,-9.362194001203936e-05,0.0,8.148146666666666e-07,1.9365510464680144e-06,0.0
46,0.0,4.0676639971077585e-05,0.0,0.0,-1.807871872063242e-05,0.0,8.148146666666666e-07,6.459009790580551e-07,0.0
47,0.0,1.4850376913777235e-05,0.0,0.0,-7.618888872337965e-05,0.0,8.148146666666666e-07,-3.873535973959127e-06,0.0
48,0.0,7.10214110972583e-06,0.0,0.0,-0.00014592109467547878,0.0,1.222222e-06,-1.6787381865014395e-05,0.0
49,0.0,2.582529623385947e-06,0.000100528,0.0,-5.294482054518054e-05,0.0,2.0370366666666666e-06,-1.097710887403395e-05,0.0
50,0.0,0.00015044084386547576,0.00030158400000000003,3.333333333333333e-07,-9.362194001203614e-05,0.0,2.851851333333333e-06,1.7433556479776292e-05,0.0
51,6.548148133333333e-05,0.00046359013119081185,0.000653432,1.3333333333333332e-06,-3.551176956650921e-05,0.0,4.074073333333333e-06,-1.1622550125616729e-05,0.0
52,0.0002701111105,0.0008722976819890209,0.001156072,3e-06,-6.456685460476386e-05,0.0,5.703702666666666e-06,-7.1020904156201355e-06,5.026400000000001e-05
53,0.000589333332,0.0014153050548679105,0.00175924,5.666666666666667e-06,-6.456685460475998e-05,0.0,7.333331999999998e-06,-4.521022737856424e-06,0.00015079200000000002
54,0.0010231481458333337,0.0020706577583873916,0.002462936,1e-05,-7.618888872338012e-05,0.0,8.962961333333334e-06,2.5818528336502995e-06,0.00015079200000000002
55,0.0015797407371666667,0.0028344840561321137,0.003267160000000001,1.6e-05,-1.2267701801511542e-05,0.0,1.0999997999999998e-05,6.45110680771695e-07,0.00015079200000000002
56,0.0022427407356666665,0.0037280863955552962,0.004071384,2.4e-05,-6.4566848971493405e-06,0.0,1.3444441999999998e-05,-9.684459795550466e-06,0.00015079200000000002
57,0.0030039629561666665,0.0044770611829541545,0.004875608,3.4666666666666665e-05,1.097636572745464e-05,0.0,1.6296293333333332e-05,-3.2292104408817775e-06,0.00015079200000000002
58,0.0037979259173333327,0.005323531323904243,0.005724510965905502,4.8333333333333334e-05,-3.5511769566503234e-05,5.026400000000001e-05,1.9962959333333333e-05,-7.103531572363472e-06,0.00015079200000000002
59,0.0045918888785,0.006155150505231457,0.006534320000000002,6.500000000000001e-05,2.8409416219329176e-05,5.026400000000001e-05,2.485184733333333e-05,6.456685310025988e-06,0.00015079200000000002
60,0.00540222221,0.006964170729432019,0.0073385440000000015,8.6e-05,8.651958356734233e-05,5.026400000000001e-05,3.137036466666667e-05,-2.5829788762672255e-06,0.00015079200000000002
61,0.0062125555415,0.007780293102715641,0.008142768,0.00011166666666666668,0.00011557466668876135,0.000100528,3.870369666666667e-05,6.438089540467534e-07,0.00015079200000000002
62,0.0070147036878333326,0.008582210638210151,0.008986086032339672,0.00014133333333333334,0.00018530686467805614,0.000100528,4.6444436e-05,1.807871880910509e-05,0.000201056
63,0.007816851834166666,0.009367341143739289,0.00980148,0.00017500000000000005,0.0001039526334843988,0.00015079200000000002,5.540739733333332e-05,2.841005570350266e-05,0.000201056
64,0.008618999980500001,0.010228658894598659,0.010605704,0.00021300000000000005,0.00023760601177922233,0.000201056,6.5999988e-05,1.2269003734690075e-05,0.0002401473180799879
65,0.009421148126833331,0.011044135290849128,0.011432267332165298,0.00025600000000000004,0.00030152718995182185,0.00025132,7.903702266666666e-05,4.26147838307492e-05,0.00025132
66,0.010231481458333334,0.011891248586208743,0.012214151999999999,0.0003043333333333334,0.0003596373503838242,0.00030158400000000003,9.574072333333332e-05,9.103858959535918e-05,0.00030158400000000003
67,0.011049999975,0.01268541677820244,0.013068640000000005,0.0003576666666666667,0.00037707039822700624,0.00035184800000000004,0.00011651849733333333,0.0001246143640491098,0.00030158400000000003
68,0.0118603333065,0.013521553347853047,0.013878448631990913,0.0004156666666666667,0.00043518055675007027,0.000402112,0.0001409629373333333,0.000157543116201723,0.00035184800000000004
69,0.012662481452833331,0.01435446075359746,0.014643578398599477,0.0004776666666666667,0.0004816686825120948,0.0005026399999999916,0.00016948145066666666,0.00018530545596326462,0.000402112
70,0.013464629599166666,0.015169935648115588,0.015481311999999999,0.0005433333333333334,0.0005978889928124167,0.0005529040000000001,0.00020248144466666665,0.00022727424247713908,0.000452376
71,0.01427496293066667,0.01600477974358359,0.016285536,0.0006129999999999999,0.0006792432065370785,0.0006031680000000001,0.00023955551199999995,0.00026601433469009196,0.0005026399999999999
72,0.0151016666325,0.016792490094214005,0.017089760000000002,0.0006866666666666668,0.0007373533574419543,0.0007036960000000001,0.00028070365266666663,0.00033380950611257504,0.0005529040000000001
73,0.015928370334333333,0.017603444648289626,0.017944248000000003,0.0007643333333333332,0.0008477626401346657,0.0008042239999999889,0.00032633327399999993,0.00036092756482883803,0.0006422589159679881
74,0.016746888850999998,0.01842408362880908,0.018748472,0.0008449999999999999,0.0009174948159616244,0.000904752,0.000376444376,0.00042936877892694043,0.0007036960000000001
75,0.01757359255283333,0.01925053335404842,0.019552696,0.0009283333333333334,0.000993038004070606,0.001005279999999989,0.0004310369586666666,0.0004965179000614011,0.0007818810488319858
76,0.018400296254666663,0.020082147944149534,0.020401598764859273,0.0010156666666666669,0.001103447274569541,0.0011058079999999892,0.0004901110219999999,0.0005565634945333702,0.000854488
77,0.019226999956499995,0.020920864705742614,0.021211408,0.0011073333333333334,0.0011906124844099095,0.001156072,0.0005536665659999999,0.0006527692219684206,0.000921503181695986
78,0.020061888843499995,0.021746668299469397,0.022015632000000004,0.0012023333333333337,0.0012719666773096708,0.0012565999999999999,0.0006217035906666665,0.0006999033879671262,0.00100528
79,0.0208967777305,0.022585384828322827,0.022819856000000003,0.0013006666666666668,0.0014288640412943913,0.0013571280000000006,0.0006946295033333332,0.000789006003851838,0.0011058080000000002
80,0.02171529624716666,0.02336728291394649,0.023663173831293446,0.0014023333333333331,0.0015218402520013124,0.001457656,0.0007724443039999999,0.0008645487764707204,0.0012063323809919852
81,0.02253381476383333,0.024207289662983657,0.024478567597901988,0.0015076666666666667,0.0016322494974018629,0.001558184,0.0008547405853333332,0.0009639800223725752,0.0013012754474239839
82,0.02336051846566666,0.024987250826284894,0.025282792,0.0016173333333333337,0.00171941468745165,0.001708975999999989,0.00094111094,0.0010524369547169064,0.0013962185138559856
83,0.02417085179716666,0.025815635337877372,0.026109355131119075,0.001731,0.0019053670820338225,0.001809503999999989,0.0010307405533333332,0.0011538072581660048,0.00150792
84,0.02498118512866666,0.02660140651127423,0.02692474889772761,0.001849,0.002015776309332785,0.001910032,0.0011248516473333333,0.0012209588686584287,0.0016084480000000002
85,0.025807888830499996,0.027388468115114042,0.027745727999999997,0.001972,0.0020913194618593436,0.0020608239999999885,0.0012242590366666663,0.0013584831516639275,0.0017313117131519846
86,0.026634592532333325,0.028213625141203496,0.028499688,0.0020996666666666668,0.0022540277821282294,0.002161352,0.0013273330919999998,0.00147212202459152,0.0018262547795839836
87,0.02744492586383333,0.029055567498671542,0.029320666197550443,0.002231333333333333,0.00239349204768985,0.002312143999999986,0.0014328515913333332,0.0015663908802158908,0.0019602960000000003
88,0.028255259195333324,0.0298716844001334,0.030208664,0.0023663333333333336,0.0024632241773758228,0.0024629359999999863,0.001541221942,0.001709081272443198,0.0020664049124479835
89,0.029057407341666664,0.03069877637918643,0.031012888,0.002505333333333333,0.002660798533633487,0.002613727999999986,0.001653666366,0.001803994443532647,0.002211611978879983
90,0.029851370302833326,0.031539428049868534,0.031867376,0.002648333333333333,0.002829317824457161,0.0027142560000000013,0.0017705922706666665,0.0019608931173230744,0.002356819045311984
91,0.030653518449166663,0.03240719642385577,0.032721863999999996,0.002795333333333333,0.0029745930655498552,0.002865048,0.001891999656,0.002057742832699282,0.002462936
92,0.03144748141033333,0.03323041448787404,0.033526087999999996,0.0029466666666666664,0.0031779783881514014,0.00301584,0.0020182959293333328,0.0022010815644555376,0.002596969178175982
93,0.03224962955666666,0.03403942783643149,0.034330312000000016,0.0031013333333333327,0.0032941985646907914,0.0031666320000000004,0.0021486662760000002,0.0023508746004925396,0.002742176244607984
94,0.033059962888166664,0.034862645295195206,0.035134536,0.0032596666666666664,0.0034046077271553334,0.003367687999999986,0.0022814810666666662,0.0024993786519564064,0.0028873833110399823
95,0.03386211103449998,0.03567682333029043,0.035989024,0.003422333333333333,0.003590559989241673,0.003518479999999986,0.002416332894,0.0026246406058384646,0.003032590377471981
96,0.034664259180833316,0.03650262375195239,0.036793248000000014,0.003589333333333333,0.0038113782817039356,0.003669271999999986,0.0025540365726666662,0.0027544149182391195,0.003177797443903983
97,0.03547459251233332,0.037353603429133735,0.037597472000000014,0.0037606666666666665,0.003991519505238939,0.003870327999999986,0.0026958143246666663,0.00292551879729813,0.0033230045103359814
98,0.03628492584383331,0.038161970559591134,0.03844078963022031,0.0039356666666666654,0.0041077396422927355,0.0040211199999999865,0.0028428883720000003,0.0030856458537400744,0.003518475576767983
99,0.037095259175333316,0.03897743966805598,0.039256184000000006,0.0041140000000000005,0.004276258831062183,0.0042221759999999855,0.0029952587146666663,0.0032418958872951955,0.0036636826431999817
100,0.037905592506833306,0.039793554287400335,0.040060408000000006,0.004296,0.004468022031559,0.0043729680000000005,0.003152517945333333,0.0033884659794390514,0.00385915370963198
101,0.0387159258383333,0.040587069826835596,0.040864632000000005,0.004482333333333333,0.004706273259495031,0.0045740239999999864,0.003314666064,0.003564730127288681,0.004004360776063982
102,0.03953444435499997,0.041389624592985855,0.04170236469664571,0.004673,0.0048689814017144105,0.004775079999999986,0.0034804808486666662,0.003737770036294133,0.004199831842495986
103,0.040344777686499966,0.042225108705868174,0.042523344000000005,0.004867333333333335,0.005118854598936519,0.004976135999999986,0.003649962299333333,0.0038978971312244198,0.004395302908927986
104,0.041138740647666636,0.043048970517712455,0.043327568,0.005065999999999999,0.005246696689940358,0.005177191999999984,0.0038235178233333327,0.0041012765142278435,0.004574024
105,0.041932703608833305,0.04387799659702846,0.044182056,0.0052693333333333325,0.00549075884511421,0.005378247999999984,0.0040007400133333345,0.004283356264899557,0.004735981041791983
106,0.042734851755166635,0.044663118707820686,0.04498628,0.005477,0.005740631978812092,0.005579303999999984,0.004182036276666667,0.004484806594300962,0.004931452108223982
107,0.04352881471633329,0.04549924836803044,0.045840768,0.005688333333333333,0.005909151054642173,0.0057803599999999835,0.004368628835333334,0.004664300976474852,0.00517718717465598
108,0.04432277767749997,0.04631923538771209,0.046644992,0.005903666666666666,0.0060892921229623,0.006031679999999984,0.004561332504000001,0.004868332336531067,0.005372658241087985
109,0.0451249258238333,0.047123080649148705,0.04744921600000001,0.006123666666666665,0.0064728182247078435,0.0062327359999999835,0.0047593324680000005,0.005079462681247441,0.005568129307519983
110,0.04592707397016663,0.04797276802080353,0.048303704,0.006347333333333332,0.006658770252697418,0.006484055999999967,0.004962221320000002,0.005288013665727621,0.005813864373951982
111,0.04673740730166663,0.04882955705173779,0.049107927999999995,0.006574333333333332,0.006897021268262205,0.006685111999999983,0.00516999906,0.00550883458921343,0.006009335440383981
112,0.047555925818333296,0.049665685019414416,0.049912152,0.006804999999999999,0.007077162264934484,0.006936431999999983,0.005383073095333335,0.005722547474093181,0.0062550705068159795
113,0.048366259149833286,0.050498585498132846,0.05076664,0.0070399999999999985,0.007361901233243095,0.007137487999999985,0.005601443426000001,0.005982752356182099,0.006484056000000001
114,0.049168407296166616,0.05131469781106073,0.051570864,0.007278999999999998,0.007495554207230996,0.007388807999999984,0.0058242952373333354,0.006209380220886012,0.006696276639679982
115,0.04997874062766662,0.05214630549819931,0.052375088000000014,0.007521666666666665,0.007931379073166173,0.007640127999999984,0.006052443344000002,0.006443110967728677,0.006942011706111981
116,0.05078088877399995,0.05296435455675608,0.053218405429134655,0.007768999999999998,0.008111519995810562,0.007891447999999981,0.006286702560666668,0.006688463089248233,0.00718774677254398
117,0.05157485173516662,0.053746892460423475,0.05403380000000001,0.008020666666666666,0.008402069844108417,0.008142767999999983,0.006525850665333335,0.006944150026877018,0.007483745838975981
118,0.05237699988149995,0.054542343595470485,0.054838024000000006,0.008275999999999999,0.008680997667294259,0.008394087999999984,0.0067694802506666684,0.007200478426076031,0.007729480905407977
119,0.05317914802783328,0.05535264493815758,0.055664586728953684,0.00853533333333333,0.008762351609986814,0.008645407999999981,0.007018813538666668,0.007452290769737343,0.007975215971839983
120,0.05398129617416661,0.05619781106995633,0.05649673600000001,0.008798666666666666,0.009116822330149786,0.00894699199999996,0.007273443122000001,0.00772346882049381,0.008271215038271981
121,0.05478344432049994,0.0569842222182296,0.05730096000000001,0.009065333333333331,0.009384128086801714,0.009198311999999983,0.007533369000666669,0.007990776531970688,0.008567214104703982
122,0.05558559246683327,0.05781841262918862,0.058105184,0.009335333333333331,0.009750220708625025,0.00944963199999998,0.007799405989333335,0.008252269499219958,0.00881294917113598
123,0.056395925798333274,0.058661641323464575,0.05897642579537909,0.009609666666666666,0.010046581364630927,0.009751215999999981,0.008072776310000002,0.008550565384808357,0.009108948237567978
124,0.05720625912983328,0.059488730165621805,0.05981416000000001,0.00988833333333333,0.01031969801775781,0.010052799999999966,0.008353479962666669,0.008821745131417801,0.009410526607999953
125,0.05800840727616659,0.060293864362721425,0.060618384000000004,0.010171,0.01048821678949023,0.010304119999999983,0.008640294725333338,0.00910454683928581,0.009751204740863962
126,0.058810555422499924,0.06110610207478724,0.06142260800000001,0.010458666666666666,0.010836876282836938,0.010605703999999983,0.008932405783333338,0.009391869469692244,0.010047209436863979
127,0.05962907393916659,0.061923504803544784,0.06223800086180699,0.010751,0.011191346720415895,0.010907287999999966,0.00922859091466667,0.009693397390719498,0.010343208503295977
128,0.06045577764099992,0.06276737889676828,0.06308132000000001,0.011047,0.011493518203475842,0.011208871999999969,0.009529257526666671,0.010025268979938932,0.010689471569727977
129,0.06127429615766659,0.06361254475054776,0.063885544,0.011347,0.011842177564321264,0.011510455999999968,0.009835220434000005,0.010343578228901607,0.011013389272319953
130,0.06210099985949993,0.06442284485571106,0.064740032,0.011650333333333332,0.012074617112915008,0.011812039999999966,0.010147701858666671,0.010671582358192775,0.01135406740518396
131,0.06292770356133326,0.06524863996080503,0.06559452,0.011957,0.012394221459318396,0.012113623999999984,0.010468738837333338,0.011037668052933276,0.011694745538047958
132,0.06374622207799993,0.06602988714849807,0.06639874400000001,0.012268000000000001,0.012748691690037691,0.012415207999999983,0.01079873877733334,0.011377289426768763,0.012035423670911954
133,0.06457292577983327,0.0669196029235816,0.06720296800000003,0.012583,0.013114783846776314,0.012767055999999968,0.011136886864000006,0.011756293643251408,0.012420786901887977
134,0.06539144429649994,0.06768147576718907,0.0680462852280821,0.012902333333333332,0.013434388070288603,0.013068639999999972,0.011481960875333338,0.012097206963850998,0.012767043936639952
135,0.06620177762799995,0.06856732075820773,0.06886168,0.013225999999999998,0.01376561422610847,0.013420487999999972,0.011831923774666672,0.01246329706515134,0.013113313034751977
136,0.06702848132983329,0.06936082937658196,0.069665904,0.013553666666666664,0.014027108531405891,0.013722071999999967,0.012185553340000006,0.012854568725643934,0.01350984010118398
137,0.06785518503166663,0.07019373097250188,0.07047012799999999,0.013884999999999998,0.014393200517146982,0.014073919999999967,0.012543664386000006,0.013205166217334667,0.013889606335231954
138,0.06866551836316663,0.07101823322947139,0.07132461600000001,0.014219666666666662,0.014788347368098786,0.014375503999999982,0.01290829394933334,0.013568033443075628,0.014280548468095951
139,0.0694840368798333,0.07182207608844732,0.07212884,0.014557999999999996,0.015084707469513363,0.014727351999999968,0.013281479066666673,0.013958659274588744,0.014671490600959949
140,0.07031074058166664,0.07263043926503283,0.072933064,0.014899999999999997,0.015433366372176415,0.015079199999999966,0.01366362714533334,0.014344763222089134,0.015062432733823947
141,0.07112925909833331,0.07345429646151626,0.07378755200000002,0.015245666666666663,0.015712293463175406,0.01543104799999997,0.014053515963333341,0.014768322851111236,0.015453374866687958
142,0.07195596280016665,0.07419034387514349,0.07459177600000001,0.015595666666666662,0.0161713609071829,0.015782895999999963,0.01444951589133334,0.015161534772386383,0.015894580999551954
143,0.07277448131683333,0.07515431531216273,0.075396,0.01595,0.016485153800917942,0.016134743999999965,0.01485040470733334,0.015524390166056007,0.016285529566207976
144,0.07357662946316666,0.07585032590325834,0.07625048689418949,0.016308666666666666,0.016961654055182095,0.016486591999999953,0.01525577500400001,0.01596926103810187,0.016726729265279953
145,0.07438696279466668,0.0767387543029756,0.077054712,0.01667166666666666,0.017147605352483594,0.016838439999999958,0.01566562678133334,0.016387644094816533,0.017167935398143947
146,0.07519729612616667,0.07756777677023734,0.07785893599999999,0.017038666666666664,0.01754275181950519,0.017240551999999954,0.016080774854,0.016809267291651397,0.017609141531007944
147,0.07599944427250001,0.07838195068730171,0.07869666819402169,0.017409333333333332,0.018007629947166735,0.01759239999999996,0.01650244144400001,0.0172295938812777,0.018050347663871952
148,0.07680977760400001,0.07914705787615418,0.07951206196063244,0.017784666666666664,0.018350477518930996,0.017994511999999956,0.016931033958666672,0.017681554902093173,0.018491553796735952
149,0.07761192575033335,0.0800529090310183,0.08032187200000003,0.018164666666666662,0.018716568949722567,0.018346359999999954,0.01736614499066667,0.01811544409024468,0.018932759929599946
150,0.07840588871150002,0.08086321120113439,0.081126096,0.01854833333333333,0.019030361568591884,0.018748471999999954,0.017808181947333336,0.018569989881767057,0.019424230062463944
151,0.07920803685783337,0.08169352570179614,0.08195824326046464,0.018936,0.019495239461592165,0.019150583999999953,0.018257552236000004,0.019023891468559533,0.01986543619532794
152,0.08001018500416669,0.08251092623690097,0.082784808,0.01932733333333333,0.019878763668925194,0.019552695999999956,0.018713441042,0.01949780700025521,0.020356906328191943
153,0.08081233315050003,0.08335092784543588,0.08358903200000001,0.01972233333333333,0.02039012920275152,0.019904543999999955,0.019174626143333342,0.019981413671214757,0.020848376461055952
154,0.08162266648200002,0.08415218799151603,0.08439325600000001,0.02012133333333333,0.020674866792153412,0.020306655999999954,0.019639885318000004,0.02044370710942918,0.021289582593919946
155,0.08243299981350004,0.0849766890684948,0.08519747999999999,0.02052433333333333,0.021157177342168612,0.020708767999999954,0.020109218566000002,0.02098024617594339,0.021781052726783948
156,0.08323514795983337,0.0857818271480406,0.086051968,0.02093166666666666,0.02157556715553985,0.021161143999999955,0.02058384810933334,0.021445775707961575,0.022272522859647943
157,0.08405366647650005,0.08660826476265884,0.08685619200000003,0.02134333333333333,0.021982334975400676,0.021563255999999958,0.02106540357733334,0.02192937737475071,0.022814256992511942
158,0.08487218499316672,0.08742502112000555,0.08766599962673985,0.021758666666666662,0.022389102742133106,0.021965367999999954,0.02155429237733334,0.02241943397512901,0.023305727125375954
159,0.08567433313950006,0.08830311383033226,0.08851490400000002,0.02217766666666666,0.022941144626925657,0.022367479999999964,0.022049699694666674,0.022911424202551798,0.023797197258239946
160,0.08648466647100006,0.08903722528062041,0.08931912800000001,0.02260033333333333,0.023231692948600294,0.022819855999999958,0.02255121812200001,0.02345572448186589,0.024338931391103946
161,0.08730318498766672,0.08985979282502059,0.09012335199999998,0.023026333333333333,0.023684948277443305,0.023221967999999954,0.023058032844666683,0.02393415640604899,0.02483040152396794
162,0.08811351831916674,0.09067396729761443,0.09097784000000002,0.023456333333333333,0.024114959683984454,0.02367434399999996,0.02356932904800001,0.024432607076651645,0.02537213565683194
163,0.08892385165066674,0.09151590308344572,0.091782064,0.02389066666666666,0.024603080670645247,0.024076455999999954,0.02408469932466668,0.024976259060027543,0.02591386978969594
164,0.08974237016733341,0.09233330502899827,0.092586288,0.024327999999999995,0.02499241521462818,0.02452883199999996,0.024604958489333344,0.02550763415651648,0.026455603922559943
165,0.09055270349883343,0.09315780857061426,0.09342401999301495,0.02476833333333333,0.025474725107969335,0.024981207999999953,0.025129291727333344,0.026002863874104182,0.026997338055423942
166,0.09135485164516677,0.09398812350334315,0.0942394137596257,0.025213,0.025840815702861192,0.025433583999999954,0.025657291631333345,0.026537471327511563,0.02753907218828794
167,0.09215699979150008,0.09478163781990426,0.095049224,0.025662666666666663,0.026334747394035588,0.025885959999999937,0.026190995238000014,0.027076590603333273,0.02808080632115194
168,0.09295914793783344,0.09567522452839988,0.09587020129284712,0.026117333333333333,0.026718270774623562,0.02633833599999996,0.02672999514000001,0.02761443389415088,0.028633702681023904
169,0.09376129608416676,0.09646744672286371,0.096707936,0.026575999999999995,0.027252879050701034,0.026790711999999956,0.027274291337333348,0.028172280554069562,0.029214538586879942
170,0.0945634442305001,0.09728032908760807,0.09751216,0.027038,0.027746810535586017,0.027243087999999954,0.027823883830000014,0.028717866471325886,0.029756272719743945
171,0.09536559237683344,0.09810806138812467,0.098366648,0.027504,0.028153577587494722,0.02774572799999993,0.028378772618000005,0.029301537585331876,0.03034827085260794
172,0.09617592570833344,0.09894289573913656,0.09918204035929007,0.02797433333333333,0.028728862336607045,0.028198103999999953,0.02893936510866668,0.02987489913329835,0.030940268985471937
173,0.09698625903983343,0.09979451862799688,0.10002536,0.02844966666666666,0.029106574494158186,0.028700743999999934,0.02950525389466668,0.030484391146162495,0.031532267118335934
174,0.09778840718616677,0.10062677140269476,0.100829584,0.02893,0.02957145094024675,0.029153119999999956,0.030076031568666683,0.031004812912816933,0.032124265251199935
175,0.09858237014733344,0.10145127659263474,0.101633808,0.02941366666666666,0.030059571143256504,0.02965575999999995,0.03065292035266668,0.031668533886558804,0.03271626338406394
176,0.09936814792333347,0.10230289734305903,0.10248829599999999,0.029900666666666662,0.03057674604784873,0.030158399999999915,0.03123714246866668,0.03228837216210297,0.03330826151692794
177,0.10016211088450012,0.10307962496745024,0.10329252000000004,0.03039266666666666,0.031146219452973217,0.030661039999999917,0.031827883102000014,0.03291144959150367,0.033911421474687904
178,0.10097244421600013,0.10394480489502164,0.104096744,0.030889666666666662,0.03166339420337745,0.031163679999999916,0.03242473484533335,0.03349898738643705,0.03454252178265593
179,0.10178277754750012,0.1047434826352668,0.104900968,0.031389999999999994,0.032198001734596436,0.03166631999999992,0.03302769769866668,0.034091697579393454,0.035134519915519934
180,0.10259311087900014,0.10557250683540123,0.105755456,0.031893333333333336,0.03272098728902694,0.03216895999999992,0.03363595684733335,0.034736718154211886,0.03577118907257591
181,0.1034116293956668,0.10638087225077002,0.10655968,0.032400000000000005,0.03320329612506542,0.03267159999999992,0.03424747525466668,0.0353894810349483,0.03640786627187191
182,0.10423014791233348,0.10719181673749668,0.10736390400000002,0.03291033333333334,0.03371465964370175,0.03317423999999993,0.03486266032800002,0.03594087977110536,0.0370445434711679
183,0.10504866642900017,0.10802148855824,0.108218392,0.03342500000000001,0.03426088878189795,0.03367687999999995,0.03548354910400002,0.0366097849340529,0.0376812206704639
184,0.10586718494566684,0.10883889101037007,0.10907288,0.033943333333333346,0.034778063108161936,0.03417951999999995,0.03611095639733335,0.03727803204910945,0.03831789786975989
185,0.1066857034623335,0.10966145955612272,0.109877104,0.03446500000000001,0.03526037168833372,0.034732423999999915,0.03674488220800002,0.03793402754527323,0.03895457506905589
186,0.10751240716416684,0.1105040433516524,0.11073159199999999,0.034990333333333346,0.035771734938440485,0.03523506399999994,0.03738451172133335,0.038574522368628766,0.039630354845567935
187,0.10833911086600018,0.11133177610909328,0.11158608,0.03552033333333335,0.03636445135161325,0.03578796799999992,0.038030252344666685,0.039232455683305203,0.04027819346764791
188,0.10916581456783353,0.1121504707494899,0.112390304,0.03605566666666668,0.03688743635042972,0.03634087199999992,0.03868169667066668,0.039858092437556614,0.04096513466694391
189,0.10999251826966686,0.11296270941510553,0.11324479039167258,0.03659466666666668,0.037329068075493514,0.036843511999999946,0.03933721507000002,0.04053152533288719,0.041607405244159935
190,0.11081103678633353,0.11381110404507355,0.114049016,0.03713666666666668,0.03801475934537425,0.037396415999999946,0.03999558532066668,0.04118299115315705,0.04228875306553589
191,0.1116295553030002,0.11463560993192036,0.11485324,0.037682666666666684,0.03853774413732707,0.03794931999999992,0.04065680742266668,0.04186673686933814,0.04297569426483189
192,0.11244807381966687,0.115467864606176,0.11569097169150486,0.03823300000000001,0.03900843039535082,0.03850222399999993,0.04132169619066668,0.04253048175257592,0.043662635464127894
193,0.11326659233633354,0.1163007648067782,0.11651195200000003,0.03878766666666668,0.039577902589638024,0.03905512799999992,0.04199106643933335,0.04321100582805239,0.044349576663423894
194,0.11408511085300023,0.11709556996629278,0.117316176,0.03934600000000001,0.04007764343375304,0.03960803199999992,0.042665325576000016,0.04388765484283998,0.04503651786271989
195,0.11491181455483356,0.1179123286773199,0.1181204,0.03990766666666668,0.04068198112344128,0.04016093599999996,0.04334569582266668,0.044581087879445896,0.04572345906201588
196,0.11573033307150025,0.11874845780768578,0.1189525467579478,0.040473000000000016,0.041292129669954686,0.04076410399999992,0.04403258458666668,0.04529132603872101,0.046410400261311886
197,0.1165488515881669,0.11956908915108903,0.119779112,0.041042666666666686,0.04194295469621143,0.04131700799999991,0.04472436223866668,0.04597507600782596,0.04709735030707195
198,0.11737555529000025,0.12039940814639352,0.120583336,0.04161700000000002,0.042448506215884446,0.04192017599999992,0.04542102877866668,0.046662696756774744,0.047834546659903894
199,0.11818588862150026,0.12119808732353797,0.12139872805777997,0.04219500000000002,0.04297730142524572,0.04247307999999992,0.04612217679933335,0.04740649377666684,0.048521487859199894
200,0.11900440713816693,0.12202130354486804,0.12221412182439073,0.04277633333333336,0.0436688027641394,0.043076247999999914,0.04682658407866668,0.048121230881860017,0.049258693058495895
201,0.11983111084000025,0.12281998162508947,0.123046272,0.043362333333333364,0.04427895092210209,0.043629151999999914,0.04753343580200002,0.04888376413573216,0.04999589825779189
202,0.12064144417150025,0.12363157921318979,0.12385049599999999,0.043952666666666695,0.044749636592071804,0.044232319999999915,0.04824232456200001,0.049603026833369264,0.050682839457087875
203,0.1214435923178336,0.12447739260344011,0.124704984,0.044546666666666686,0.045464381413239684,0.04483548799999993,0.04895406517333335,0.05036490185716093,0.05142004465638389
204,0.12224574046416692,0.1252857584142652,0.12552596089083368,0.045145000000000025,0.04605709655418333,0.04543865599999991,0.04966825022866668,0.05107190522016275,0.05215724985567994
205,0.1230397034253336,0.12612318016232818,0.12636369600000005,0.045747666666666686,0.046551025786091514,0.04604182399999992,0.05038528713533335,0.051818935182910614,0.052894455054976044
206,0.12384185157166695,0.1269547900357985,0.12716792000000002,0.046354333333333365,0.047265770356650645,0.04664499199999992,0.05110721293000002,0.0525394846192051,0.053631660254272115
207,0.12465218490316694,0.1277857546825809,0.127972144,0.046965000000000034,0.047817808780264405,0.047248159999999914,0.051833620205333344,0.053268441311965335,0.054368865453568206
208,0.1254461478643336,0.12862123883682977,0.128826632,0.04757900000000002,0.04843376737585272,0.047901591999999854,0.052564508961333335,0.05407160914341742,0.05510607065286427
209,0.12624011082550027,0.1294593063557608,0.12963085600000002,0.048196666666666686,0.04920662098795261,0.04850475999999992,0.05330110142000001,0.05469791458042408,0.05584327585216036
210,0.1270422589718336,0.13028898046060342,0.13043508,0.04881833333333336,0.04972960457484034,0.0491079279999999,0.05404217535933335,0.055455920349124554,0.05658048105145644
211,0.1278525923033336,0.13110896870158537,0.13128398125708166,0.049444000000000016,0.050514079865633915,0.0497613599999999,0.05478528633533335,0.05623716758621899,0.05736795025075252
212,0.12867111082000027,0.13191152652320562,0.13214405600000004,0.050073333333333366,0.05115909280359676,0.0503645279999999,0.05553002694066668,0.05694997500141146,0.058105155450048594
213,0.12948144415150026,0.13273603444140764,0.13294828,0.050707000000000016,0.051653021582768126,0.051017959999999904,0.05627761939733335,0.057687317358605224,0.058842360649344665
214,0.1302835922978336,0.13355860582891646,0.13378042655688746,0.05134600000000002,0.05242587476850453,0.0516713919999999,0.05702806370533335,0.05847436100610778,0.05962982984864076
215,0.1310939256293336,0.13442379361581572,0.13460699199999998,0.05198866666666669,0.0529256143711361,0.05232482399999991,0.057780137642666686,0.059234316668109445,0.06036703504793682
216,0.13191244414600026,0.1352321613953144,0.135411216,0.05263466666666669,0.053663601851784086,0.05297825599999986,0.058533433802000025,0.059985866646222956,0.06115450424723289
217,0.13273096266266693,0.13604182038561063,0.13621544000000002,0.053285333333333365,0.05438996740024656,0.053631687999999865,0.05928795218333335,0.06076581326248702,0.061891709446529004
218,0.1335494811793336,0.13687988925208913,0.1370420016232954,0.05394133333333336,0.054907139622231475,0.05428511999999988,0.060043692786666686,0.06150444213100622,0.06267917864582509
219,0.1343598145108336,0.1376856746381471,0.137874152,0.054601000000000025,0.055697425188703645,0.054938551999999904,0.060801470426666684,0.06232377585056098,0.06341638384512117
220,0.13516196265716693,0.13851470462629378,0.138678376,0.05526400000000002,0.05621459731215466,0.0555919839999999,0.061563322140000015,0.06310953978003728,0.06420385304441725
221,0.13597229598866692,0.1393301764972767,0.1394881829231012,0.055931000000000015,0.05697582812213226,0.05624541599999991,0.062329247926666685,0.06388434109453676,0.06494105824371332
222,0.1367826293201669,0.14011788538402595,0.14033708800000005,0.05660200000000003,0.05770219332482576,0.056949111999999906,0.06309680334266668,0.06461650281790904,0.06572852744300942
223,0.13757659228133354,0.14094885177514294,0.141141312,0.05727700000000002,0.05823098714810466,0.05760254399999991,0.06386354394400001,0.06543003554084732,0.06651599664230548
224,0.13836237005733354,0.1417882131747037,0.14194553599999998,0.05795566666666669,0.05909100339860268,0.05830623999999987,0.06462824750866668,0.06621386800757256,0.06725320184160156
225,0.13917270338883356,0.1425998127868704,0.14274975999999998,0.05863833333333336,0.05964885172735171,0.058959671999999914,0.06539172885133335,0.06697704405683065,0.06804067104089764
226,0.13999122190550026,0.14342496823201314,0.14360424800000002,0.059324666666666685,0.0603635948428189,0.05966336799999992,0.06615561760133334,0.06770986262787126,0.06881696032025829
227,0.14078518486666688,0.14425400057699106,0.14440847199999998,0.060014000000000026,0.06115969076168918,0.06036706399999987,0.06692154338800001,0.068538863044765,0.06956534543948978
228,0.14157914782783354,0.14506107847194616,0.145212696,0.06070733333333335,0.06181632456686477,0.06107075999999987,0.067690321026,0.06934400202867827,0.0703528146387859
229,0.14238129597416688,0.14588559070396695,0.14601692,0.061405666666666685,0.06253687842173404,0.06177445599999987,0.06846154310800001,0.0700361498337224,0.07114028383808198
230,0.14319162930566687,0.1466093811519158,0.146670352,0.06210833333333335,0.06317607937518031,0.06247815199999987,0.06923358000466667,0.07085484406139246,0.07187748903737805
231,0.1439692218965002,0.1471749813804225,0.14717299200000006,0.06281433333333335,0.06398379688286394,0.06318184799999987,0.07000398727200001,0.07161607240261836,0.07266495823667414
232,0.14465677745050018,0.14766504118615165,0.147625368,0.06352333333333335,0.06465786324208267,0.06388554399999986,0.07077235750266668,0.07240313175290444,0.07345242743597023
233,0.14522974041216685,0.14803113358827086,0.14791578012232484,0.06423566666666668,0.06529706405944281,0.06458923999999987,0.07153991291866668,0.07313789647761294,0.07418963263526629
234,0.1456635552260002,0.14827971175762908,0.14807774399999998,0.06495233333333335,0.06618613422426439,0.0652929359999999,0.07230746833466667,0.07389976438743336,0.07497710183456237
235,0.14597459226233353,0.1483694609331269,0.14812800800000006,0.06567300000000001,0.06675560396607971,0.06604689599999986,0.07307583856533335,0.07467133035739558,0.07576457103385845
236,0.1461792218915002,0.1483972229211675,0.14812800800000006,0.06639800000000001,0.06762724127267421,0.06675059199999987,0.07384583842533335,0.07546870442282604,0.07655204023315454
237,0.14626107374316688,0.1483959331634171,0.14812800800000006,0.06712800000000001,0.06826644192494094,0.06750455199999987,0.07461665310000001,0.07628868244696643,0.07728924543245062
238,0.14626925892833353,0.1483888308596916,0.14812800800000006,0.06786299999999999,0.06914970095626294,0.0682082479999999,0.07538746777466668,0.07703443311183769,0.07807671463174669
239,0.14626925892833353,0.14839141319964555,0.14812800800000006,0.06860166666666667,0.06981214519226647,0.06896220799999989,0.07615868985666667,0.07782278127706611,0.0788641838310428
240,0.14626925892833353,0.14838431025664728,0.14812800800000006,0.069344,0.07055013127906433,0.06971616799999984,0.07693031934600003,0.0785710851302669,0.07961254804045184
241,0.14626925892833353,0.1483868929104274,0.14812800800000006,0.07008966666666668,0.07134622646664207,0.07047012799999984,0.07770235624266668,0.07937428581622305,0.08038885822963496
242,0.14626925892833353,0.14838172791669718,0.14812800800000006,0.07083700000000001,0.07201448152101526,0.07122408799999984,0.07847439313933334,0.08013939401151086,0.08117632742893102
243,0.14626925892833353,0.14838495720448092,0.14812800800000006,0.07158666666666667,0.07282800937863702,0.07197804799999985,0.07924398559200001,0.08092192247439832,0.08191353262822712
244,0.14626925892833353,0.14839593252413144,0.14812800800000006,0.07233800000000001,0.07359504989764422,0.07273200799999985,0.08000991137866667,0.08167346812642413,0.0827010018275232
245,0.14626925892833353,0.14837979157146378,0.14812800800000006,0.07309066666666668,0.07440857768910183,0.07348596799999985,0.08077420753600001,0.08244956008780709,0.08343820702681927
246,0.14626925892833353,0.1483972241764823,0.14812800800000006,0.07384466666666667,0.0750884544632057,0.07423992799999986,0.08153850369333335,0.08320432902386064,0.08422567622611536
247,0.14626925892833353,0.14837979124600684,0.14812800800000006,0.07459900000000001,0.07590198220197657,0.07499388799999988,0.08230198503600003,0.08399590799359503,0.08496288142541143
248,0.14626925892833353,0.14839916051010293,0.14812800800000006,0.07535266666666668,0.07659929167259878,0.07579811199999985,0.08306465156400003,0.08472485700793272,0.08575035062470751
249,0.14626925892833353,0.1483952861923321,0.14812800800000006,0.07610600000000001,0.07746511757606747,0.07655207199999986,0.08382731809200003,0.08545831027408758,0.08648755582400358
250,0.14626925892833353,0.1483856022228204,0.14812800800000006,0.07685766666666667,0.07809850698138901,0.07730603199999996,0.08458876239800002,0.08627958306596069,0.08722476102329971
251,0.14626925892833353,0.1483972241764823,0.14812800800000006,0.07760566666666667,0.07887716917208915,0.07805999200000004,0.08534654003800002,0.0870014401869339,0.08796196622259576
252,0.14626925892833353,0.14838818521368824,0.14812800800000006,0.07835066666666668,0.07957447858538984,0.0788139520000001,0.08610024360466667,0.08774200980353476,0.08869917142189185
253,0.14626925892833353,0.14836300565871252,0.14812800800000006,0.079093,0.0803066534599864,0.07951764800000023,0.08685109532000003,0.08844900788921327,0.08943637662118795
254,0.14626925892833353,0.14835654969846496,0.14812800800000006,0.079831,0.08116666838254465,0.08027160800000033,0.08759828036933334,0.08923670398603406,0.090173581820484
255,0.14626925892833353,0.14847664593696655,0.14812800800000006,0.080565,0.08182330139279126,0.0810255680000003,0.08834016912333334,0.08994691860724621,0.09091078701978009
256,0.14626925892833353,0.14838172721928197,0.14812800800000006,0.08129566666666667,0.0825903417201046,0.0817292640000005,0.089077983804,0.09068620487016657,0.09164799221907616
257,0.14626925892833353,0.1483894789351418,0.14807774399999998,0.08202233333333334,0.08327021837275618,0.08248322400000044,0.08981335404066668,0.09142870761177202,0.09238519741837224
258,0.14626925892833353,0.1483462204783889,0.147826424,0.08274433333333334,0.08405469143446798,0.0831869200000005,0.090547094648,0.09213376225224958,0.09312240261766834
259,0.14622014781733353,0.14803112647477173,0.14752484000000005,0.08346133333333333,0.08472294626744263,0.08389061600000076,0.09128083525533334,0.09287109175068628,0.09385403454464294
260,0.14604825892883352,0.14759143825760845,0.14702220000000002,0.08417366666666666,0.0854318774860488,0.08459431200000084,0.09201416845533336,0.09360069471509783,0.09454654901626047
261,0.14574540707766687,0.1470852336477432,0.146469296,0.084881,0.08614080871112116,0.08529800800000072,0.09274505721133336,0.09431156165064336,0.09528375421555658
262,0.1453197774490002,0.14637694400667461,0.14575443264621807,0.08558333333333333,0.08679163082668323,0.08600170400000078,0.09347227930133334,0.09500953029375028,0.09597069541485266
263,0.14477137004283355,0.14565444333606023,0.14493903887961626,0.08628266666666666,0.0875761039238098,0.08670540000000083,0.09419501991066667,0.09575460632817466,0.09670790061414876
264,0.14410837004433355,0.14477827879208383,0.1441236451130143,0.08697899999999999,0.08820368241209069,0.08735883200000123,0.09491205681733332,0.09647838377183861,0.09739484181344482
265,0.14333077745350026,0.14401446129448447,0.14330266400000002,0.08767033333333332,0.08893004641674225,0.08806252800000099,0.09562379742866667,0.0972041145567541,0.0980817830127409
266,0.1425040737516669,0.14316541225412313,0.14249844,0.08835633333333333,0.08959249040332119,0.08876622400000105,0.09633227878133334,0.09786010217537972,0.098768724212037
267,0.14167737004983358,0.14232798641852745,0.14169421599999998,0.089039,0.09024331258042251,0.08941965600000112,0.09703709346799999,0.09858580844569156,0.09949477160755536
268,0.1408588515331669,0.14153770127061224,0.14086207004660634,0.08971799999999999,0.09089413477370041,0.09012335200000114,0.097738648896,0.09933671874572457,0.10018729774041944
269,0.14005670338683354,0.14072286692551605,0.140085768,0.09039233333333332,0.0916263097622806,0.09077678400000128,0.09843816728733333,0.10002175413305205,0.10087981180992521
270,0.13924637005533358,0.13984219162223896,0.13928154400000006,0.09106433333333333,0.09229456473339942,0.09148048000000134,0.09913442642,0.10075005411289951,0.10152208600614754
271,0.1384278515386669,0.13911646080840714,0.13847732,0.09173466666666666,0.09293376516100556,0.09213391200000137,0.09982579666466668,0.10140733739420889,0.10220343020851737
272,0.13760933302200026,0.13829776233799285,0.13762283200000006,0.092401,0.09358458743655353,0.09278734400000192,0.10051268542866668,0.10213175512706266,0.10289037140781347
273,0.13679081450533356,0.13744290845213103,0.136818608,0.093063,0.09420635516827598,0.09344077600000202,0.10119672234133334,0.10280324437899029,0.10354940040473973
274,0.1359722959886669,0.13660096367259025,0.13601438400000002,0.09372166666666666,0.09499082850738264,0.09414447200000158,0.10187749999533334,0.10345083169890623,0.10421398980640564
275,0.13515377747200022,0.13573900393587587,0.1352045776803926,0.094376,0.09558935263656719,0.09479790400000164,0.10255257394666667,0.10413071038402695,0.10488418867046781
276,0.13433525895533355,0.13494419573979985,0.13435567199999998,0.095025,0.09623436410339029,0.09540107200000227,0.10322194419533334,0.10478993376780685,0.10553760820499779
277,0.13352492562383356,0.13415261639718443,0.13355144800000002,0.09567033333333333,0.09686775377020315,0.09605450400000236,0.103886425556,0.1054401037894991,0.10617428540429387
278,0.13272277747750022,0.1333216507998548,0.13274722400000002,0.09631266666666666,0.09756506352908259,0.09670793600000184,0.104546425436,0.10609158229409954,0.10681097506905995
279,0.13192062933116688,0.13249262052380512,0.13189273861398462,0.09695066666666666,0.09816358776847581,0.09736136800000192,0.10520235124266668,0.10672755508401376,0.10745323720192401
280,0.1311102959996669,0.13166552999355535,0.13108851200000002,0.09758433333333333,0.09879697752873043,0.09796453600000264,0.105854202976,0.1073693402863063,0.10809549933478806
281,0.13030814785333356,0.1308423124944607,0.130284288,0.098214,0.09940131274392912,0.09861796800000205,0.106501980636,0.10800854725924632,0.10873776146765214
282,0.12950599970700022,0.130045567996494,0.129480064,0.09883966666666666,0.10006956806674915,0.09922113600000211,0.107144869408,0.10869486268458045,0.10938002360051617
283,0.12869566637550026,0.12920039612964387,0.1286311635475769,0.09946133333333332,0.10071457976423076,0.09987456800000218,0.10778246188466667,0.10930631666669528,0.10999434860007036
284,0.1278935182291669,0.12837072365123026,0.12782135200000005,0.10007866666666666,0.10135959150053073,0.10047773600000225,0.10841516547333337,0.10990807571091021,0.11061428386624429
285,0.1270831848976669,0.12751909738937553,0.1270003760143729,0.100692,0.10195811594044207,0.1010809040000023,0.10904379498866668,0.11052467618334942,0.11121743899866253
286,0.12625648119583358,0.12670427429729164,0.12618498224777094,0.10130166666666664,0.1025624513335419,0.10168407200000237,0.10966753561600004,0.11116385117389922,0.11184854413197241
287,0.12542977749400025,0.1258758928783726,0.125358416,0.10190699999999997,0.10316097584648574,0.10228724000000247,0.11028597994800003,0.11179597845608973,0.1124405293972547
288,0.12461125897733358,0.12507850138382975,0.124554192,0.102508,0.1037130130523143,0.10289040800000249,0.11089994279933336,0.11240031600444164,0.11303254039770051
289,0.12380092564583355,0.12420750748738194,0.12374996800000004,0.10310466666666664,0.10428829396535336,0.10349357600000257,0.1115090167626667,0.11297688584687889,0.11362453853056456
290,0.12299059231433355,0.12339268499741839,0.12289548,0.10369799999999997,0.10493330594232579,0.1040464800000026,0.11211238702333336,0.11357475050766049,0.11421653666342862
291,0.1221720737976669,0.12260627359065489,0.122091256,0.10428766666666664,0.1055143978545829,0.10464964800000268,0.11270923876666668,0.11422492844044732,0.114786182194439
292,0.12136174046616688,0.12175077213681262,0.12128703200000003,0.10487233333333333,0.10605481336889178,0.10525281600000183,0.11329997940000006,0.11476664632508352,0.11535026892915673
293,0.12055959231983356,0.1209482195242231,0.120432544,0.10545266666666664,0.10669982548084436,0.10580572000000284,0.11388542373800002,0.11535161290117088,0.11594226706202078
294,0.11975744417350022,0.1201153175728795,0.11962832000000002,0.10602933333333332,0.10727510659743367,0.10640888800000191,0.11446557178066667,0.11597016135451022,0.11649515779232728
295,0.11895529602716688,0.11929210453312487,0.11882409600000003,0.106602,0.107745791178795,0.10696179200000293,0.11504001612066668,0.11651185071817152,0.11707599932774888
296,0.11815314788083355,0.11847857143513796,0.118019872,0.107171,0.10836755974419911,0.10751469600000303,0.11560916416533334,0.11706454668404222,0.11761773346061295
297,0.11735918491966688,0.1176534209017557,0.11716538681514942,0.10773666666666666,0.10895446282993128,0.1080676000000031,0.116174645544,0.11763271260932834,0.11815946759347702
298,0.11658159232883356,0.11687410991247282,0.11636116,0.10829866666666667,0.10945420212811965,0.1086707680000021,0.11673605284933332,0.11814862001165169,0.11870120172634105
299,0.1158039997380002,0.11604766791774215,0.115556936,0.10885733333333332,0.11012245822087392,0.10922367200000321,0.11729216385933333,0.118721290219415,0.1192429358592051
300,0.1150182219620002,0.11521412182220939,0.11475271200000002,0.10941233333333332,0.110662874064197,0.10977657600000328,0.117842978574,0.11924880894462435,0.11978466999206917
301,0.11422425900083355,0.11440769548548946,0.113898224,0.10996199999999999,0.11112193701825522,0.11032948000000337,0.11838890440066667,0.11981635714377004,0.1203264041249332
302,0.11341392566933353,0.11353540731561808,0.113094,0.11050733333333332,0.11174370587930058,0.11088238400000228,0.118929533932,0.12030899192724784,0.1208178742577973
303,0.1126117775230002,0.11272123570145397,0.112289776,0.11104933333333332,0.11223182353077822,0.11143528800000232,0.119463644946,0.12086038329202575,0.12135960839066132
304,0.11181781456183353,0.1118941446220376,0.11143528800000001,0.11158733333333333,0.11280129417056335,0.11193792800000356,0.11999083003533335,0.1213639865248671,0.12185107852352536
305,0.1110156664155002,0.1110696419027078,0.11063106400000003,0.112121,0.1133475211585702,0.11249083200000362,0.12051190401466667,0.12185856463677223,0.12234254865638941
306,0.11021351826916684,0.11025417366380304,0.10982684000000004,0.11265066666666665,0.11383563893284807,0.11299347200000368,0.12102808910599999,0.12234539175490888,0.1228842827892535
307,0.10941137012283353,0.10941998426346175,0.108972352,0.113177,0.11432956767239294,0.11354637600000249,0.12153979271666668,0.12294842183558151,0.12337575292211754
308,0.10860922197650018,0.10859806083843282,0.10816812800000003,0.11369966666666667,0.11489322757731411,0.11404901600000382,0.12204701484666668,0.12336618087688464,0.12386722305498159
309,0.10780707383016684,0.10776903730310385,0.10736390400000002,0.11421766666666668,0.11541040011430957,0.11455165600000389,0.12254975549600003,0.12386592930265787,0.12435869318784565
310,0.10699674049866684,0.10694194838172036,0.10655968,0.11473066666666668,0.11589270712813361,0.11510456000000263,0.12304719985,0.12438181294351068,0.1247998993207097
311,0.10617822198200016,0.10612454481545566,0.10570519199999999,0.11523966666666667,0.11642150161129723,0.1156072000000027,0.12354016272333335,0.12486347988427011,0.12529136945357375
312,0.10536788865050016,0.10530004238679272,0.104850704,0.11574533333333335,0.11696191800208178,0.11610984000000274,0.124028644116,0.12532641152563365,0.12573257558643783
313,0.10456574050416682,0.1045123388177842,0.10404648,0.116248,0.11738030492109705,0.11661248000000277,0.12451101439866667,0.12582873004267392,0.12622404571930188
314,0.10375540717266682,0.10367427526491362,0.10320316478291598,0.11674633333333335,0.1179032886144696,0.11711512000000282,0.124986866164,0.12626454398550668,0.12666525185216593
315,0.10293688865600016,0.10283943965987444,0.102387768,0.11723966666666667,0.11838559584289476,0.11756749600000428,0.12545538459733335,0.12672814077689595,0.12710645798502998
316,0.10211837013933348,0.10202849470203917,0.101583544,0.117729,0.11885628125217705,0.11807013600000438,0.12591779192066668,0.1272194815630982,0.127547664117894
317,0.10129166643750014,0.10120657238379109,0.10075698348311005,0.11821533333333335,0.11934439949858022,0.11857277600000293,0.12637490294866668,0.12766692236469446,0.12798887025075809
318,0.1004649627356668,0.10038206917716799,0.09992483199999999,0.11869766666666667,0.11978603033221775,0.1190251520000045,0.12682549545933336,0.12809951792816734,0.12843007638362214
319,0.09963825903383346,0.09952786369907904,0.099120608,0.11917566666666668,0.12030901426304537,0.11952779200000306,0.12726916204533334,0.12850948423597636,0.1288712825164862
320,0.09881155533200013,0.09869819367710564,0.098316384,0.11964933333333334,0.12075064517978062,0.11998016800000462,0.1277059027066667,0.1289847214290462,0.12926222464935025
321,0.09799303681533343,0.09785690018482121,0.097461896,0.12011766666666668,0.12121551987086476,0.1204325440000047,0.12813653225800006,0.12940247690642417,0.12969227539110717
322,0.09717451829866676,0.09700915526222834,0.0966800146501001,0.12058266666666667,0.12173850395033584,0.12093518400000317,0.12856186551400006,0.12980728447895795,0.13009437291507836
323,0.09634781459683343,0.09620918477606114,0.095853448,0.12104533333333335,0.12219175686430887,0.12138756000000323,0.12898230988200005,0.13022438944720857,0.1304853295239712
324,0.0955211108950001,0.09537757926617754,0.095049224,0.121504,0.12257527859384226,0.12183993600000326,0.1293974579546667,0.1306266242938036,0.13088185659040322
325,0.09470259237833342,0.09453241415033949,0.09419473600000003,0.12195766666666667,0.12302272065038612,0.1222923120000033,0.1298056801026667,0.13104308205446322,0.13127838365683525
326,0.09388407386166676,0.09373373423353075,0.093340248,0.12240666666666668,0.12347016274911805,0.12274468800000335,0.1302065689186667,0.13141951228621357,0.1316581414465346
327,0.09306555534500008,0.09289115311437098,0.09253602400000002,0.12285233333333336,0.12384787364487179,0.12319706400000338,0.1306013466246667,0.13176108197949904,0.1320490835793986
328,0.09225522201350007,0.09207504311042707,0.0917318,0.12329466666666668,0.12439991270162273,0.12359917600000518,0.13099205025733335,0.13218589307672265,0.1324177008561314
329,0.09145307386716674,0.09126797233802464,0.09087731199999999,0.12373333333333335,0.1247369471057196,0.12405155200000348,0.13137827240933336,0.13259073426528648,0.13278070384512675
330,0.0906509257208334,0.09042280740206207,0.09012335199999998,0.12416766666666668,0.12521344406449014,0.12450392800000352,0.13175838345133334,0.1329490862710413,0.13312138197799078
331,0.0898405923893334,0.08963639683630692,0.08931912800000001,0.124597,0.12564345355838946,0.12490604000000362,0.13213238338333333,0.13327064932369492,0.13350675405542745
332,0.08902207387266672,0.08883126311503145,0.08846464,0.12502200000000002,0.12607346309380654,0.12530815200000542,0.13249945739066665,0.13367480247208272,0.13385300224371888
333,0.08821174054116672,0.08799190916217436,0.08766041600000002,0.12544366666666668,0.12646860702817778,0.12576052800000365,0.13286001288066665,0.13402280867000274,0.134193680376583
334,0.08740140720966671,0.08717579887487328,0.08685619200000003,0.12586266666666668,0.126892805703386,0.12616264000000374,0.13321649429733332,0.13440761756557026,0.134534358509447
335,0.08658288869300004,0.08634806766194725,0.08602963168427463,0.12627766666666668,0.1272763278290839,0.1265647520000038,0.1335697164553333,0.13472464755017283,0.13487503664231104
336,0.08576437017633337,0.08551775295265145,0.08519747999999999,0.12668766666666667,0.12777025789000696,0.12696686400000382,0.13391845713266665,0.1350306996490202,0.13518780538758754
337,0.0849458516596667,0.08472165717647238,0.08439325600000001,0.12709333333333336,0.12809567066741498,0.12736897600000383,0.13426149410733332,0.1353567534476641,0.13550612890803918
338,0.08412733314300003,0.08390942042521192,0.08358903200000001,0.127495,0.12850824761779323,0.1277710880000039,0.13459841997199998,0.13568861297676152,0.1358300675204516
339,0.08330881462633337,0.083082333566996,0.08273454400000001,0.12789266666666665,0.12892082460895551,0.12817320000000393,0.1349288273193333,0.13602307956266435,0.13613722117376728
340,0.08249029610966667,0.0822655799046426,0.08193032000000001,0.1282863333333333,0.1293334016412714,0.128575312000004,0.13525271614933332,0.13632911963827427,0.13647232965331565
341,0.08166359240783334,0.08146496228021079,0.081126096,0.12867666666666666,0.1297459787151101,0.128977424000002,0.13557090127666666,0.13662095516131678,0.13676832871974767
342,0.08084507389116667,0.0806197965633398,0.0802716113180609,0.12906299999999996,0.1301236901574618,0.12932927200000405,0.13588460492333332,0.13695735544223572,0.13706432778617972
343,0.08005111092999999,0.07978109192092753,0.079467384,0.1294443333333333,0.13045491406679888,0.1297313840000041,0.13619464190400002,0.13731309387566445,0.13736032685261176
344,0.0792407775985,0.0789565862983891,0.07866316000000001,0.1298213333333333,0.13085586936215715,0.13008323200000418,0.13650060481133333,0.13756429345655047,0.13763955583808754
345,0.07842225908183333,0.07812175332294868,0.077808672,0.13019466666666665,0.13123939185648442,0.1304853440000021,0.136800864016,0.13784901261171228,0.1379020609854758
346,0.07761192575033332,0.07730305856830465,0.07695977225165296,0.13056499999999996,0.13160548154500484,0.13083719200000424,0.13709501211066666,0.1381556948877814,0.13819806005190782
347,0.07679340723366665,0.07649469840827053,0.07620022400000001,0.1309323333333333,0.13196576031957138,0.13118904000000428,0.137382641688,0.13844880037491555,0.13849405911833984
348,0.07598307390216665,0.0756327445868632,0.075396,0.13129566666666662,0.132296984383773,0.13159115200000215,0.13766416015533334,0.1387103381987738,0.13873979418477186
349,0.07517274057066664,0.07481663604806328,0.07459177600000001,0.1316546666666666,0.13270956176674054,0.1319430000000022,0.13794160454933332,0.13896730993098894,0.13898552925120392
350,0.07436240723916664,0.07400181742148365,0.07373728800000001,0.1320096666666666,0.13307565159455212,0.13229484800000443,0.13821497486999998,0.1392087731603242,0.139281528317636
351,0.07355207390766663,0.07317860106368368,0.072933064,0.13236099999999995,0.13337782100284667,0.13264669600000223,0.1384854933393333,0.13949028907902924,0.13952726338406796
352,0.07274174057616663,0.07237928137836024,0.07212884,0.13270899999999994,0.1337148561406733,0.13299854400000224,0.1387531599573333,0.13978274868791637,0.1397729984505
353,0.07193959242983329,0.07158253965680354,0.07130227988543922,0.1330536666666666,0.13406351321172164,0.13335039200000226,0.1390159376873333,0.13997454666545994,0.14001873351693203
354,0.07114562946866662,0.07075286844737104,0.07047012799999999,0.13339499999999993,0.1344179812674568,0.13365197600000459,0.13927219689999998,0.14023214407934984,0.14026446858336408
355,0.07035985169266662,0.06993030315149694,0.069665904,0.13373233333333326,0.13478407126236447,0.13400382400000463,0.1395207153733333,0.14046846195553717,0.14045993964979606
356,0.06957407391666663,0.06913808089343383,0.06886168,0.13406466666666658,0.13506880795032128,0.1343556720000023,0.1397627153293333,0.14069573143621075,0.1407056747162281
357,0.06878011095549995,0.06828710377815227,0.06800719200000001,0.13439233333333325,0.13543489801036268,0.13465725600000478,0.13999901158266662,0.1409372183598369,0.14094025599999999
358,0.06799433317949995,0.06746130959116871,0.06720296800000003,0.13471599999999992,0.13570801284114686,0.13495884000000474,0.1402312337626666,0.14112899302104837,0.14114688084909213
359,0.06721674058866661,0.06661614280099255,0.06639874400000001,0.13503499999999993,0.1360159934198442,0.1353106880000024,0.14046060409133326,0.14133427860281572,0.1413423519155242
360,0.06642277762749994,0.06580584428169246,0.06559452,0.1353506666666666,0.13634140689025298,0.1356122720000024,0.14068630775399993,0.14160222665894787,0.1415880869819562
361,0.06561244429599994,0.06499618804120554,0.064740032,0.13566333333333325,0.1366784423016693,0.13591385600000483,0.14090793734333326,0.14183403806822228,0.14178355804838824
362,0.06479392577933328,0.06417362191487068,0.06393580800000001,0.13597166666666655,0.13700385583280686,0.13621544000000496,0.14112549285933326,0.14201547298394246,0.14197902911482024
363,0.06399177763299993,0.06335622051118507,0.06313158399999999,0.1362759999999999,0.13724210504433046,0.13651702400000496,0.14133815948733328,0.1422194930400191,0.14217450018125227
364,0.06319781467183326,0.06251169903043012,0.062277096,0.13657633333333324,0.13754427479934112,0.13681860800000503,0.14154430759799996,0.14243451745074298,0.14236997124768433
365,0.06238748134033326,0.06169042354100521,0.06147287200000001,0.1368719999999999,0.13785225553815764,0.13712019200000253,0.14174352978399993,0.14261787629511846,0.14254870400000005
366,0.061560777638499924,0.06084590382278029,0.06066864800000001,0.13716299999999992,0.13814861438816084,0.13742177600000255,0.14193704826733325,0.14280318716976176,0.14271064938054837
367,0.06074225912183327,0.06002850116594501,0.05983650315301176,0.13745033333333326,0.13843916230507491,0.13767309600000516,0.14212608526999992,0.1429633399168373,0.14290612044698037
368,0.059931925790333275,0.0592033495658837,0.05900993600000001,0.13773433333333324,0.13874133216480372,0.1379746800000026,0.14231064079199993,0.1430904787095993,0.14305134400000002
369,0.0591134072736666,0.0583743244134692,0.058205712000000014,0.13801433333333327,0.13900863629381766,0.13827626400000265,0.14249071483333325,0.1433306918628069,0.14324679857984446
370,0.05829488875699994,0.057541422787217716,0.057390321853205785,0.1382906666666666,0.13922945276411114,0.13852758400000265,0.14266752961599993,0.14353083785434367,0.14339200564627647
371,0.05746818505516661,0.05674726736741672,0.056547,0.1385636666666666,0.13950256789207288,0.13877890400000534,0.1428418999546666,0.14367291043903854,0.14355398400000002
372,0.05664148135333327,0.055935671281549894,0.055742776000000015,0.13883266666666658,0.13975825015963525,0.1390804880000027,0.14301219621999992,0.1438439939405031,0.143704776
373,0.05583114802183328,0.055115039301718245,0.054888288,0.13909733333333324,0.1400255543693372,0.13933180800000272,0.1431771961899999,0.1440015395680895,0.14385556800000002
374,0.05501262950516661,0.054291183357167004,0.05403380000000001,0.13935733333333325,0.14032191340951886,0.1395831280000028,0.14333689986466658,0.14415519775855432,0.14400636
375,0.05417774061816661,0.05349831399710529,0.053229576,0.1396129999999999,0.14053110804207075,0.13983444800000275,0.14349130724399992,0.1443075781011517,0.14415715199999998
376,0.053359222101499945,0.052658311470259414,0.052425352,0.13986433333333326,0.14076354653823198,0.14008576800000277,0.14364082573533324,0.1444044604862196,0.14426324804486865
377,0.05254070358483328,0.05190677246892483,0.051621127999999995,0.1401119999999999,0.1410076069768812,0.14033708800000286,0.14378545533866655,0.1445535699160145,0.14440847199999998
378,0.05170581469783328,0.05106870372989279,0.05076664372026346,0.1403569999999999,0.14119355779949044,0.14058840800000288,0.14392560346133326,0.14467495651751275,0.14455366217773274
379,0.05087911099599995,0.050214490394248884,0.049962415999999996,0.1405979999999999,0.14148991694492316,0.14083972800000286,0.14406249232533325,0.1448266951687154,0.14465979199999998
380,0.05005240729416662,0.04934997584147083,0.049158192,0.14083433333333326,0.14171654454496904,0.14104078400000292,0.14419612193066658,0.1449687391298761,0.14479381231059674
381,0.04922570359233328,0.04854610260020822,0.048303704,0.14106666666666656,0.14195479409034262,0.14129210400000294,0.14432649227733324,0.14508688569016348,0.14488875537702878
382,0.048415370260833285,0.04762735002510169,0.04749948,0.1412949999999999,0.1421988546185018,0.1414931600000029,0.14445278855066654,0.1452160261933265,0.14501164000000002
383,0.04761322211449996,0.046903550679014604,0.046695256,0.14151933333333322,0.14240804937169807,0.14174448000000295,0.14457338112133322,0.14531352331471237,0.145112168
384,0.04681107396816663,0.04604095866953792,0.0458742811205463,0.1417389999999999,0.14259400027492042,0.14194553600000295,0.14468867739666655,0.14542909507015464,0.145212696
385,0.046008925821833295,0.04522161661867902,0.045036544000000005,0.14195399999999989,0.1428148169865842,0.14214659200000296,0.1447990847839999,0.14551820255021014,0.14531322400000002
386,0.0451985924903333,0.04442229139471237,0.04423232,0.14216466666666655,0.14298914598032114,0.142397912000003,0.1449046032833332,0.14564733921322975,0.14541375199999998
387,0.04438007397366663,0.0436119852557475,0.043377832000000005,0.14237166666666656,0.14319252981848193,0.14259896800000305,0.14500686252399989,0.14570995261972283,0.14550867777562093
388,0.0435779258273333,0.04278748465263387,0.042523344000000005,0.1425749999999999,0.14341915753929863,0.1428000240000031,0.14510708472799988,0.14580295411007285,0.14560362084205297
389,0.04278396286616663,0.04194101514532769,0.041719120000000005,0.14277433333333325,0.1436109194696732,0.14300108000000308,0.14520526989533322,0.1459127069160675,0.14566507199999998
390,0.041973629534666636,0.04113910929104662,0.040914896,0.14297033333333325,0.14381430334804274,0.1431518720000031,0.14530060321133326,0.14602310734732904,0.1457656
391,0.04116329620316664,0.04033009540018083,0.040110672,0.1431619999999999,0.14400606530263466,0.14335292800000313,0.14539226986133322,0.14607992773332645,0.145866128
392,0.04035296287166664,0.03947137428570651,0.039256184000000006,0.14334933333333325,0.14418039436251198,0.14355398400000316,0.14548026984533322,0.14618452723932684,0.145916392
393,0.039542629540166636,0.038774698246403914,0.03845196,0.1435336666666666,0.1443663453705031,0.14375504000000322,0.14556501057066654,0.14625813287911138,0.14601692
394,0.03874048139383331,0.037928889539721504,0.037647736,0.14371433333333325,0.14451743057272115,0.14390583200000318,0.14564730685199986,0.14633755558359146,0.14607275124064514
395,0.037930148062333316,0.03701333638912657,0.036843512,0.14388966666666658,0.14466851578233147,0.1441068880000032,0.14572756609666654,0.14641373372173108,0.14616769430707716
396,0.03710344436049998,0.03622240798292564,0.03598902792111233,0.14406033333333326,0.14486608875992718,0.14425768000000322,0.14580578830466653,0.1464989755854934,0.14621797600000006
397,0.03627674065866665,0.03542372578394841,0.03518480000000001,0.1442276666666666,0.14502298495707452,0.144458736,0.14588197347599988,0.14655836847520695,0.14630731643994122
398,0.03545822214199998,0.03459017878619099,0.034380576,0.14439166666666658,0.14518569213297522,0.14460952800000326,0.14595612161066654,0.14664359402591323,0.146368768
399,0.03463970362533332,0.03375340016589296,0.033542846621253924,0.14455199999999993,0.14537745417284154,0.1447603200000033,0.14602864011599986,0.14674171845335837,0.146419032
400,0.033821185108666656,0.03292889206799258,0.032721863999999996,0.1447076666666666,0.1454936735968217,0.14491111200000328,0.14609952899199988,0.146777256695628,0.1464916176392373
401,0.03300266659199999,0.03209728415623692,0.03191764,0.1448586666666666,0.1456447588546361,0.14506190400000335,0.14616797342399987,0.14681728166115196,0.14656982400000002
402,0.032184148075333326,0.03127922757265691,0.03116368,0.14500599999999994,0.1457435453734331,0.14521269600000336,0.14623275118999987,0.146916722163636,0.146620088
403,0.03137381474383333,0.03041920437638289,0.030309192000000002,0.1451496666666666,0.14589463064370614,0.145363488,0.14629386228999988,0.14697288662384003,0.146670352
404,0.030571666597499995,0.029588882464522927,0.029504968000000006,0.1452896666666666,0.1460631488386967,0.14546401600000342,0.14635334376066655,0.14700064183598094,0.146720616
405,0.02976951845116666,0.028785685067114906,0.028700744,0.14542533333333327,0.14617355731639167,0.14561480800000343,0.14641201041666654,0.14708071664453604,0.14677088
406,0.028967370304833324,0.027945678913705696,0.027846256,0.1455566666666666,0.14631302066242846,0.1457656,0.14646986225799988,0.147162699221499,0.146821144
407,0.028173407343666662,0.027146346063973006,0.027042032000000004,0.14568433333333328,0.14639437428394478,0.14586612800000348,0.14652567706266653,0.14719563643017589,0.14687140800000004
408,0.0273794443825,0.026352182596109306,0.026237808000000005,0.14580799999999994,0.14651640472036073,0.1459666560000035,0.14657823260866654,0.14722341047193238,0.14692167200000006
409,0.02658548142133333,0.025538649608471922,0.025433584,0.14592733333333327,0.14667330100306705,0.146117448,0.1466267140813332,0.14729054266493674,0.14694399323712554
410,0.02579151846016666,0.024721238683349574,0.024579096,0.14604299999999992,0.14677789852945705,0.14621797600000358,0.1466707140733332,0.14732542115900624,0.146971936
411,0.02498937031383333,0.023923200124960294,0.023774872,0.14615533333333325,0.14688249605951895,0.14631850400000357,0.14671267702866655,0.14736286754664119,0.14702220000000002
412,0.024195407352666662,0.023118057996454278,0.022970648,0.14626299999999992,0.146992904567466,0.14641903200000358,0.14675382516933322,0.14740483357171746,0.147072464
413,0.023409629576666667,0.02230581770512067,0.022127333888580906,0.14636633333333327,0.14712655697731392,0.14656982400000002,0.14679415849533325,0.14746746296031973,0.147072464
414,0.02260748143033333,0.021434812076854017,0.021311936,0.14646633333333325,0.14723696549434948,0.146670352,0.1468340844139999,0.14749781982044116,0.147122728
415,0.02178896291366667,0.020652918630629492,0.020507712,0.14656233333333327,0.1472834532922285,0.14672061600000363,0.14687278811066656,0.1475229921751689,0.14716180363571774
416,0.020986814767333332,0.01981871369031484,0.019703488,0.14665399999999992,0.14738805084012985,0.14682114400000365,0.14690904736333324,0.14753461626429054,0.14717299200000006
417,0.02019285180616667,0.018968381668815013,0.0188657588221028,0.14674133333333325,0.1474519715656744,0.14692167200000006,0.1469416399499999,0.1475862586351749,0.14722325600000002
418,0.019398888845000004,0.018156778850397855,0.018044776,0.14682499999999993,0.14755075814423932,0.14702220000000002,0.14697015846333322,0.14760046967783408,0.14722325600000002
419,0.018613111069,0.017333557686674085,0.017240552,0.14690533333333325,0.1476379227751388,0.14707246400000373,0.1469958251253332,0.14763921382250855,0.14727352
420,0.01781096292266667,0.016514210828628813,0.016436328,0.14698133333333324,0.1477425203356314,0.14717299200000006,0.1470198621579999,0.14765987723328303,0.14727352
421,0.016992444406000003,0.015709711814667605,0.01558184,0.14705333333333326,0.14777157521420906,0.14722325600000002,0.14704349178333326,0.1477205544649399,0.147323784
422,0.016182111074500002,0.014879386530593609,0.014777616,0.14712166666666654,0.1478413069239684,0.1472735200000038,0.14706712140866654,0.14772508930385855,0.147323784
423,0.015371777743,0.014083931344412786,0.013973392,0.14718533333333322,0.14795752644391658,0.147374048,0.1470907510339999,0.14772637845720227,0.147323784
424,0.014545074041166669,0.013249727135437402,0.013118904000000002,0.14724466666666655,0.1479284715634997,0.147424312,0.14711356584466656,0.14774381575430418,0.147374048
425,0.013718370339333336,0.012432962862563124,0.012314680000000005,0.14730033333333326,0.14802144718186305,0.14747457600000002,0.1471347510259999,0.147769626993087,0.147374048
426,0.012891666637500005,0.011627815858446546,0.011460192,0.1473519999999999,0.14804469108691684,0.14752484000000005,0.1471543065779999,0.14777997076248345,0.147424312
427,0.012064962935666671,0.010784581047881759,0.010655968,0.1473999999999999,0.14809698987396103,0.14757510400000004,0.14717182509333324,0.14782128666153127,0.147424312
428,0.011246444419000004,0.009938109232778942,0.00980148,0.14744399999999988,0.1481492886619416,0.147625368,0.14718771397933322,0.14783937185976867,0.147424312
429,0.010419740717166672,0.009129092515084833,0.008997256,0.14748366666666654,0.14820158745086115,0.147625368,0.1472031954579999,0.14783934754679384,0.14747457600000002
430,0.009593037015333341,0.00832523524369114,0.008193032000000001,0.1475193333333332,0.14822483135735348,0.147675632,0.14721867693666654,0.14787165285411674,0.14747457600000002
431,0.008774518498666672,0.007526546996324237,0.00734971808942978,0.14755166666666653,0.1482306423340054,0.147725896,0.14723456582266656,0.14785808724685845,0.14747457600000002
432,0.007955999982000006,0.006700738229891464,0.006534320000000002,0.14758066666666653,0.14824807526402875,0.147725896,0.1472508621159999,0.14787617695463617,0.14752484000000005
433,0.0071456666505000065,0.005872996728322612,0.005730096,0.1476053333333332,0.14830037405472224,0.14777616000000002,0.14726675100199987,0.1479181295055812,0.14752484000000005
434,0.006343518504166672,0.005023943391478745,0.004875608,0.14762666666666655,0.14833523991570585,0.14777616000000002,0.1472818250733332,0.14790973808419197,0.14752484000000005
435,0.005533185172666672,0.004227833910024972,0.004037879022951671,0.1476449999999999,0.1483178069851624,0.14777616000000002,0.14729567692266654,0.1479226580689994,0.14752484000000005
436,0.0047146666560000045,0.0034175217582919663,0.0032168960000000003,0.14765999999999987,0.1482887521011549,0.147826424,0.14730830654999988,0.1479626892329491,0.14757510400000004
437,0.003904333324500005,0.0025833219168491573,0.0024126720000000003,0.1476723333333332,0.1483410508925787,0.147826424,0.14732012136266653,0.14797947649241458,0.14757510400000004
438,0.0030858148078333385,0.0018969728830892103,0.00175924,0.14768233333333322,0.14836429480018087,0.147826424,0.14733152876799988,0.14798592184136386,0.14757510400000004
439,0.002291851846666672,0.0012332283522593398,0.0012063360000000001,0.14768999999999988,0.14836429480017907,0.14777616000000002,0.14734252876599988,0.14797432248192885,0.14757510400000004
440,0.001596111107500005,0.0007722223572417885,0.00075396,0.14769566666666653,0.14834105089257954,0.14777616000000002,0.14735352876399987,0.14799045049781437,0.147625368
441,0.0010313333310000051,0.0003880444597157981,0.000402112,0.14769999999999986,0.14834105089257998,0.14777616000000002,0.14736452876199987,0.14801240306453475,0.147625368
442,0.0005893333320000048,0.0001543147813802072,0.000201056,0.14770366666666654,0.1483468618694619,0.147725896,0.14737471394533322,0.14802854921088518,0.147625368
443,0.0002619259253333381,3.228284690657942e-05,0.00015079200000000002,0.14770599999999987,0.1483759167540518,0.147725896,0.14738408431399988,0.14802854921088518,0.147625368
444,4.911111100000477e-05,2.3890901355280866e-05,0.00015079200000000002,0.14770666666666654,0.14835267284635723,0.147725896,0.1473926398679999,0.1480162907471551,0.147625368
445,-4.9111110999995224e-05,1.807930331416113e-05,0.00015079200000000002,0.14770666666666654,0.14835848382326358,0.147725896,0.1474003806073332,0.14803821811773318,0.147625368
446,-6.548148133332856e-05,3.615685435529167e-05,0.00015079200000000002,0.14770666666666654,0.14834686186946416,0.147725896,0.14740771393933322,0.14804534107302658,0.147675632
447,-6.548148133332856e-05,-1.6784451756561044e-05,0.00015079200000000002,0.14770666666666654,0.14834105089258043,0.147725896,0.14741504727133325,0.14805825436419925,0.147675632
448,-6.548148133332856e-05,3.1638346862156874e-05,0.00015079200000000002,0.14770666666666654,0.14835267284635578,0.147725896,0.14742238060333324,0.14804211277348564,0.147675632
449,-6.548148133332856e-05,-8.395457648927733e-06,0.00015079200000000002,0.14770666666666654,0.14838172773100416,0.147725896,0.14742971393533325,0.1480285283844337,0.147675632
450,-6.548148133332856e-05,2.3244658222001026e-05,0.00015079200000000002,0.14770666666666654,0.1483526728463581,0.147725896,0.1474366398599999,0.14809763758288266,0.147675632
451,-6.548148133332856e-05,1.0331288346197244e-05,0.00015079200000000002,0.14770666666666654,0.14833523991570788,0.147725896,0.14744275096999993,0.1480750346975267,0.147675632
452,-6.548148133332856e-05,1.485156219420544e-05,0.00015079200000000002,0.14770666666666654,0.14834686186946272,0.147725896,0.1474484546726666,0.14808538395360468,0.147675632
453,-6.548148133332856e-05,1.4850376913777235e-05,0.00015079200000000002,0.14770666666666654,0.14834105089257993,0.147725896,0.14745375096799992,0.1480640724067611,0.147675632
454,-6.548148133332856e-05,7.74564184499394e-06,0.0,0.14770666666666654,0.1483875387079677,0.147725896,0.1474586398559999,0.14806337295156297,0.147725896
455,-6.548148133332856e-05,2.066139393617513e-05,0.0,0.14770666666666654,0.1483410508925804,0.147725896,0.1474635287439999,0.14808924397604295,0.147725896
456,-6.548148133332856e-05,9.039359876589716e-06,0.0,0.14770666666666654,0.14835267284635809,0.147725896,0.14746882503933326,0.14809893129220084,0.147725896
457,-6.548148133332856e-05,2.3892133069395646e-05,0.0,0.14770666666666654,0.1483468618694612,0.147725896,0.1474745287419999,0.14808086213068378,0.147725896
458,-6.548148133332856e-05,7.104755689172861e-06,0.0,0.14770666666666654,0.14837010577711027,0.147725896,0.14748023244466654,0.14805046165921487,0.147725896
459,-6.548148133332856e-05,4.517273238358789e-06,0.0,0.14770666666666654,0.14835267284635706,0.147725896,0.1474855287399999,0.14811633586416675,0.147725896
460,-6.548148133332856e-05,1.2266496751162744e-05,0.0,0.14770666666666654,0.1483410508925804,0.147725896,0.1474904176279999,0.14817961563242507,0.147725896
